"raceId","year","round","positionDisplayOrder","positionNumber","positionText","driverNumber","driverId","constructorId","engineManufacturerId","tyreManufacturerId","time","timeMillis","q1","q1Millis","q2","q2Millis","q3","q3Millis","gap","gapMillis","interval","intervalMillis","laps"
1083,2023,4,1,1,"1","16","charles-leclerc","ferrari","ferrari","pirelli",,,"1:42.820",102820,"1:42.500",102500,"1:41.697",101697,,,,,14
1083,2023,4,2,2,"2","11","sergio-perez","red-bull","honda-rbpt","pirelli",,,"1:43.858",103858,"1:42.925",102925,"1:41.844",101844,"+0.147",147,"+0.147",147,15
1083,2023,4,3,3,"3","1","max-verstappen","red-bull","honda-rbpt","pirelli",,,"1:43.288",103288,"1:42.417",102417,"1:41.987",101987,"+0.290",290,"+0.143",143,13
1083,2023,4,4,4,"4","63","george-russell","mercedes","mercedes","pirelli",,,"1:43.763",103763,"1:43.112",103112,"1:42.252",102252,"+0.555",555,"+0.265",265,18
1083,2023,4,5,5,"5","55","carlos-sainz-jr","ferrari","ferrari","pirelli",,,"1:43.622",103622,"1:42.909",102909,"1:42.287",102287,"+0.590",590,"+0.035",35,15
1083,2023,4,6,6,"6","44","lewis-hamilton","mercedes","mercedes","pirelli",,,"1:43.561",103561,"1:43.061",103061,"1:42.502",102502,"+0.805",805,"+0.215",215,17
1083,2023,4,7,7,"7","23","alexander-albon","williams","mercedes","pirelli",,,"1:43.987",103987,"1:43.376",103376,"1:42.846",102846,"+1.149",1149,"+0.344",344,17
1083,2023,4,8,8,"8","14","fernando-alonso","aston-martin","mercedes","pirelli",,,"1:43.789",103789,"1:42.976",102976,"1:43.010",103010,"+1.313",1313,"+0.164",164,16
1083,2023,4,9,9,"9","18","lance-stroll","aston-martin","mercedes","pirelli",,,"1:43.879",103879,"1:43.375",103375,"1:43.064",103064,"+1.367",1367,"+0.054",54,17
1083,2023,4,10,10,"10","4","lando-norris","mclaren","mercedes","pirelli",,,"1:43.938",103938,"1:43.395",103395,,,,,,,12
1083,2023,4,11,11,"11","81","oscar-piastri","mclaren","mercedes","pirelli",,,"1:44.179",104179,"1:43.427",103427,,,,,,,12
1083,2023,4,12,12,"12","27","nico-hulkenberg","haas","ferrari","pirelli",,,"1:44.843",104843,"1:43.806",103806,,,,,,,12
1083,2023,4,13,13,"13","31","esteban-ocon","alpine","renault","pirelli",,,"1:44.433",104433,"1:44.088",104088,,,,,,,11
1083,2023,4,14,14,"14","20","kevin-magnussen","haas","ferrari","pirelli",,,"1:44.101",104101,"1:44.332",104332,,,,,,,11
1083,2023,4,15,15,"15","2","logan-sargeant","williams","mercedes","pirelli",,,"1:44.042",104042,,,,,,,,,6
1083,2023,4,16,16,"16","24","guanyu-zhou","alfa-romeo","ferrari","pirelli",,,"1:45.177",105177,,,,,,,,,6
1083,2023,4,17,17,"17","77","valtteri-bottas","alfa-romeo","ferrari","pirelli",,,"1:45.352",105352,,,,,,,,,6
1083,2023,4,18,18,"18","22","yuki-tsunoda","alphatauri","honda-rbpt","pirelli",,,"1:45.436",105436,,,,,,,,,6
1083,2023,4,19,19,"19","10","pierre-gasly","alpine","renault","pirelli",,,"1:46.951",106951,,,,,,,,,3
1083,2023,4,20,20,"20","21","nyck-de-vries","alphatauri","honda-rbpt","pirelli",,,"1:48.180",108180,,,,,,,,,6
1088,2023,9,1,1,"1","1","max-verstappen","red-bull","honda-rbpt","pirelli",,,"1:06.236",66236,"1:05.371",65371,"1:04.440",64440,,,,,23
1088,2023,9,2,2,"2","11","sergio-perez","red-bull","honda-rbpt","pirelli",,,"1:06.924",66924,"1:05.836",65836,"1:04.933",64933,"+0.493",493,"+0.493",493,23
1088,2023,9,3,3,"3","4","lando-norris","mclaren","mercedes","pirelli",,,"1:06.723",66723,"1:05.699",65699,"1:05.010",65010,"+0.570",570,"+0.077",77,23
1088,2023,9,4,4,"4","27","nico-hulkenberg","haas","ferrari","pirelli",,,"1:06.548",66548,"1:06.091",66091,"1:05.084",65084,"+0.644",644,"+0.074",74,23
1088,2023,9,5,5,"5","55","carlos-sainz-jr","ferrari","ferrari","pirelli",,,"1:06.187",66187,"1:05.434",65434,"1:05.136",65136,"+0.696",696,"+0.052",52,18
1088,2023,9,6,6,"6","16","charles-leclerc","ferrari","ferrari","pirelli",,,"1:07.061",67061,"1:05.673",65673,"1:05.245",65245,"+0.805",805,"+0.109",109,23
1088,2023,9,7,7,"7","14","fernando-alonso","aston-martin","mercedes","pirelli",,,"1:06.611",66611,"1:05.759",65759,"1:05.258",65258,"+0.818",818,"+0.013",13,24
1088,2023,9,8,8,"8","18","lance-stroll","aston-martin","mercedes","pirelli",,,"1:06.569",66569,"1:05.914",65914,"1:05.347",65347,"+0.907",907,"+0.089",89,24
1088,2023,9,9,9,"9","31","esteban-ocon","alpine","renault","pirelli",,,"1:06.840",66840,"1:05.604",65604,"1:05.366",65366,"+0.926",926,"+0.019",19,24
1088,2023,9,10,10,"10","20","kevin-magnussen","haas","ferrari","pirelli",,,"1:06.629",66629,"1:05.730",65730,"1:05.912",65912,"+1.472",1472,"+0.546",546,23
1088,2023,9,11,11,"11","23","alexander-albon","williams","mercedes","pirelli",,,"1:06.892",66892,"1:06.152",66152,,,,,,,18
1088,2023,9,12,12,"12","10","pierre-gasly","alpine","renault","pirelli",,,"1:06.873",66873,"1:06.360",66360,,,,,,,16
1088,2023,9,13,13,"13","22","yuki-tsunoda","alphatauri","honda-rbpt","pirelli",,,"1:06.896",66896,"1:06.369",66369,,,,,,,18
1088,2023,9,14,14,"14","21","nyck-de-vries","alphatauri","honda-rbpt","pirelli",,,"1:06.704",66704,"1:06.593",66593,,,,,,,18
1088,2023,9,15,15,"15","63","george-russell","mercedes","mercedes","pirelli",,,"1:06.653",66653,,,,,,,,,10
1088,2023,9,16,16,"16","24","guanyu-zhou","alfa-romeo","ferrari","pirelli",,,"1:07.062",67062,,,,,,,,,9
1088,2023,9,17,17,"17","81","oscar-piastri","mclaren","mercedes","pirelli",,,"1:07.106",67106,,,,,,,,,10
1088,2023,9,18,18,"18","44","lewis-hamilton","mercedes","mercedes","pirelli",,,"1:07.282",67282,,,,,,,,,9
1088,2023,9,19,19,"19","77","valtteri-bottas","alfa-romeo","ferrari","pirelli",,,"1:07.291",67291,,,,,,,,,9
1088,2023,9,20,20,"20","2","logan-sargeant","williams","mercedes","pirelli",,,"1:07.426",67426,,,,,,,,,10
1091,2023,12,1,1,"1","1","max-verstappen","red-bull","honda-rbpt","pirelli",,,"1:58.135",118135,"1:55.200",115200,"1:49.056",109056,,,,,14
1091,2023,12,2,2,"2","81","oscar-piastri","mclaren","mercedes","pirelli",,,"2:00.056",120056,"1:56.392",116392,"1:49.067",109067,"+0.011",11,"+0.011",11,14
1091,2023,12,3,3,"3","55","carlos-sainz-jr","ferrari","ferrari","pirelli",,,"1:59.414",119414,"1:56.557",116557,"1:49.081",109081,"+0.025",25,"+0.014",14,14
1091,2023,12,4,4,"4","16","charles-leclerc","ferrari","ferrari","pirelli",,,"1:59.575",119575,"1:56.265",116265,"1:49.251",109251,"+0.195",195,"+0.170",170,14
1091,2023,12,5,5,"5","4","lando-norris","mclaren","mercedes","pirelli",,,"2:00.436",120436,"1:56.828",116828,"1:49.389",109389,"+0.333",333,"+0.138",138,16
1091,2023,12,6,6,"6","10","pierre-gasly","alpine","renault","pirelli",,,"2:00.032",120032,"1:56.137",116137,"1:49.700",109700,"+0.644",644,"+0.311",311,15
1091,2023,12,7,7,"7","44","lewis-hamilton","mercedes","mercedes","pirelli",,,"1:58.939",118939,"1:55.823",115823,"1:49.900",109900,"+0.844",844,"+0.200",200,16
1091,2023,12,8,8,"8","11","sergio-perez","red-bull","honda-rbpt","pirelli",,,"1:59.362",119362,"1:55.878",115878,"1:49.961",109961,"+0.905",905,"+0.061",61,14
1091,2023,12,9,9,"9","31","esteban-ocon","alpine","renault","pirelli",,,"1:59.884",119884,"1:57.051",117051,"1:50.494",110494,"+1.438",1438,"+0.533",533,15
1091,2023,12,10,10,"10","63","george-russell","mercedes","mercedes","pirelli",,,"2:00.475",120475,"1:57.393",117393,"1:55.742",115742,"+6.686",6686,"+5.248",5248,13
1091,2023,12,11,11,"11","3","daniel-ricciardo","alphatauri","honda-rbpt","pirelli",,,"2:00.177",120177,"1:57.687",117687,,,,,,,10
1091,2023,12,12,12,"12","23","alexander-albon","williams","mercedes","pirelli",,,"1:59.198",119198,,,,,,,,,8
1091,2023,12,13,13,"13","2","logan-sargeant","williams","mercedes","pirelli",,,"2:00.031",120031,,,,,,,,,10
1091,2023,12,14,14,"14","18","lance-stroll","aston-martin","mercedes","pirelli",,,"2:00.460",120460,,,,,,,,,9
1091,2023,12,15,15,"15","14","fernando-alonso","aston-martin","mercedes","pirelli",,,"1:59.038",119038,,,,,,,,,6
1091,2023,12,16,16,"16","22","yuki-tsunoda","alphatauri","honda-rbpt","pirelli",,,"2:00.568",120568,,,,,,,,,6
1091,2023,12,17,17,"17","77","valtteri-bottas","alfa-romeo","ferrari","pirelli",,,"2:00.951",120951,,,,,,,,,6
1091,2023,12,18,18,"18","20","kevin-magnussen","haas","ferrari","pirelli",,,"2:01.079",121079,,,,,,,,,7
1091,2023,12,19,19,"19","24","guanyu-zhou","alfa-romeo","ferrari","pirelli",,,"2:01.430",121430,,,,,,,,,7
1091,2023,12,20,,"NC","27","nico-hulkenberg","haas","ferrari","pirelli",,,,,,,,,,,,,6
1096,2023,17,1,1,"1","81","oscar-piastri","mclaren","mercedes","pirelli",,,"1:25.979",85979,"1:25.496",85496,"1:24.454",84454,,,,,18
1096,2023,17,2,2,"2","4","lando-norris","mclaren","mercedes","pirelli",,,"1:25.672",85672,"1:24.947",84947,"1:24.536",84536,"+0.082",82,"+0.082",82,14
1096,2023,17,3,3,"3","1","max-verstappen","red-bull","honda-rbpt","pirelli",,,"1:25.510",85510,"1:25.199",85199,"1:24.646",84646,"+0.192",192,"+0.110",110,12
1096,2023,17,4,4,"4","63","george-russell","mercedes","mercedes","pirelli",,,"1:25.413",85413,"1:25.027",85027,"1:24.841",84841,"+0.387",387,"+0.195",195,17
1096,2023,17,5,5,"5","55","carlos-sainz-jr","ferrari","ferrari","pirelli",,,"1:25.872",85872,"1:25.433",85433,"1:25.155",85155,"+0.701",701,"+0.314",314,21
1096,2023,17,6,6,"6","16","charles-leclerc","ferrari","ferrari","pirelli",,,"1:26.266",86266,"1:25.367",85367,"1:25.247",85247,"+0.793",793,"+0.092",92,21
1096,2023,17,7,7,"7","27","nico-hulkenberg","haas","ferrari","pirelli",,,"1:26.450",86450,"1:25.499",85499,"1:25.320",85320,"+0.866",866,"+0.073",73,16
1096,2023,17,8,8,"8","11","sergio-perez","red-bull","honda-rbpt","pirelli",,,"1:26.123",86123,"1:25.143",85143,"1:25.382",85382,"+0.928",928,"+0.062",62,17
1096,2023,17,9,9,"9","14","fernando-alonso","aston-martin","mercedes","pirelli",,,"1:25.936",85936,"1:25.344",85344,,,,,,,13
1096,2023,17,10,10,"10","31","esteban-ocon","alpine","renault","pirelli",,,"1:26.072",86072,"1:25.510",85510,,,,,,,15
1096,2023,17,11,11,"11","10","pierre-gasly","alpine","renault","pirelli",,,"1:25.829",85829,"1:25.686",85686,,,,,,,12
1096,2023,17,12,12,"12","44","lewis-hamilton","mercedes","mercedes","pirelli",,,"1:26.424",86424,"1:25.962",85962,,,,,,,14
1096,2023,17,13,13,"13","77","valtteri-bottas","alfa-romeo","ferrari","pirelli",,,"1:26.449",86449,"1:26.236",86236,,,,,,,8
1096,2023,17,14,14,"14","40","liam-lawson","alphatauri","honda-rbpt","pirelli",,,"1:26.202",86202,"1:26.584",86584,,,,,,,12
1096,2023,17,15,15,"15","24","guanyu-zhou","alfa-romeo","ferrari","pirelli",,,"1:26.669",86669,"1:54.546",114546,,,,,,,10
1096,2023,17,16,16,"16","18","lance-stroll","aston-martin","mercedes","pirelli",,,"1:26.849",86849,,,,,,,,,8
1096,2023,17,17,17,"17","23","alexander-albon","williams","mercedes","pirelli",,,"1:26.862",86862,,,,,,,,,6
1096,2023,17,18,18,"18","22","yuki-tsunoda","alphatauri","honda-rbpt","pirelli",,,"1:26.926",86926,,,,,,,,,6
1096,2023,17,19,19,"19","20","kevin-magnussen","haas","ferrari","pirelli",,,"1:27.438",87438,,,,,,,,,5
1096,2023,17,20,,"NC","2","logan-sargeant","williams","mercedes","pirelli",,,"2:05.741",125741,,,,,,,,,7
1097,2023,18,1,1,"1","1","max-verstappen","red-bull","honda-rbpt","pirelli",,,"1:35.997",95997,"1:35.181",95181,"1:34.538",94538,,,,,11
1097,2023,18,2,2,"2","16","charles-leclerc","ferrari","ferrari","pirelli",,,"1:35.999",95999,"1:35.386",95386,"1:34.593",94593,"+0.055",55,"+0.055",55,14
1097,2023,18,3,3,"3","44","lewis-hamilton","mercedes","mercedes","pirelli",,,"1:36.393",96393,"1:35.887",95887,"1:34.607",94607,"+0.069",69,"+0.014",14,12
1097,2023,18,4,4,"4","4","lando-norris","mclaren","mercedes","pirelli",,,"1:36.499",96499,"1:35.594",95594,"1:34.639",94639,"+0.101",101,"+0.032",32,15
1097,2023,18,5,5,"5","81","oscar-piastri","mclaren","mercedes","pirelli",,,"1:36.703",96703,"1:35.753",95753,"1:34.894",94894,"+0.356",356,"+0.255",255,15
1097,2023,18,6,6,"6","55","carlos-sainz-jr","ferrari","ferrari","pirelli",,,"1:36.268",96268,"1:35.542",95542,"1:34.939",94939,"+0.401",401,"+0.045",45,14
1097,2023,18,7,7,"7","11","sergio-perez","red-bull","honda-rbpt","pirelli",,,"1:36.347",96347,"1:35.718",95718,"1:35.041",95041,"+0.503",503,"+0.102",102,14
1097,2023,18,8,8,"8","63","george-russell","mercedes","mercedes","pirelli",,,"1:36.281",96281,"1:35.847",95847,"1:35.199",95199,"+0.661",661,"+0.158",158,12
1097,2023,18,9,9,"9","23","alexander-albon","williams","mercedes","pirelli",,,"1:36.230",96230,"1:35.947",95947,"1:35.366",95366,"+0.828",828,"+0.167",167,12
1097,2023,18,10,10,"10","10","pierre-gasly","alpine","renault","pirelli",,,"1:36.595",96595,"1:35.785",95785,"1:35.897",95897,"+1.359",1359,"+0.531",531,12
1097,2023,18,11,11,"11","3","daniel-ricciardo","alphatauri","honda-rbpt","pirelli",,,"1:36.737",96737,"1:35.978",95978,,,,,,,9
1097,2023,18,12,12,"12","14","fernando-alonso","aston-martin","mercedes","pirelli",,,"1:36.365",96365,"1:36.087",96087,,,,,,,9
1097,2023,18,13,13,"13","31","esteban-ocon","alpine","renault","pirelli",,,"1:36.372",96372,"1:36.137",96137,,,,,,,9
1097,2023,18,14,14,"14","18","lance-stroll","aston-martin","mercedes","pirelli",,,"1:36.575",96575,"1:36.181",96181,,,,,,,11
1097,2023,18,15,15,"15","24","guanyu-zhou","alfa-romeo","ferrari","pirelli",,,"1:36.554",96554,"1:36.182",96182,,,,,,,11
1097,2023,18,16,16,"16","27","nico-hulkenberg","haas","ferrari","pirelli",,,"1:36.749",96749,,,,,,,,,6
1097,2023,18,17,17,"17","20","kevin-magnussen","haas","ferrari","pirelli",,,"1:36.922",96922,,,,,,,,,6
1097,2023,18,18,18,"18","77","valtteri-bottas","alfa-romeo","ferrari","pirelli",,,"1:36.922",96922,,,,,,,,,6
1097,2023,18,19,19,"19","22","yuki-tsunoda","alphatauri","honda-rbpt","pirelli",,,"1:36.945",96945,,,,,,,,,5
1097,2023,18,20,20,"20","2","logan-sargeant","williams","mercedes","pirelli",,,"1:37.186",97186,,,,,,,,,6
1099,2023,20,1,1,"1","4","lando-norris","mclaren","mercedes","pirelli",,,"1:11.824",71824,"1:11.221",71221,"1:10.622",70622,,,,,15
1099,2023,20,2,2,"2","1","max-verstappen","red-bull","honda-rbpt","pirelli",,,"1:11.888",71888,"1:11.262",71262,"1:10.683",70683,"+0.061",61,"+0.061",61,16
1099,2023,20,3,3,"3","11","sergio-perez","red-bull","honda-rbpt","pirelli",,,"1:12.218",72218,"1:11.230",71230,"1:10.756",70756,"+0.134",134,"+0.073",73,16
1099,2023,20,4,4,"4","63","george-russell","mercedes","mercedes","pirelli",,,"1:11.976",71976,"1:11.516",71516,"1:10.857",70857,"+0.235",235,"+0.101",101,14
1099,2023,20,5,5,"5","44","lewis-hamilton","mercedes","mercedes","pirelli",,,"1:11.870",71870,"1:11.476",71476,"1:10.940",70940,"+0.318",318,"+0.083",83,14
1099,2023,20,6,6,"6","22","yuki-tsunoda","alphatauri","honda-rbpt","pirelli",,,"1:12.358",72358,"1:11.676",71676,"1:11.019",71019,"+0.397",397,"+0.079",79,12
1099,2023,20,7,7,"7","16","charles-leclerc","ferrari","ferrari","pirelli",,,"1:12.107",72107,"1:11.473",71473,"1:11.077",71077,"+0.455",455,"+0.058",58,15
1099,2023,20,8,8,"8","3","daniel-ricciardo","alphatauri","honda-rbpt","pirelli",,,"1:12.175",72175,"1:11.423",71423,"1:11.122",71122,"+0.500",500,"+0.045",45,11
1099,2023,20,9,9,"9","55","carlos-sainz-jr","ferrari","ferrari","pirelli",,,"1:11.796",71796,"1:11.491",71491,"1:11.126",71126,"+0.504",504,"+0.004",4,13
1099,2023,20,10,10,"10","81","oscar-piastri","mclaren","mercedes","pirelli",,,"1:12.356",72356,"1:11.648",71648,"1:11.189",71189,"+0.567",567,"+0.063",63,14
1099,2023,20,11,11,"11","20","kevin-magnussen","haas","ferrari","pirelli",,,"1:12.058",72058,"1:11.727",71727,,,,,,,10
1099,2023,20,12,12,"12","27","nico-hulkenberg","haas","ferrari","pirelli",,,"1:12.136",72136,"1:11.752",71752,,,,,,,10
1099,2023,20,13,13,"13","10","pierre-gasly","alpine","renault","pirelli",,,"1:12.229",72229,"1:11.822",71822,,,,,,,8
1099,2023,20,14,14,"14","77","valtteri-bottas","alfa-romeo","ferrari","pirelli",,,"1:12.303",72303,"1:11.872",71872,,,,,,,8
1099,2023,20,15,15,"15","14","fernando-alonso","aston-martin","mercedes","pirelli",,,"1:12.224",72224,,,,,,,,,6
1099,2023,20,16,16,"16","31","esteban-ocon","alpine","renault","pirelli",,,"1:12.388",72388,,,,,,,,,5
1099,2023,20,17,17,"17","18","lance-stroll","aston-martin","mercedes","pirelli",,,"1:12.482",72482,,,,,,,,,6
1099,2023,20,18,18,"18","24","guanyu-zhou","alfa-romeo","ferrari","pirelli",,,"1:12.497",72497,,,,,,,,,5
1099,2023,20,19,19,"19","23","alexander-albon","williams","mercedes","pirelli",,,"1:12.525",72525,,,,,,,,,5
1099,2023,20,20,20,"20","2","logan-sargeant","williams","mercedes","pirelli",,,"1:12.615",72615,,,,,,,,,6
1106,2024,5,1,1,"1","4","lando-norris","mclaren","mercedes","pirelli",,,"1:36.384",96384,"1:36.047",96047,"1:57.940",117940,,,,,13
1106,2024,5,2,2,"2","44","lewis-hamilton","mercedes","mercedes","pirelli",,,"1:37.181",97181,"1:36.287",96287,"1:59.201",119201,"+1.261",1261,"+1.261",1261,15
1106,2024,5,3,3,"3","14","fernando-alonso","aston-martin","mercedes","pirelli",,,"1:36.883",96883,"1:36.119",96119,"1:59.915",119915,"+1.975",1975,"+0.714",714,14
1106,2024,5,4,4,"4","1","max-verstappen","red-bull","honda-rbpt","pirelli",,,"1:36.456",96456,"1:35.606",95606,"2:00.028",120028,"+2.088",2088,"+0.113",113,12
1106,2024,5,5,5,"5","55","carlos-sainz-jr","ferrari","ferrari","pirelli",,,"1:36.719",96719,"1:36.052",96052,"2:00.214",120214,"+2.274",2274,"+0.186",186,15
1106,2024,5,6,6,"6","11","sergio-perez","red-bull","honda-rbpt","pirelli",,,"1:36.110",96110,"1:35.781",95781,"2:00.375",120375,"+2.435",2435,"+0.161",161,12
1106,2024,5,7,7,"7","16","charles-leclerc","ferrari","ferrari","pirelli",,,"1:36.537",96537,"1:35.711",95711,"2:00.566",120566,"+2.626",2626,"+0.191",191,15
1106,2024,5,8,8,"8","81","oscar-piastri","mclaren","mercedes","pirelli",,,"1:36.542",96542,"1:35.853",95853,"2:00.990",120990,"+3.050",3050,"+0.424",424,15
1106,2024,5,9,9,"9","77","valtteri-bottas","kick-sauber","ferrari","pirelli",,,"1:37.112",97112,"1:36.056",96056,"2:01.044",121044,"+3.104",3104,"+0.054",54,16
1106,2024,5,10,10,"10","24","guanyu-zhou","kick-sauber","ferrari","pirelli",,,"1:37.544",97544,"1:36.307",96307,"2:03.537",123537,"+5.597",5597,"+2.493",2493,16
1106,2024,5,11,11,"11","63","george-russell","mercedes","mercedes","pirelli",,,"1:37.310",97310,"1:36.345",96345,,,,,,,10
1106,2024,5,12,12,"12","20","kevin-magnussen","haas","ferrari","pirelli",,,"1:37.033",97033,"1:36.473",96473,,,,,,,10
1106,2024,5,13,13,"13","27","nico-hulkenberg","haas","ferrari","pirelli",,,"1:36.924",96924,"1:36.478",96478,,,,,,,10
1106,2024,5,14,14,"14","3","daniel-ricciardo","rb","honda-rbpt","pirelli",,,"1:37.321",97321,"1:36.553",96553,,,,,,,9
1106,2024,5,15,15,"15","18","lance-stroll","aston-martin","mercedes","pirelli",,,"1:36.961",96961,"1:36.677",96677,,,,,,,8
1106,2024,5,16,16,"16","10","pierre-gasly","alpine","renault","pirelli",,,"1:37.632",97632,,,,,,,,,6
1106,2024,5,17,17,"17","31","esteban-ocon","alpine","renault","pirelli",,,"1:37.720",97720,,,,,,,,,6
1106,2024,5,18,18,"18","23","alexander-albon","williams","mercedes","pirelli",,,"1:37.812",97812,,,,,,,,,6
1106,2024,5,19,19,"19","22","yuki-tsunoda","rb","honda-rbpt","pirelli",,,"1:37.892",97892,,,,,,,,,6
1106,2024,5,20,20,"20","2","logan-sargeant","williams","mercedes","pirelli",,,"1:37.923",97923,,,,,,,,,6
1107,2024,6,1,1,"1","1","max-verstappen","red-bull","honda-rbpt","pirelli",,,"1:28.194",88194,"1:28.001",88001,"1:27.641",87641,,,,,12
1107,2024,6,2,2,"2","16","charles-leclerc","ferrari","ferrari","pirelli",,,"1:28.537",88537,"1:27.977",87977,"1:27.749",87749,"+0.108",108,"+0.108",108,17
1107,2024,6,3,3,"3","11","sergio-perez","red-bull","honda-rbpt","pirelli",,,"1:28.681",88681,"1:27.865",87865,"1:27.876",87876,"+0.235",235,"+0.127",127,11
1107,2024,6,4,4,"4","3","daniel-ricciardo","rb","honda-rbpt","pirelli",,,"1:28.700",88700,"1:28.122",88122,"1:28.044",88044,"+0.403",403,"+0.168",168,14
1107,2024,6,5,5,"5","55","carlos-sainz-jr","ferrari","ferrari","pirelli",,,"1:28.435",88435,"1:28.262",88262,"1:28.103",88103,"+0.462",462,"+0.059",59,16
1107,2024,6,6,6,"6","81","oscar-piastri","mclaren","mercedes","pirelli",,,"1:28.056",88056,"1:28.163",88163,"1:28.161",88161,"+0.520",520,"+0.058",58,16
1107,2024,6,7,7,"7","18","lance-stroll","aston-martin","mercedes","pirelli",,,"1:28.807",88807,"1:28.323",88323,"1:28.375",88375,"+0.734",734,"+0.214",214,15
1107,2024,6,8,8,"8","14","fernando-alonso","aston-martin","mercedes","pirelli",,,"1:28.192",88192,"1:28.189",88189,"1:28.419",88419,"+0.778",778,"+0.044",44,14
1107,2024,6,9,9,"9","4","lando-norris","mclaren","mercedes","pirelli",,,"1:27.939",87939,"1:27.597",87597,"1:28.472",88472,"+0.831",831,"+0.053",53,12
1107,2024,6,10,10,"10","27","nico-hulkenberg","haas","ferrari","pirelli",,,"1:29.040",89040,"1:28.330",88330,"1:28.476",88476,"+0.835",835,"+0.004",4,15
1107,2024,6,11,11,"11","63","george-russell","mercedes","mercedes","pirelli",,,"1:28.387",88387,"1:28.343",88343,,,,,,,12
1107,2024,6,12,12,"12","44","lewis-hamilton","mercedes","mercedes","pirelli",,,"1:28.736",88736,"1:28.371",88371,,,,,,,12
1107,2024,6,13,13,"13","31","esteban-ocon","alpine","renault","pirelli",,,"1:28.873",88873,"1:28.379",88379,,,,,,,12
1107,2024,6,14,14,"14","20","kevin-magnussen","haas","ferrari","pirelli",,,"1:28.377",88377,"1:28.614",88614,,,,,,,12
1107,2024,6,15,15,"15","22","yuki-tsunoda","rb","honda-rbpt","pirelli",,,"1:28.687",88687,,,,,,,,,9
1107,2024,6,16,16,"16","10","pierre-gasly","alpine","renault","pirelli",,,"1:29.185",89185,,,,,,,,,6
1107,2024,6,17,17,"17","24","guanyu-zhou","kick-sauber","ferrari","pirelli",,,"1:29.267",89267,,,,,,,,,6
1107,2024,6,18,18,"18","77","valtteri-bottas","kick-sauber","ferrari","pirelli",,,"1:29.360",89360,,,,,,,,,7
1107,2024,6,19,19,"19","2","logan-sargeant","williams","mercedes","pirelli",,,"1:29.551",89551,,,,,,,,,6
1107,2024,6,20,20,"20","23","alexander-albon","williams","mercedes","pirelli",,,"1:29.858",89858,,,,,,,,,6
1112,2024,11,1,1,"1","1","max-verstappen","red-bull","honda-rbpt","pirelli",,,"1:05.690",65690,"1:05.186",65186,"1:04.686",64686,,,,,11
1112,2024,11,2,2,"2","4","lando-norris","mclaren","mercedes","pirelli",,,"1:05.786",65786,"1:05.561",65561,"1:04.779",64779,"+0.093",93,"+0.093",93,13
1112,2024,11,3,3,"3","81","oscar-piastri","mclaren","mercedes","pirelli",,,"1:06.081",66081,"1:05.379",65379,"1:04.987",64987,"+0.301",301,"+0.208",208,14
1112,2024,11,4,4,"4","63","george-russell","mercedes","mercedes","pirelli",,,"1:05.764",65764,"1:05.325",65325,"1:05.054",65054,"+0.368",368,"+0.067",67,9
1112,2024,11,5,5,"5","55","carlos-sainz-jr","ferrari","ferrari","pirelli",,,"1:05.781",65781,"1:05.435",65435,"1:05.126",65126,"+0.440",440,"+0.072",72,12
1112,2024,11,6,6,"6","44","lewis-hamilton","mercedes","mercedes","pirelli",,,"1:06.504",66504,"1:05.539",65539,"1:05.270",65270,"+0.584",584,"+0.144",144,13
1112,2024,11,7,7,"7","11","sergio-perez","red-bull","honda-rbpt","pirelli",,,"1:06.256",66256,"1:05.612",65612,"1:06.008",66008,"+1.322",1322,"+0.738",738,14
1112,2024,11,8,8,"8","31","esteban-ocon","alpine","renault","pirelli",,,"1:06.343",66343,"1:05.686",65686,"1:06.101",66101,"+1.415",1415,"+0.093",93,12
1112,2024,11,9,9,"9","10","pierre-gasly","alpine","renault","pirelli",,,"1:06.465",66465,"1:05.757",65757,"1:06.624",66624,"+1.938",1938,"+0.523",523,12
1112,2024,11,10,10,"10","16","charles-leclerc","ferrari","ferrari","pirelli",,,"1:06.149",66149,"1:05.526",65526,,,,,,,12
1112,2024,11,11,11,"11","20","kevin-magnussen","haas","ferrari","pirelli",,,"1:06.387",66387,"1:05.806",65806,,,,,,,8
1112,2024,11,12,12,"12","18","lance-stroll","aston-martin","mercedes","pirelli",,,"1:06.037",66037,"1:05.847",65847,,,,,,,8
1112,2024,11,13,13,"13","14","fernando-alonso","aston-martin","mercedes","pirelli",,,"1:06.487",66487,"1:05.878",65878,,,,,,,9
1112,2024,11,14,14,"14","22","yuki-tsunoda","rb","honda-rbpt","pirelli",,,"1:06.557",66557,"1:05.960",65960,,,,,,,9
1112,2024,11,15,15,"15","2","logan-sargeant","williams","mercedes","pirelli",,,"1:06.518",66518,,,,,,,,,9
1112,2024,11,16,16,"16","3","daniel-ricciardo","rb","honda-rbpt","pirelli",,,"1:06.581",66581,,,,,,,,,6
1112,2024,11,17,17,"17","27","nico-hulkenberg","haas","ferrari","pirelli",,,"1:06.583",66583,,,,,,,,,6
1112,2024,11,18,18,"18","77","valtteri-bottas","kick-sauber","ferrari","pirelli",,,"1:06.725",66725,,,,,,,,,6
1112,2024,11,19,19,"19","23","alexander-albon","williams","mercedes","pirelli",,,"1:06.754",66754,,,,,,,,,6
1112,2024,11,20,20,"20","24","guanyu-zhou","kick-sauber","ferrari","pirelli",,,"1:07.197",67197,,,,,,,,,6
1120,2024,19,1,1,"1","1","max-verstappen","red-bull","honda-rbpt","pirelli",,,"1:33.908",93908,"1:33.290",93290,"1:32.833",92833,,,,,12
1120,2024,19,2,2,"2","63","george-russell","mercedes","mercedes","pirelli",,,"1:34.125",94125,"1:33.544",93544,"1:32.845",92845,"+0.012",12,"+0.012",12,14
1120,2024,19,3,3,"3","16","charles-leclerc","ferrari","ferrari","pirelli",,,"1:33.647",93647,"1:33.392",93392,"1:33.059",93059,"+0.226",226,"+0.214",214,12
1120,2024,19,4,4,"4","4","lando-norris","mclaren","mercedes","pirelli",,,"1:33.919",93919,"1:33.566",93566,"1:33.083",93083,"+0.250",250,"+0.024",24,14
1120,2024,19,5,5,"5","55","carlos-sainz-jr","ferrari","ferrari","pirelli",,,"1:34.109",94109,"1:33.274",93274,"1:33.089",93089,"+0.256",256,"+0.006",6,12
1120,2024,19,6,6,"6","27","nico-hulkenberg","haas","ferrari","pirelli",,,"1:34.825",94825,"1:33.994",93994,"1:33.183",93183,"+0.350",350,"+0.094",94,14
1120,2024,19,7,7,"7","44","lewis-hamilton","mercedes","mercedes","pirelli",,,"1:33.840",93840,"1:33.370",93370,"1:33.378",93378,"+0.545",545,"+0.195",195,12
1120,2024,19,8,8,"8","20","kevin-magnussen","haas","ferrari","pirelli",,,"1:34.403",94403,"1:33.788",93788,"1:33.398",93398,"+0.565",565,"+0.020",20,14
1120,2024,19,9,9,"9","22","yuki-tsunoda","rb","honda-rbpt","pirelli",,,"1:34.646",94646,"1:34.052",94052,"1:33.802",93802,"+0.969",969,"+0.404",404,12
1120,2024,19,10,10,"10","43","franco-colapinto","williams","mercedes","pirelli",,,"1:34.606",94606,"1:33.952",93952,"1:34.406",94406,"+1.573",1573,"+0.604",604,15
1120,2024,19,11,11,"11","11","sergio-perez","red-bull","honda-rbpt","pirelli",,,"1:34.333",94333,"1:34.244",94244,,,,,,,9
1120,2024,19,12,12,"12","10","pierre-gasly","alpine","renault","pirelli",,,"1:34.865",94865,"1:34.363",94363,,,,,,,9
1120,2024,19,13,13,"13","18","lance-stroll","aston-martin","mercedes","pirelli",,,"1:34.324",94324,,,,,,,,,9
1120,2024,19,14,14,"14","14","fernando-alonso","aston-martin","mercedes","pirelli",,,"1:34.436",94436,,,,,,,,,9
1120,2024,19,15,15,"15","30","liam-lawson","rb","honda-rbpt","pirelli",,,"1:34.617",94617,,,,,,,,,9
1120,2024,19,16,16,"16","81","oscar-piastri","mclaren","mercedes","pirelli",,,"1:34.881",94881,,,,,,,,,6
1120,2024,19,17,17,"17","31","esteban-ocon","alpine","renault","pirelli",,,"1:34.917",94917,,,,,,,,,6
1120,2024,19,18,18,"18","23","alexander-albon","williams","mercedes","pirelli",,,"1:35.054",95054,,,,,,,,,6
1120,2024,19,19,19,"19","77","valtteri-bottas","kick-sauber","ferrari","pirelli",,,"1:35.148",95148,,,,,,,,,6
1120,2024,19,20,20,"20","24","guanyu-zhou","kick-sauber","ferrari","pirelli",,,"1:36.472",96472,,,,,,,,,6
1122,2024,21,1,1,"1","81","oscar-piastri","mclaren","mercedes","pirelli",,,"1:10.265",70265,"1:09.239",69239,"1:08.899",68899,,,,,16
1122,2024,21,2,2,"2","4","lando-norris","mclaren","mercedes","pirelli",,,"1:09.477",69477,"1:09.063",69063,"1:08.928",68928,"+0.029",29,"+0.029",29,14
1122,2024,21,3,3,"3","16","charles-leclerc","ferrari","ferrari","pirelli",,,"1:10.388",70388,"1:09.248",69248,"1:09.153",69153,"+0.254",254,"+0.225",225,18
1122,2024,21,4,4,"4","1","max-verstappen","red-bull","honda-rbpt","pirelli",,,"1:10.409",70409,"1:09.489",69489,"1:09.219",69219,"+0.320",320,"+0.066",66,12
1122,2024,21,5,5,"5","55","carlos-sainz-jr","ferrari","ferrari","pirelli",,,"1:10.503",70503,"1:09.500",69500,"1:09.257",69257,"+0.358",358,"+0.038",38,15
1122,2024,21,6,6,"6","63","george-russell","mercedes","mercedes","pirelli",,,"1:10.479",70479,"1:09.683",69683,"1:09.443",69443,"+0.544",544,"+0.186",186,15
1122,2024,21,7,7,"7","10","pierre-gasly","alpine","renault","pirelli",,,"1:10.630",70630,"1:09.610",69610,"1:09.622",69622,"+0.723",723,"+0.179",179,15
1122,2024,21,8,8,"8","30","liam-lawson","rb","honda-rbpt","pirelli",,,"1:10.576",70576,"1:09.827",69827,"1:09.941",69941,"+1.042",1042,"+0.319",319,11
1122,2024,21,9,9,"9","23","alexander-albon","williams","mercedes","pirelli",,,"1:10.366",70366,"1:09.844",69844,"1:10.078",70078,"+1.179",1179,"+0.137",137,12
1122,2024,21,10,10,"10","50","oliver-bearman","haas","ferrari","pirelli",,,"1:10.442",70442,"1:09.629",69629,,,,,,,12
1122,2024,21,11,11,"11","44","lewis-hamilton","mercedes","mercedes","pirelli",,,"1:10.625",70625,"1:09.941",69941,,,,,,,13
1122,2024,21,12,12,"12","27","nico-hulkenberg","haas","ferrari","pirelli",,,"1:10.466",70466,"1:09.964",69964,,,,,,,8
1122,2024,21,13,13,"13","11","sergio-perez","red-bull","honda-rbpt","pirelli",,,"1:10.392",70392,"1:10.024",70024,,,,,,,10
1122,2024,21,14,14,"14","43","franco-colapinto","williams","mercedes","pirelli",,,"1:10.470",70470,"1:10.275",70275,,,,,,,9
1122,2024,21,15,15,"15","77","valtteri-bottas","kick-sauber","ferrari","pirelli",,,"1:10.861",70861,"1:10.595",70595,,,,,,,12
1122,2024,21,16,16,"16","14","fernando-alonso","aston-martin","mercedes","pirelli",,,"1:10.978",70978,,,,,,,,,6
1122,2024,21,17,17,"17","31","esteban-ocon","alpine","renault","pirelli",,,"1:11.052",71052,,,,,,,,,6
1122,2024,21,18,18,"18","22","yuki-tsunoda","rb","honda-rbpt","pirelli",,,"1:11.121",71121,,,,,,,,,6
1122,2024,21,19,19,"19","18","lance-stroll","aston-martin","mercedes","pirelli",,,"1:11.280",71280,,,,,,,,,6
1122,2024,21,20,20,"20","24","guanyu-zhou","kick-sauber","ferrari","pirelli",,,"1:12.978",72978,,,,,,,,,5
1124,2024,23,1,1,"1","4","lando-norris","mclaren","mercedes","pirelli",,,"1:21.356",81356,"1:21.231",81231,"1:21.012",81012,,,,,16
1124,2024,23,2,2,"2","63","george-russell","mercedes","mercedes","pirelli",,,"1:22.021",82021,"1:21.488",81488,"1:21.075",81075,"+0.063",63,"+0.063",63,16
1124,2024,23,3,3,"3","81","oscar-piastri","mclaren","mercedes","pirelli",,,"1:22.218",82218,"1:21.548",81548,"1:21.171",81171,"+0.159",159,"+0.096",96,16
1124,2024,23,4,4,"4","55","carlos-sainz-jr","ferrari","ferrari","pirelli",,,"1:21.838",81838,"1:21.809",81809,"1:21.281",81281,"+0.269",269,"+0.110",110,19
1124,2024,23,5,5,"5","16","charles-leclerc","ferrari","ferrari","pirelli",,,"1:22.156",82156,"1:21.818",81818,"1:21.308",81308,"+0.296",296,"+0.027",27,18
1124,2024,23,6,6,"6","1","max-verstappen","red-bull","honda-rbpt","pirelli",,,"1:22.033",82033,"1:21.784",81784,"1:21.315",81315,"+0.303",303,"+0.007",7,21
1124,2024,23,7,7,"7","44","lewis-hamilton","mercedes","mercedes","pirelli",,,"1:22.151",82151,"1:21.734",81734,"1:21.474",81474,"+0.462",462,"+0.159",159,19
1124,2024,23,8,8,"8","10","pierre-gasly","alpine","renault","pirelli",,,"1:22.586",82586,"1:22.352",82352,"1:21.978",81978,"+0.966",966,"+0.504",504,19
1124,2024,23,9,9,"9","27","nico-hulkenberg","haas","ferrari","pirelli",,,"1:22.569",82569,"1:22.318",82318,"1:22.088",82088,"+1.076",1076,"+0.110",110,15
1124,2024,23,10,10,"10","30","liam-lawson","rb","honda-rbpt","pirelli",,,"1:22.705",82705,"1:22.393",82393,"1:22.577",82577,"+1.565",1565,"+0.489",489,20
1124,2024,23,11,11,"11","14","fernando-alonso","aston-martin","mercedes","pirelli",,,"1:22.499",82499,"1:22.433",82433,,,,,,,12
1124,2024,23,12,12,"12","23","alexander-albon","williams","mercedes","pirelli",,,"1:22.705",82705,"1:22.526",82526,,,,,,,14
1124,2024,23,13,13,"13","77","valtteri-bottas","kick-sauber","ferrari","pirelli",,,"1:22.506",82506,"1:22.538",82538,,,,,,,13
1124,2024,23,14,14,"14","18","lance-stroll","aston-martin","mercedes","pirelli",,,"1:22.522",82522,"1:22.599",82599,,,,,,,14
1124,2024,23,15,15,"15","20","kevin-magnussen","haas","ferrari","pirelli",,,"1:22.560",82560,"1:22.738",82738,,,,,,,14
1124,2024,23,16,16,"16","11","sergio-perez","red-bull","honda-rbpt","pirelli",,,"1:22.718",82718,,,,,,,,,7
1124,2024,23,17,17,"17","22","yuki-tsunoda","rb","honda-rbpt","pirelli",,,"1:22.722",82722,,,,,,,,,7
1124,2024,23,18,18,"18","31","esteban-ocon","alpine","renault","pirelli",,,"1:22.906",82906,,,,,,,,,7
1124,2024,23,19,19,"19","24","guanyu-zhou","kick-sauber","ferrari","pirelli",,,"1:22.948",82948,,,,,,,,,8
1124,2024,23,20,20,"20","43","franco-colapinto","williams","mercedes","pirelli",,,"1:23.423",83423,,,,,,,,,8
1127,2025,2,1,1,"1","44","lewis-hamilton","ferrari","ferrari","pirelli",,,"1:31.212",91212,"1:31.384",91384,"1:30.849",90849,,,,,15
1127,2025,2,2,2,"2","1","max-verstappen","red-bull","honda-rbpt","pirelli",,,"1:31.916",91916,"1:31.521",91521,"1:30.867",90867,"+0.018",18,"+0.018",18,12
1127,2025,2,3,3,"3","81","oscar-piastri","mclaren","mercedes","pirelli",,,"1:31.723",91723,"1:31.362",91362,"1:30.929",90929,"+0.080",80,"+0.062",62,13
1127,2025,2,4,4,"4","16","charles-leclerc","ferrari","ferrari","pirelli",,,"1:31.518",91518,"1:31.561",91561,"1:31.057",91057,"+0.208",208,"+0.128",128,15
1127,2025,2,5,5,"5","63","george-russell","mercedes","mercedes","pirelli",,,"1:31.952",91952,"1:31.346",91346,"1:31.169",91169,"+0.320",320,"+0.112",112,18
1127,2025,2,6,6,"6","4","lando-norris","mclaren","mercedes","pirelli",,,"1:31.396",91396,"1:31.174",91174,"1:31.393",91393,"+0.544",544,"+0.224",224,13
1127,2025,2,7,7,"7","12","kimi-antonelli","mercedes","mercedes","pirelli",,,"1:31.999",91999,"1:31.475",91475,"1:31.738",91738,"+0.889",889,"+0.345",345,17
1127,2025,2,8,8,"8","22","yuki-tsunoda","racing-bulls","honda-rbpt","pirelli",,,"1:32.316",92316,"1:31.794",91794,"1:31.773",91773,"+0.924",924,"+0.035",35,12
1127,2025,2,9,9,"9","23","alexander-albon","williams","mercedes","pirelli",,,"1:32.462",92462,"1:31.539",91539,"1:31.852",91852,"+1.003",1003,"+0.079",79,14
1127,2025,2,10,10,"10","18","lance-stroll","aston-martin","mercedes","pirelli",,,"1:32.327",92327,"1:31.742",91742,"1:31.982",91982,"+1.133",1133,"+0.130",130,12
1127,2025,2,11,11,"11","14","fernando-alonso","aston-martin","mercedes","pirelli",,,"1:32.121",92121,"1:31.815",91815,,,,,,,8
1127,2025,2,12,12,"12","87","oliver-bearman","haas","ferrari","pirelli",,,"1:32.269",92269,"1:31.978",91978,,,,,,,9
1127,2025,2,13,13,"13","55","carlos-sainz-jr","williams","mercedes","pirelli",,,"1:32.457",92457,"1:32.325",92325,,,,,,,10
1127,2025,2,14,14,"14","5","gabriel-bortoleto","kick-sauber","ferrari","pirelli",,,"1:32.539",92539,"1:32.564",92564,,,,,,,12
1127,2025,2,15,15,"15","6","isack-hadjar","racing-bulls","honda-rbpt","pirelli",,,"1:32.171",92171,,,,,,,,,8
1127,2025,2,16,16,"16","7","jack-doohan","alpine","renault","pirelli",,,"1:32.575",92575,,,,,,,,,6
1127,2025,2,17,17,"17","10","pierre-gasly","alpine","renault","pirelli",,,"1:32.640",92640,,,,,,,,,6
1127,2025,2,18,18,"18","31","esteban-ocon","haas","ferrari","pirelli",,,"1:32.651",92651,,,,,,,,,6
1127,2025,2,19,19,"19","27","nico-hulkenberg","kick-sauber","ferrari","pirelli",,,"1:32.675",92675,,,,,,,,,6
1127,2025,2,20,20,"20","30","liam-lawson","red-bull","honda-rbpt","pirelli",,,"1:32.729",92729,,,,,,,,,5
1131,2025,6,1,1,"1","12","kimi-antonelli","mercedes","mercedes","pirelli",,,"1:27.858",87858,"1:27.384",87384,"1:26.482",86482,,,,,15
1131,2025,6,2,2,"2","81","oscar-piastri","mclaren","mercedes","pirelli",,,"1:27.951",87951,"1:27.354",87354,"1:26.527",86527,"+0.045",45,"+0.045",45,12
1131,2025,6,3,3,"3","4","lando-norris","mclaren","mercedes","pirelli",,,"1:27.890",87890,"1:27.109",87109,"1:26.582",86582,"+0.100",100,"+0.055",55,14
1131,2025,6,4,4,"4","1","max-verstappen","red-bull","honda-rbpt","pirelli",,,"1:27.953",87953,"1:27.245",87245,"1:26.737",86737,"+0.255",255,"+0.155",155,16
1131,2025,6,5,5,"5","63","george-russell","mercedes","mercedes","pirelli",,,"1:27.688",87688,"1:27.666",87666,"1:26.791",86791,"+0.309",309,"+0.054",54,15
1131,2025,6,6,6,"6","16","charles-leclerc","ferrari","ferrari","pirelli",,,"1:28.325",88325,"1:27.467",87467,"1:26.808",86808,"+0.326",326,"+0.017",17,16
1131,2025,6,7,7,"7","44","lewis-hamilton","ferrari","ferrari","pirelli",,,"1:28.231",88231,"1:27.546",87546,"1:27.030",87030,"+0.548",548,"+0.222",222,15
1131,2025,6,8,8,"8","23","alexander-albon","williams","mercedes","pirelli",,,"1:27.859",87859,"1:27.697",87697,"1:27.193",87193,"+0.711",711,"+0.163",163,15
1131,2025,6,9,9,"9","6","isack-hadjar","racing-bulls","honda-rbpt","pirelli",,,"1:28.394",88394,"1:27.773",87773,"1:27.543",87543,"+1.061",1061,"+0.350",350,12
1131,2025,6,10,10,"10","14","fernando-alonso","aston-martin","mercedes","pirelli",,,"1:28.455",88455,"1:27.766",87766,"1:27.790",87790,"+1.308",1308,"+0.247",247,13
1131,2025,6,11,11,"11","27","nico-hulkenberg","kick-sauber","ferrari","pirelli",,,"1:28.542",88542,"1:27.850",87850,,,,,,,9
1131,2025,6,12,12,"12","31","esteban-ocon","haas","ferrari","pirelli",,,"1:28.303",88303,"1:28.070",88070,,,,,,,9
1131,2025,6,13,13,"13","10","pierre-gasly","alpine","renault","pirelli",,,"1:28.345",88345,"1:28.167",88167,,,,,,,9
1131,2025,6,14,14,"14","30","liam-lawson","racing-bulls","honda-rbpt","pirelli",,,"1:28.914",88914,"1:28.375",88375,,,,,,,8
1131,2025,6,15,15,"15","55","carlos-sainz-jr","williams","mercedes","pirelli",,,"1:27.899",87899,,,,,,,,,8
1131,2025,6,16,16,"16","18","lance-stroll","aston-martin","mercedes","pirelli",,,"1:29.028",89028,,,,,,,,,6
1131,2025,6,17,17,"17","7","jack-doohan","alpine","renault","pirelli",,,"1:29.171",89171,,,,,,,,,5
1131,2025,6,18,18,"18","22","yuki-tsunoda","red-bull","honda-rbpt","pirelli",,,"1:29.246",89246,,,,,,,,,5
1131,2025,6,19,19,"19","5","gabriel-bortoleto","kick-sauber","ferrari","pirelli",,,"1:29.312",89312,,,,,,,,,6
1131,2025,6,20,20,"20","87","oliver-bearman","haas","ferrari","pirelli",,,"1:29.825",89825,,,,,,,,,5
1138,2025,13,1,1,"1","81","oscar-piastri","mclaren","mercedes","pirelli",,,"1:41.769",101769,"1:42.128",102128,"1:40.510",100510,,,,,11
1138,2025,13,2,2,"2","1","max-verstappen","red-bull","honda-rbpt","pirelli",,,"1:42.043",102043,"1:41.583",101583,"1:40.987",100987,"+0.477",477,"+0.477",477,9
1138,2025,13,3,3,"3","4","lando-norris","mclaren","mercedes","pirelli",,,"1:42.068",102068,"1:41.412",101412,"1:41.128",101128,"+0.618",618,"+0.141",141,12
1138,2025,13,4,4,"4","16","charles-leclerc","ferrari","ferrari","pirelli",,,"1:42.763",102763,"1:41.786",101786,"1:41.278",101278,"+0.768",768,"+0.150",150,12
1138,2025,13,5,5,"5","31","esteban-ocon","haas","ferrari","pirelli",,,"1:42.822",102822,"1:41.801",101801,"1:41.565",101565,"+1.055",1055,"+0.287",287,12
1138,2025,13,6,6,"6","55","carlos-sainz-jr","williams","mercedes","pirelli",,,"1:42.776",102776,"1:42.051",102051,"1:41.761",101761,"+1.251",1251,"+0.196",196,11
1138,2025,13,7,7,"7","87","oliver-bearman","haas","ferrari","pirelli",,,"1:43.024",103024,"1:42.019",102019,"1:41.857",101857,"+1.347",1347,"+0.096",96,12
1138,2025,13,8,8,"8","10","pierre-gasly","alpine","renault","pirelli",,,"1:43.171",103171,"1:41.949",101949,"1:41.959",101959,"+1.449",1449,"+0.102",102,12
1138,2025,13,9,9,"9","6","isack-hadjar","racing-bulls","honda-rbpt","pirelli",,,"1:42.711",102711,"1:42.088",102088,"1:41.971",101971,"+1.461",1461,"+0.012",12,11
1138,2025,13,10,10,"10","5","gabriel-bortoleto","kick-sauber","ferrari","pirelli",,,"1:42.806",102806,"1:41.901",101901,"1:42.176",102176,"+1.666",1666,"+0.205",205,12
1138,2025,13,11,11,"11","30","liam-lawson","racing-bulls","honda-rbpt","pirelli",,,"1:42.897",102897,"1:42.169",102169,,,,,,,9
1138,2025,13,12,12,"12","22","yuki-tsunoda","red-bull","honda-rbpt","pirelli",,,"1:42.912",102912,"1:42.184",102184,,,,,,,9
1138,2025,13,13,13,"13","63","george-russell","mercedes","mercedes","pirelli",,,"1:42.650",102650,"1:42.330",102330,,,,,,,8
1138,2025,13,14,14,"14","14","fernando-alonso","aston-martin","mercedes","pirelli",,,"1:42.427",102427,"1:42.453",102453,,,,,,,7
1138,2025,13,15,15,"15","18","lance-stroll","aston-martin","mercedes","pirelli",,,"1:42.736",102736,"1:42.832",102832,,,,,,,8
1138,2025,13,16,16,"16","23","alexander-albon","williams","mercedes","pirelli",,,"1:43.212",103212,,,,,,,,,6
1138,2025,13,17,17,"17","27","nico-hulkenberg","kick-sauber","ferrari","pirelli",,,"1:43.217",103217,,,,,,,,,6
1138,2025,13,18,18,"18","44","lewis-hamilton","ferrari","ferrari","pirelli",,,"1:43.408",103408,,,,,,,,,6
1138,2025,13,19,19,"19","43","franco-colapinto","alpine","renault","pirelli",,,"1:43.587",103587,,,,,,,,,6
1138,2025,13,20,20,"20","12","kimi-antonelli","mercedes","mercedes","pirelli",,,"1:45.394",105394,,,,,,,,,6
1144,2025,19,1,1,"1","1","max-verstappen","red-bull","honda-rbpt","pirelli",,,"1:33.363",93363,"1:33.163",93163,"1:32.143",92143,,,,,12
1144,2025,19,2,2,"2","4","lando-norris","mclaren","mercedes","pirelli",,,"1:33.224",93224,"1:33.033",93033,"1:32.214",92214,"+0.071",71,"+0.071",71,12
1144,2025,19,3,3,"3","81","oscar-piastri","mclaren","mercedes","pirelli",,,"1:33.889",93889,"1:33.371",93371,"1:32.523",92523,"+0.380",380,"+0.309",309,13
1144,2025,19,4,4,"4","27","nico-hulkenberg","kick-sauber","ferrari","pirelli",,,"1:34.236",94236,"1:33.577",93577,"1:32.645",92645,"+0.502",502,"+0.122",122,12
1144,2025,19,5,5,"5","63","george-russell","mercedes","mercedes","pirelli",,,"1:34.653",94653,"1:33.462",93462,"1:32.888",92888,"+0.745",745,"+0.243",243,13
1144,2025,19,6,6,"6","14","fernando-alonso","aston-martin","mercedes","pirelli",,,"1:34.737",94737,"1:33.951",93951,"1:32.910",92910,"+0.767",767,"+0.022",22,12
1144,2025,19,7,7,"7","55","carlos-sainz-jr","williams","mercedes","pirelli",,,"1:34.239",94239,"1:33.652",93652,"1:32.911",92911,"+0.768",768,"+0.001",1,14
1144,2025,19,8,8,"8","44","lewis-hamilton","ferrari","ferrari","pirelli",,,"1:34.226",94226,"1:34.012",94012,"1:33.035",93035,"+0.892",892,"+0.124",124,14
1144,2025,19,9,9,"9","23","alexander-albon","williams","mercedes","pirelli",,,"1:34.472",94472,"1:33.831",93831,"1:33.099",93099,"+0.956",956,"+0.064",64,14
1144,2025,19,10,10,"10","16","charles-leclerc","ferrari","ferrari","pirelli",,,"1:34.913",94913,"1:33.938",93938,"1:33.104",93104,"+0.961",961,"+0.005",5,15
1144,2025,19,11,11,"11","12","kimi-antonelli","mercedes","mercedes","pirelli",,,"1:34.414",94414,"1:34.018",94018,,,,,,,11
1144,2025,19,12,12,"12","6","isack-hadjar","racing-bulls","honda-rbpt","pirelli",,,"1:34.243",94243,"1:34.241",94241,,,,,,,9
1144,2025,19,13,13,"13","10","pierre-gasly","alpine","renault","pirelli",,,"1:35.144",95144,"1:34.258",94258,,,,,,,9
1144,2025,19,14,14,"14","18","lance-stroll","aston-martin","mercedes","pirelli",,,"1:34.988",94988,"1:34.394",94394,,,,,,,10
1144,2025,19,15,15,"15","30","liam-lawson","racing-bulls","honda-rbpt","pirelli",,,"1:34.603",94603,,,,,,,,,8
1144,2025,19,16,16,"16","87","oliver-bearman","haas","ferrari","pirelli",,,"1:35.159",95159,,,,,,,,,5
1144,2025,19,17,17,"17","43","franco-colapinto","alpine","renault","pirelli",,,"1:35.246",95246,,,,,,,,,6
1144,2025,19,18,18,"18","22","yuki-tsunoda","red-bull","honda-rbpt","pirelli",,,"1:35.259",95259,,,,,,,,,5
1144,2025,19,19,19,"19","31","esteban-ocon","haas","ferrari","pirelli",,,"1:36.003",96003,,,,,,,,,5
1144,2025,19,20,,"NC","5","gabriel-bortoleto","kick-sauber","ferrari","pirelli",,,,,,,,,,,,,5
1146,2025,21,1,1,"1","4","lando-norris","mclaren","mercedes","pirelli",,,"1:09.627",69627,"1:09.373",69373,"1:09.243",69243,,,,,20
1146,2025,21,2,2,"2","12","kimi-antonelli","mercedes","mercedes","pirelli",,,"1:10.381",70381,"1:09.504",69504,"1:09.340",69340,"+0.097",97,"+0.097",97,16
1146,2025,21,3,3,"3","81","oscar-piastri","mclaren","mercedes","pirelli",,,"1:10.017",70017,"1:09.416",69416,"1:09.428",69428,"+0.185",185,"+0.088",88,19
1146,2025,21,4,4,"4","63","george-russell","mercedes","mercedes","pirelli",,,"1:10.048",70048,"1:09.384",69384,"1:09.495",69495,"+0.252",252,"+0.067",67,16
1146,2025,21,5,5,"5","14","fernando-alonso","aston-martin","mercedes","pirelli",,,"1:10.011",70011,"1:09.330",69330,"1:09.496",69496,"+0.253",253,"+0.001",1,12
1146,2025,21,6,6,"6","1","max-verstappen","red-bull","honda-rbpt","pirelli",,,"1:09.975",69975,"1:09.707",69707,"1:09.580",69580,"+0.337",337,"+0.084",84,15
1146,2025,21,7,7,"7","18","lance-stroll","aston-martin","mercedes","pirelli",,,"1:10.326",70326,"1:09.647",69647,"1:09.671",69671,"+0.428",428,"+0.091",91,15
1146,2025,21,8,8,"8","16","charles-leclerc","ferrari","ferrari","pirelli",,,"1:10.324",70324,"1:09.732",69732,"1:09.725",69725,"+0.482",482,"+0.054",54,19
1146,2025,21,9,9,"9","6","isack-hadjar","racing-bulls","honda-rbpt","pirelli",,,"1:10.095",70095,"1:09.608",69608,"1:09.775",69775,"+0.532",532,"+0.050",50,15
1146,2025,21,10,10,"10","27","nico-hulkenberg","kick-sauber","ferrari","pirelli",,,"1:10.333",70333,"1:09.735",69735,"1:09.935",69935,"+0.692",692,"+0.160",160,15
1146,2025,21,11,11,"11","44","lewis-hamilton","ferrari","ferrari","pirelli",,,"1:10.224",70224,"1:09.811",69811,,,,,,,14
1146,2025,21,12,12,"12","23","alexander-albon","williams","mercedes","pirelli",,,"1:10.275",70275,"1:09.813",69813,,,,,,,12
1146,2025,21,13,13,"13","10","pierre-gasly","alpine","renault","pirelli",,,"1:10.097",70097,"1:09.852",69852,,,,,,,12
1146,2025,21,14,14,"14","5","gabriel-bortoleto","kick-sauber","ferrari","pirelli",,,"1:10.217",70217,"1:09.923",69923,,,,,,,12
1146,2025,21,15,15,"15","87","oliver-bearman","haas","ferrari","pirelli",,,"1:10.066",70066,"1:09.946",69946,,,,,,,12
1146,2025,21,16,16,"16","43","franco-colapinto","alpine","renault","pirelli",,,"1:10.441",70441,,,,,,,,,6
1146,2025,21,17,17,"17","30","liam-lawson","racing-bulls","honda-rbpt","pirelli",,,"1:10.666",70666,,,,,,,,,5
1146,2025,21,18,18,"18","22","yuki-tsunoda","red-bull","honda-rbpt","pirelli",,,"1:10.692",70692,,,,,,,,,6
1146,2025,21,19,19,"19","31","esteban-ocon","haas","ferrari","pirelli",,,"1:10.872",70872,,,,,,,,,6
1146,2025,21,20,20,"20","55","carlos-sainz-jr","williams","mercedes","pirelli",,,"1:11.120",71120,,,,,,,,,6
1148,2025,23,1,1,"1","81","oscar-piastri","mclaren","mercedes","pirelli",,,"1:21.286",81286,"1:21.005",81005,"1:20.055",80055,,,,,18
1148,2025,23,2,2,"2","63","george-russell","mercedes","mercedes","pirelli",,,"1:21.432",81432,"1:21.136",81136,"1:20.087",80087,"+0.032",32,"+0.032",32,19
1148,2025,23,3,3,"3","4","lando-norris","mclaren","mercedes","pirelli",,,"1:21.398",81398,"1:20.956",80956,"1:20.285",80285,"+0.230",230,"+0.198",198,18
1148,2025,23,4,4,"4","14","fernando-alonso","aston-martin","mercedes","pirelli",,,"1:21.276",81276,"1:21.272",81272,"1:20.450",80450,"+0.395",395,"+0.165",165,18
1148,2025,23,5,5,"5","22","yuki-tsunoda","red-bull","honda-rbpt","pirelli",,,"1:21.458",81458,"1:21.152",81152,"1:20.519",80519,"+0.464",464,"+0.069",69,20
1148,2025,23,6,6,"6","1","max-verstappen","red-bull","honda-rbpt","pirelli",,,"1:21.172",81172,"1:21.036",81036,"1:20.528",80528,"+0.473",473,"+0.009",9,20
1148,2025,23,7,7,"7","12","kimi-antonelli","mercedes","mercedes","pirelli",,,"1:21.555",81555,"1:21.376",81376,"1:20.532",80532,"+0.477",477,"+0.004",4,18
1148,2025,23,8,8,"8","55","carlos-sainz-jr","williams","mercedes","pirelli",,,"1:21.438",81438,"1:21.172",81172,"1:20.542",80542,"+0.487",487,"+0.010",10,20
1148,2025,23,9,9,"9","16","charles-leclerc","ferrari","ferrari","pirelli",,,"1:21.636",81636,"1:21.190",81190,"1:20.622",80622,"+0.567",567,"+0.080",80,20
1148,2025,23,10,10,"10","23","alexander-albon","williams","mercedes","pirelli",,,"1:21.721",81721,"1:21.212",81212,"1:20.788",80788,"+0.733",733,"+0.166",166,20
1148,2025,23,11,11,"11","6","isack-hadjar","racing-bulls","honda-rbpt","pirelli",,,"1:21.399",81399,"1:21.433",81433,,,,,,,14
1148,2025,23,12,12,"12","87","oliver-bearman","haas","ferrari","pirelli",,,"1:21.526",81526,"1:21.494",81494,,,,,,,14
1148,2025,23,13,13,"13","5","gabriel-bortoleto","kick-sauber","ferrari","pirelli",,,"1:21.623",81623,"1:21.567",81567,,,,,,,13
1148,2025,23,14,14,"14","27","nico-hulkenberg","kick-sauber","ferrari","pirelli",,,"1:21.327",81327,"1:21.631",81631,,,,,,,14
1148,2025,23,15,15,"15","31","esteban-ocon","haas","ferrari","pirelli",,,"1:21.773",81773,"1:21.666",81666,,,,,,,14
1148,2025,23,16,16,"16","18","lance-stroll","aston-martin","mercedes","pirelli",,,"1:21.807",81807,,,,,,,,,7
1148,2025,23,17,17,"17","30","liam-lawson","racing-bulls","honda-rbpt","pirelli",,,"1:21.851",81851,,,,,,,,,6
1148,2025,23,18,18,"18","44","lewis-hamilton","ferrari","ferrari","pirelli",,,"1:22.043",82043,,,,,,,,,8
1148,2025,23,19,19,"19","10","pierre-gasly","alpine","renault","pirelli",,,"1:22.112",82112,,,,,,,,,8
1148,2025,23,20,20,"20","43","franco-colapinto","alpine","renault","pirelli",,,"1:22.364",82364,,,,,,,,,8
1151,2026,2,1,1,"1","63","george-russell","mercedes","mercedes","pirelli",,,"1:33.030",93030,"1:32.241",92241,"1:31.520",91520,,,,,13
1151,2026,2,2,2,"2","12","kimi-antonelli","mercedes","mercedes","pirelli",,,"1:33.455",93455,"1:32.291",92291,"1:31.809",91809,"+0.289",289,"+0.289",289,13
1151,2026,2,3,3,"3","1","lando-norris","mclaren","mercedes","pirelli",,,"1:33.783",93783,"1:33.086",93086,"1:32.141",92141,"+0.621",621,"+0.332",332,13
1151,2026,2,4,4,"4","44","lewis-hamilton","ferrari","ferrari","pirelli",,,"1:33.148",93148,"1:33.042",93042,"1:32.161",92161,"+0.641",641,"+0.020",20,15
1151,2026,2,5,5,"5","81","oscar-piastri","mclaren","mercedes","pirelli",,,"1:33.813",93813,"1:33.038",93038,"1:32.224",92224,"+0.704",704,"+0.063",63,13
1151,2026,2,6,6,"6","16","charles-leclerc","ferrari","ferrari","pirelli",,,"1:33.194",93194,"1:32.602",92602,"1:32.528",92528,"+1.008",1008,"+0.304",304,16
1151,2026,2,7,7,"7","10","pierre-gasly","alpine","mercedes","pirelli",,,"1:33.970",93970,"1:33.405",93405,"1:32.888",92888,"+1.368",1368,"+0.360",360,15
1151,2026,2,8,8,"8","3","max-verstappen","red-bull","red-bull-ford","pirelli",,,"1:34.170",94170,"1:33.564",93564,"1:33.254",93254,"+1.734",1734,"+0.366",366,17
1151,2026,2,9,9,"9","87","oliver-bearman","haas","ferrari","pirelli",,,"1:34.280",94280,"1:33.501",93501,"1:33.409",93409,"+1.889",1889,"+0.155",155,16
1151,2026,2,10,10,"10","6","isack-hadjar","red-bull","red-bull-ford","pirelli",,,"1:34.447",94447,"1:33.620",93620,"1:33.723",93723,"+2.203",2203,"+0.314",314,15
1151,2026,2,11,11,"11","27","nico-hulkenberg","audi","audi","pirelli",,,"1:33.997",93997,"1:33.635",93635,,,,,,,14
1151,2026,2,12,12,"12","31","esteban-ocon","haas","ferrari","pirelli",,,"1:34.087",94087,"1:33.639",93639,,,,,,,13
1151,2026,2,13,13,"13","30","liam-lawson","racing-bulls","red-bull-ford","pirelli",,,"1:34.110",94110,"1:33.714",93714,,,,,,,13
1151,2026,2,14,14,"14","5","gabriel-bortoleto","audi","audi","pirelli",,,"1:34.291",94291,"1:33.774",93774,,,,,,,14
1151,2026,2,15,15,"15","41","arvid-lindblad","racing-bulls","red-bull-ford","pirelli",,,"1:34.495",94495,"1:34.048",94048,,,,,,,13
1151,2026,2,16,16,"16","43","franco-colapinto","alpine","mercedes","pirelli",,,"1:34.592",94592,"1:34.327",94327,,,,,,,12
1151,2026,2,17,17,"17","55","carlos-sainz-jr","williams","mercedes","pirelli",,,"1:34.761",94761,,,,,,,,,6
1151,2026,2,18,18,"18","23","alexander-albon","williams","mercedes","pirelli",,,"1:35.305",95305,,,,,,,,,6
1151,2026,2,19,19,"19","14","fernando-alonso","aston-martin","honda","pirelli",,,"1:35.581",95581,,,,,,,,,5
1151,2026,2,20,20,"20","18","lance-stroll","aston-martin","honda","pirelli",,,"1:36.151",96151,,,,,,,,,7
1151,2026,2,21,21,"21","77","valtteri-bottas","cadillac","ferrari","pirelli",,,"1:37.378",97378,,,,,,,,,8
1153,2026,4,1,1,"1","1","lando-norris","mclaren","mercedes","pirelli",,,"1:28.723",88723,"1:29.366",89366,"1:27.869",87869,,,,,15
1153,2026,4,2,2,"2","12","kimi-antonelli","mercedes","mercedes","pirelli",,,"1:29.312",89312,"1:29.209",89209,"1:28.091",88091,"+0.222",222,"+0.222",222,14
1153,2026,4,3,3,"3","81","oscar-piastri","mclaren","mercedes","pirelli",,,"1:29.169",89169,"1:28.506",88506,"1:28.108",88108,"+0.239",239,"+0.017",17,11
1153,2026,4,4,4,"4","16","charles-leclerc","ferrari","ferrari","pirelli",,,"1:28.733",88733,"1:28.333",88333,"1:28.239",88239,"+0.370",370,"+0.131",131,15
1153,2026,4,5,5,"5","3","max-verstappen","red-bull","red-bull-ford","pirelli",,,"1:29.801",89801,"1:29.093",89093,"1:28.461",88461,"+0.592",592,"+0.222",222,12
1153,2026,4,6,6,"6","63","george-russell","mercedes","mercedes","pirelli",,,"1:29.659",89659,"1:28.903",88903,"1:28.493",88493,"+0.624",624,"+0.032",32,15
1153,2026,4,7,7,"7","44","lewis-hamilton","ferrari","ferrari","pirelli",,,"1:29.255",89255,"1:28.841",88841,"1:28.618",88618,"+0.749",749,"+0.125",125,15
1153,2026,4,8,8,"8","43","franco-colapinto","alpine","mercedes","pirelli",,,"1:30.386",90386,"1:29.527",89527,"1:29.320",89320,"+1.451",1451,"+0.702",702,15
1153,2026,4,9,9,"9","6","isack-hadjar","red-bull","red-bull-ford","pirelli",,,"1:30.352",90352,"1:29.750",89750,"1:29.422",89422,"+1.553",1553,"+0.102",102,15
1153,2026,4,10,10,"10","10","pierre-gasly","alpine","mercedes","pirelli",,,"1:29.984",89984,"1:29.973",89973,"1:29.474",89474,"+1.605",1605,"+0.052",52,15
1153,2026,4,11,11,"11","5","gabriel-bortoleto","audi","audi","pirelli",,,"1:30.561",90561,"1:29.994",89994,,,,,,,12
1153,2026,4,12,12,"12","27","nico-hulkenberg","audi","audi","pirelli",,,"1:30.270",90270,"1:30.019",90019,,,,,,,12
1153,2026,4,13,13,"13","87","oliver-bearman","haas","ferrari","pirelli",,,"1:30.614",90614,"1:30.116",90116,,,,,,,9
1153,2026,4,14,14,"14","55","carlos-sainz-jr","williams","mercedes","pirelli",,,"1:30.987",90987,"1:30.224",90224,,,,,,,12
1153,2026,4,15,15,"15","41","arvid-lindblad","racing-bulls","red-bull-ford","pirelli",,,"1:30.872",90872,"1:30.573",90573,,,,,,,9
1153,2026,4,16,16,"16","30","liam-lawson","racing-bulls","red-bull-ford","pirelli",,,"1:31.043",91043,,,,,,,,,5
1153,2026,4,17,17,"17","31","esteban-ocon","haas","ferrari","pirelli",,,"1:31.245",91245,,,,,,,,,6
1153,2026,4,18,18,"18","11","sergio-perez","cadillac","ferrari","pirelli",,,"1:31.255",91255,,,,,,,,,3
1153,2026,4,19,19,"19","23","alexander-albon","williams","mercedes","pirelli",,,"1:31.322",91322,"1:30.216",90216,,,,,,,6
1153,2026,4,20,20,"20","77","valtteri-bottas","cadillac","ferrari","pirelli",,,"1:31.826",91826,,,,,,,,,6
1153,2026,4,21,,"NC","14","fernando-alonso","aston-martin","honda","pirelli",,,"1:41.311",101311,,,,,,,,,6
1154,2026,5,1,1,"1","63","george-russell","mercedes","mercedes","pirelli",,,"1:14.772",74772,"1:13.026",73026,"1:12.965",72965,,,,,19
1154,2026,5,2,2,"2","12","kimi-antonelli","mercedes","mercedes","pirelli",,,"1:14.010",74010,"1:13.551",73551,"1:13.033",73033,"+0.068",68,"+0.068",68,16
1154,2026,5,3,3,"3","1","lando-norris","mclaren","mercedes","pirelli",,,"1:14.265",74265,"1:13.957",73957,"1:13.280",73280,"+0.315",315,"+0.247",247,15
1154,2026,5,4,4,"4","81","oscar-piastri","mclaren","mercedes","pirelli",,,"1:14.665",74665,"1:13.858",73858,"1:13.299",73299,"+0.334",334,"+0.019",19,15
1154,2026,5,5,5,"5","44","lewis-hamilton","ferrari","ferrari","pirelli",,,"1:13.889",73889,"1:13.465",73465,"1:13.326",73326,"+0.361",361,"+0.027",27,23
1154,2026,5,6,6,"6","16","charles-leclerc","ferrari","ferrari","pirelli",,,"1:15.006",75006,"1:13.554",73554,"1:13.410",73410,"+0.445",445,"+0.084",84,19
1154,2026,5,7,7,"7","3","max-verstappen","red-bull","red-bull-ford","pirelli",,,"1:14.028",74028,"1:14.412",74412,"1:13.504",73504,"+0.539",539,"+0.094",94,15
1154,2026,5,8,8,"8","6","isack-hadjar","red-bull","red-bull-ford","pirelli",,,"1:14.541",74541,"1:14.239",74239,"1:13.605",73605,"+0.640",640,"+0.101",101,17
1154,2026,5,9,9,"9","41","arvid-lindblad","racing-bulls","red-bull-ford","pirelli",,,"1:14.517",74517,"1:14.140",74140,"1:13.737",73737,"+0.772",772,"+0.132",132,19
1154,2026,5,10,10,"10","55","carlos-sainz-jr","williams","mercedes","pirelli",,,"1:15.500",75500,"1:14.547",74547,"1:14.536",74536,"+1.571",1571,"+0.799",799,24
1154,2026,5,11,11,"11","27","nico-hulkenberg","audi","audi","pirelli",,,"1:15.673",75673,"1:14.595",74595,,,,,,,14
1154,2026,5,12,12,"12","5","gabriel-bortoleto","audi","audi","pirelli",,,"1:15.801",75801,"1:14.627",74627,,,,,,,14
1154,2026,5,13,13,"13","43","franco-colapinto","alpine","mercedes","pirelli",,,"1:15.484",75484,"1:14.702",74702,,,,,,,16
1154,2026,5,14,14,"14","31","esteban-ocon","haas","ferrari","pirelli",,,"1:15.760",75760,"1:14.928",74928,,,,,,,17
1154,2026,5,15,15,"15","87","oliver-bearman","haas","ferrari","pirelli",,,"1:15.872",75872,"1:15.197",75197,,,,,,,17
1154,2026,5,16,16,"16","14","fernando-alonso","aston-martin","honda","pirelli",,,"1:15.760",75760,,,,,,,,,7
1154,2026,5,17,17,"17","11","sergio-perez","cadillac","ferrari","pirelli",,,"1:16.002",76002,,,,,,,,,8
1154,2026,5,18,18,"18","18","lance-stroll","aston-martin","honda","pirelli",,,"1:16.354",76354,,,,,,,,,9
1154,2026,5,19,19,"19","10","pierre-gasly","alpine","mercedes","pirelli",,,"1:16.642",76642,,,,,,,,,8
1154,2026,5,20,20,"20","77","valtteri-bottas","cadillac","ferrari","pirelli",,,"1:16.866",76866,,,,,,,,,8
1158,2026,9,1,1,"1","44","lewis-hamilton","ferrari","ferrari","pirelli",,,"1:29.273",89273,"1:28.747",88747,"1:28.376",88376,,,,,14
1158,2026,9,2,2,"2","12","kimi-antonelli","mercedes","mercedes","pirelli",,,"1:29.746",89746,"1:28.846",88846,"1:28.387",88387,"+0.011",11,"+0.011",11,15
1158,2026,9,3,3,"3","3","max-verstappen","red-bull","red-bull-ford","pirelli",,,"1:29.689",89689,"1:29.242",89242,"1:28.697",88697,"+0.321",321,"+0.310",310,12
1158,2026,9,4,4,"4","16","charles-leclerc","ferrari","ferrari","pirelli",,,"1:29.380",89380,"1:28.922",88922,"1:28.703",88703,"+0.327",327,"+0.006",6,14
1158,2026,9,5,5,"5","63","george-russell","mercedes","mercedes","pirelli",,,"1:29.675",89675,"1:29.246",89246,"1:28.733",88733,"+0.357",357,"+0.030",30,15
1158,2026,9,6,6,"6","1","lando-norris","mclaren","mercedes","pirelli",,,"1:30.142",90142,"1:29.401",89401,"1:28.740",88740,"+0.364",364,"+0.007",7,15
1158,2026,9,7,7,"7","81","oscar-piastri","mclaren","mercedes","pirelli",,,"1:29.583",89583,"1:29.120",89120,"1:28.772",88772,"+0.396",396,"+0.032",32,12
1158,2026,9,8,8,"8","6","isack-hadjar","red-bull","red-bull-ford","pirelli",,,"1:29.470",89470,"1:29.280",89280,"1:28.835",88835,"+0.459",459,"+0.063",63,14
1158,2026,9,9,9,"9","30","liam-lawson","racing-bulls","red-bull-ford","pirelli",,,"1:29.850",89850,"1:29.067",89067,"1:28.927",88927,"+0.551",551,"+0.092",92,12
1158,2026,9,10,10,"10","41","arvid-lindblad","racing-bulls","red-bull-ford","pirelli",,,"1:30.453",90453,"1:29.330",89330,"1:29.367",89367,"+0.991",991,"+0.440",440,12
1158,2026,9,11,11,"11","10","pierre-gasly","alpine","mercedes","pirelli",,,"1:30.444",90444,"1:29.482",89482,,,,,,,9
1158,2026,9,12,12,"12","5","gabriel-bortoleto","audi","audi","pirelli",,,"1:30.407",90407,"1:29.679",89679,,,,,,,12
1158,2026,9,13,13,"13","27","nico-hulkenberg","audi","audi","pirelli",,,"1:30.107",90107,"1:29.707",89707,,,,,,,12
1158,2026,9,14,14,"14","43","franco-colapinto","alpine","mercedes","pirelli",,,"1:30.894",90894,"1:29.983",89983,,,,,,,9
1158,2026,9,15,15,"15","55","carlos-sainz-jr","williams","mercedes","pirelli",,,"1:31.073",91073,"1:30.197",90197,,,,,,,12
1158,2026,9,16,16,"16","23","alexander-albon","williams","mercedes","pirelli",,,"1:30.779",90779,"1:30.650",90650,,,,,,,13
1158,2026,9,17,17,"17","87","oliver-bearman","haas","ferrari","pirelli",,,"1:31.083",91083,,,,,,,,,6
1158,2026,9,18,18,"18","31","esteban-ocon","haas","ferrari","pirelli",,,"1:31.714",91714,,,,,,,,,6
1158,2026,9,19,19,"19","11","sergio-perez","cadillac","ferrari","pirelli",,,"1:31.776",91776,,,,,,,,,6
1158,2026,9,20,20,"20","77","valtteri-bottas","cadillac","ferrari","pirelli",,,"1:32.020",92020,,,,,,,,,6
1158,2026,9,21,21,"21","14","fernando-alonso","aston-martin","honda","pirelli",,,"1:32.910",92910,,,,,,,,,5
1158,2026,9,22,22,"22","18","lance-stroll","aston-martin","honda","pirelli",,,"1:32.988",92988,,,,,,,,,5
1161,2026,12,1,1,"1","63","george-russell","mercedes","mercedes","pirelli",,,"1:13.278",73278,"1:12.235",72235,"1:11.567",71567,,,,,17
1161,2026,12,2,2,"2","1","lando-norris","mclaren","mercedes","pirelli",,,"1:13.071",73071,"1:12.189",72189,"1:11.608",71608,"+0.041",41,"+0.041",41,15
1161,2026,12,3,3,"3","16","charles-leclerc","ferrari","ferrari","pirelli",,,"1:13.011",73011,"1:12.190",72190,"1:11.622",71622,"+0.055",55,"+0.014",14,16
1161,2026,12,4,4,"4","81","oscar-piastri","mclaren","mercedes","pirelli",,,"1:13.126",73126,"1:12.026",72026,"1:11.666",71666,"+0.099",99,"+0.044",44,15
1161,2026,12,5,5,"5","12","kimi-antonelli","mercedes","mercedes","pirelli",,,"1:13.668",73668,"1:12.511",72511,"1:11.794",71794,"+0.227",227,"+0.128",128,15
1161,2026,12,6,6,"6","3","max-verstappen","red-bull","red-bull-ford","pirelli",,,"1:13.585",73585,"1:12.771",72771,"1:12.094",72094,"+0.527",527,"+0.300",300,15
1161,2026,12,7,7,"7","44","lewis-hamilton","ferrari","ferrari","pirelli",,,"1:13.151",73151,"1:12.445",72445,"1:12.191",72191,"+0.624",624,"+0.097",97,15
1161,2026,12,8,8,"8","10","pierre-gasly","alpine","mercedes","pirelli",,,"1:13.977",73977,"1:12.720",72720,"1:12.578",72578,"+1.011",1011,"+0.387",387,12
1161,2026,12,9,9,"9","5","gabriel-bortoleto","audi","audi","pirelli",,,"1:13.730",73730,"1:12.786",72786,"1:12.583",72583,"+1.016",1016,"+0.005",5,12
1161,2026,12,10,10,"10","41","arvid-lindblad","racing-bulls","red-bull-ford","pirelli",,,"1:14.057",74057,"1:12.785",72785,"1:12.737",72737,"+1.170",1170,"+0.154",154,15
1161,2026,12,11,11,"11","30","liam-lawson","red-bull","red-bull-ford","pirelli",,,"1:13.420",73420,"1:13.136",73136,,,,,,,13
1161,2026,12,12,12,"12","22","yuki-tsunoda","racing-bulls","red-bull-ford","pirelli",,,"1:14.490",74490,"1:13.145",73145,,,,,,,11
1161,2026,12,13,13,"13","43","franco-colapinto","alpine","mercedes","pirelli",,,"1:14.618",74618,"1:13.439",73439,,,,,,,9
1161,2026,12,14,14,"14","27","nico-hulkenberg","audi","audi","pirelli",,,"1:14.284",74284,"1:13.616",73616,,,,,,,13
1161,2026,12,15,15,"15","31","esteban-ocon","haas","ferrari","pirelli",,,"1:14.503",74503,"1:13.893",73893,,,,,,,12
1161,2026,12,16,16,"16","23","alexander-albon","williams","mercedes","pirelli",,,"1:14.596",74596,"1:14.294",74294,,,,,,,12
1161,2026,12,17,17,"17","87","oliver-bearman","haas","ferrari","pirelli",,,"1:14.728",74728,,,,,,,,,6
1161,2026,12,18,18,"18","55","carlos-sainz-jr","williams","mercedes","pirelli",,,"1:14.738",74738,,,,,,,,,7
1161,2026,12,19,19,"19","18","lance-stroll","aston-martin","honda","pirelli",,,"1:15.391",75391,,,,,,,,,5
1161,2026,12,20,20,"20","77","valtteri-bottas","cadillac","ferrari","pirelli",,,"1:15.472",75472,,,,,,,,,7
1161,2026,12,21,21,"21","11","sergio-perez","cadillac","ferrari","pirelli",,,"1:15.545",75545,,,,,,,,,7
1161,2026,12,22,22,"22","14","fernando-alonso","aston-martin","honda","pirelli",,,"1:16.014",76014,,,,,,,,,5
