"year","positionDisplayOrder","positionNumber","positionText","constructorId","engineManufacturerId","points","championshipWon"
1958,1,1,"1","vanwall","vanwall",48,true
1958,2,2,"2","ferrari","ferrari",40,false
1958,3,3,"3","cooper","climax",31,false
1958,4,4,"4","brm","brm",18,false
1958,5,5,"5","maserati","maserati",6,false
1958,6,6,"6","lotus","climax",3,false
1959,1,1,"1","cooper","climax",40,true
1959,2,2,"2","ferrari","ferrari",32,false
1959,3,3,"3","brm","brm",18,false
1959,4,4,"4","lotus","climax",5,false
1960,1,1,"1","cooper","climax",48,true
1960,2,2,"2","lotus","climax",34,false
1960,3,3,"3","ferrari","ferrari",26,false
1960,4,4,"4","brm","brm",8,false
1960,5,5,"5","cooper","maserati",3,false
1960,6,5,"5","cooper","castellotti",3,false
1960,7,7,"7","porsche","porsche",1,false
1961,1,1,"1","ferrari","ferrari",40,true
1961,2,2,"2","lotus","climax",32,false
1961,3,3,"3","porsche","porsche",22,false
1961,4,4,"4","cooper","climax",14,false
1961,5,5,"5","brm","climax",7,false
1962,1,1,"1","brm","brm",42,true
1962,2,2,"2","lotus","climax",36,false
1962,3,3,"3","cooper","climax",29,false
1962,4,4,"4","lola","climax",19,false
1962,5,5,"5","porsche","porsche",18,false
1962,6,6,"6","ferrari","ferrari",18,false
1962,7,7,"7","brabham","climax",6,false
1962,8,8,"8","lotus","brm",1,false
1963,1,1,"1","lotus","climax",54,true
1963,2,2,"2","brm","brm",36,false
1963,3,3,"3","brabham","climax",28,false
1963,4,4,"4","ferrari","ferrari",26,false
1963,5,5,"5","cooper","climax",25,false
1963,6,6,"6","brp","brm",6,false
1963,7,7,"7","porsche","porsche",5,false
1963,8,8,"8","lotus","brm",4,false
1964,1,1,"1","ferrari","ferrari",45,true
1964,2,2,"2","brm","brm",42,false
1964,3,3,"3","lotus","climax",37,false
1964,4,4,"4","brabham","climax",30,false
1964,5,5,"5","cooper","climax",16,false
1964,6,6,"6","brabham","brm",7,false
1964,7,7,"7","brp","brm",5,false
1964,8,8,"8","lotus","brm",3,false
1965,1,1,"1","lotus","climax",54,true
1965,2,2,"2","brm","brm",45,false
1965,3,3,"3","brabham","climax",27,false
1965,4,4,"4","ferrari","ferrari",26,false
1965,5,5,"5","cooper","climax",14,false
1965,6,6,"6","honda","honda",11,false
1965,7,7,"7","brabham","brm",5,false
1965,8,8,"8","lotus","brm",2,false
1966,1,1,"1","brabham","repco",42,true
1966,2,2,"2","ferrari","ferrari",31,false
1966,3,3,"3","cooper","maserati",30,false
1966,4,4,"4","brm","brm",22,false
1966,5,5,"5","lotus","brm",13,false
1966,6,6,"6","lotus","climax",8,false
1966,7,7,"7","eagle","climax",4,false
1966,8,8,"8","honda","honda",3,false
1966,9,9,"9","mclaren","ford",2,false
1966,10,10,"10","brabham","brm",1,false
1966,11,10,"10","mclaren","serenissima",1,false
1966,12,10,"10","brabham","climax",1,false
1967,1,1,"1","brabham","repco",63,true
1967,2,2,"2","lotus","ford",44,false
1967,3,3,"3","cooper","maserati",28,false
1967,4,4,"4","honda","honda",20,false
1967,5,5,"5","ferrari","ferrari",20,false
1967,6,6,"6","brm","brm",17,false
1967,7,7,"7","eagle","weslake",13,false
1967,8,8,"8","cooper","climax",6,false
1967,9,8,"8","lotus","brm",6,false
1967,10,10,"10","mclaren","brm",3,false
1967,11,11,"11","brabham","climax",2,false
1968,1,1,"1","lotus","ford",62,true
1968,2,2,"2","mclaren","ford",49,false
1968,3,3,"3","matra","ford",45,false
1968,4,4,"4","ferrari","ferrari",32,false
1968,5,5,"5","brm","brm",28,false
1968,6,6,"6","honda","honda",14,false
1968,7,7,"7","cooper","brm",14,false
1968,8,8,"8","brabham","repco",10,false
1968,9,9,"9","matra","matra",8,false
1968,10,10,"10","mclaren","brm",3,false
1969,1,1,"1","matra","ford",66,true
1969,2,2,"2","brabham","ford",49,false
1969,3,3,"3","lotus","ford",47,false
1969,4,4,"4","mclaren","ford",38,false
1969,5,5,"5","ferrari","ferrari",7,false
1969,6,5,"5","brm","brm",7,false
1970,1,1,"1","lotus","ford",59,true
1970,2,2,"2","ferrari","ferrari",52,false
1970,3,3,"3","march","ford",48,false
1970,4,4,"4","brabham","ford",35,false
1970,5,5,"5","mclaren","ford",35,false
1970,6,6,"6","brm","brm",23,false
1970,7,7,"7","matra","matra",23,false
1970,8,8,"8","surtees","ford",3,false
1971,1,1,"1","tyrrell","ford",73,true
1971,2,2,"2","brm","brm",36,false
1971,3,3,"3","ferrari","ferrari",33,false
1971,4,4,"4","march","ford",33,false
1971,5,5,"5","lotus","ford",21,false
1971,6,6,"6","mclaren","ford",10,false
1971,7,7,"7","matra","matra",9,false
1971,8,8,"8","surtees","ford",8,false
1971,9,9,"9","brabham","ford",5,false
1972,1,1,"1","lotus","ford",61,true
1972,2,2,"2","tyrrell","ford",51,false
1972,3,3,"3","mclaren","ford",47,false
1972,4,4,"4","ferrari","ferrari",33,false
1972,5,5,"5","surtees","ford",18,false
1972,6,6,"6","march","ford",15,false
1972,7,7,"7","brm","brm",14,false
1972,8,8,"8","matra","matra",12,false
1972,9,9,"9","brabham","ford",7,false
1973,1,1,"1","lotus","ford",92,true
1973,2,2,"2","tyrrell","ford",82,false
1973,3,3,"3","mclaren","ford",58,false
1973,4,4,"4","brabham","ford",22,false
1973,5,5,"5","march","ford",14,false
1973,6,6,"6","ferrari","ferrari",12,false
1973,7,7,"7","brm","brm",12,false
1973,8,8,"8","shadow","ford",9,false
1973,9,9,"9","surtees","ford",7,false
1973,10,10,"10","iso-marlboro","ford",2,false
1973,11,11,"11","tecno","tecno",1,false
1974,1,1,"1","mclaren","ford",73,true
1974,2,2,"2","ferrari","ferrari",65,false
1974,3,3,"3","tyrrell","ford",52,false
1974,4,4,"4","lotus","ford",42,false
1974,5,5,"5","brabham","ford",35,false
1974,6,6,"6","hesketh","ford",15,false
1974,7,7,"7","brm","brm",10,false
1974,8,8,"8","shadow","ford",7,false
1974,9,9,"9","march","ford",6,false
1974,10,10,"10","iso-marlboro","ford",4,false
1974,11,11,"11","surtees","ford",3,false
1974,12,12,"12","lola","ford",1,false
1975,1,1,"1","ferrari","ferrari",72.5,true
1975,2,2,"2","brabham","ford",54,false
1975,3,3,"3","mclaren","ford",53,false
1975,4,4,"4","hesketh","ford",33,false
1975,5,5,"5","tyrrell","ford",25,false
1975,6,6,"6","shadow","ford",9.5,false
1975,7,7,"7","lotus","ford",9,false
1975,8,8,"8","march","ford",7.5,false
1975,9,9,"9","frank-williams-racing-cars","ford",6,false
1975,10,10,"10","parnelli","ford",5,false
1975,11,11,"11","hill","ford",3,false
1975,12,12,"12","penske","ford",2,false
1975,13,13,"13","ensign","ford",1,false
1976,1,1,"1","ferrari","ferrari",83,true
1976,2,2,"2","mclaren","ford",74,false
1976,3,3,"3","tyrrell","ford",71,false
1976,4,4,"4","lotus","ford",29,false
1976,5,5,"5","penske","ford",20,false
1976,6,6,"6","ligier","matra",20,false
1976,7,7,"7","march","ford",19,false
1976,8,8,"8","shadow","ford",10,false
1976,9,9,"9","brabham","alfa-romeo",9,false
1976,10,10,"10","surtees","ford",7,false
1976,11,11,"11","fittipaldi","ford",3,false
1976,12,12,"12","ensign","ford",2,false
1976,13,13,"13","parnelli","ford",1,false
1977,1,1,"1","ferrari","ferrari",95,true
1977,2,2,"2","lotus","ford",62,false
1977,3,3,"3","mclaren","ford",60,false
1977,4,4,"4","wolf","ford",55,false
1977,5,5,"5","brabham","alfa-romeo",27,false
1977,6,6,"6","tyrrell","ford",27,false
1977,7,7,"7","shadow","ford",23,false
1977,8,8,"8","ligier","matra",18,false
1977,9,9,"9","fittipaldi","ford",11,false
1977,10,10,"10","ensign","ford",10,false
1977,11,11,"11","surtees","ford",6,false
1977,12,12,"12","penske","ford",1,false
1978,1,1,"1","lotus","ford",86,true
1978,2,2,"2","ferrari","ferrari",58,false
1978,3,3,"3","brabham","alfa-romeo",53,false
1978,4,4,"4","tyrrell","ford",38,false
1978,5,5,"5","wolf","ford",24,false
1978,6,6,"6","ligier","matra",19,false
1978,7,7,"7","fittipaldi","ford",17,false
1978,8,8,"8","mclaren","ford",15,false
1978,9,9,"9","williams","ford",11,false
1978,10,10,"10","arrows","ford",11,false
1978,11,11,"11","shadow","ford",6,false
1978,12,12,"12","renault","renault",3,false
1978,13,13,"13","surtees","ford",1,false
1978,14,13,"13","ensign","ford",1,false
1979,1,1,"1","ferrari","ferrari",113,true
1979,2,2,"2","williams","ford",75,false
1979,3,3,"3","ligier","ford",61,false
1979,4,4,"4","lotus","ford",39,false
1979,5,5,"5","tyrrell","ford",28,false
1979,6,6,"6","renault","renault",26,false
1979,7,7,"7","mclaren","ford",15,false
1979,8,8,"8","brabham","alfa-romeo",7,false
1979,9,9,"9","arrows","ford",5,false
1979,10,10,"10","shadow","ford",3,false
1979,11,11,"11","ats-wheels","ford",2,false
1979,12,12,"12","fittipaldi","ford",1,false
1980,1,1,"1","williams","ford",120,true
1980,2,2,"2","ligier","ford",66,false
1980,3,3,"3","brabham","ford",55,false
1980,4,4,"4","renault","renault",38,false
1980,5,5,"5","lotus","ford",14,false
1980,6,6,"6","tyrrell","ford",12,false
1980,7,7,"7","arrows","ford",11,false
1980,8,8,"8","fittipaldi","ford",11,false
1980,9,9,"9","mclaren","ford",11,false
1980,10,10,"10","ferrari","ferrari",8,false
1980,11,11,"11","alfa-romeo","alfa-romeo",4,false
1981,1,1,"1","williams","ford",95,true
1981,2,2,"2","brabham","ford",61,false
1981,3,3,"3","renault","renault",54,false
1981,4,4,"4","ligier","matra",44,false
1981,5,5,"5","ferrari","ferrari",34,false
1981,6,6,"6","mclaren","ford",28,false
1981,7,7,"7","lotus","ford",22,false
1981,8,8,"8","arrows","ford",10,false
1981,9,9,"9","alfa-romeo","alfa-romeo",10,false
1981,10,10,"10","tyrrell","ford",10,false
1981,11,11,"11","ensign","ford",5,false
1981,12,12,"12","theodore","ford",1,false
1981,13,12,"12","ats-wheels","ford",1,false
1982,1,1,"1","ferrari","ferrari",74,true
1982,2,2,"2","mclaren","ford",69,false
1982,3,3,"3","renault","renault",62,false
1982,4,4,"4","williams","ford",58,false
1982,5,5,"5","lotus","ford",30,false
1982,6,6,"6","tyrrell","ford",25,false
1982,7,7,"7","brabham","bmw",22,false
1982,8,8,"8","ligier","matra",20,false
1982,9,9,"9","brabham","ford",19,false
1982,10,10,"10","alfa-romeo","alfa-romeo",7,false
1982,11,11,"11","arrows","ford",5,false
1982,12,12,"12","ats-wheels","ford",4,false
1982,13,13,"13","osella","ford",3,false
1982,14,14,"14","fittipaldi","ford",1,false
1983,1,1,"1","ferrari","ferrari",89,true
1983,2,2,"2","renault","renault",79,false
1983,3,3,"3","brabham","bmw",72,false
1983,4,4,"4","williams","ford",36,false
1983,5,5,"5","mclaren","ford",34,false
1983,6,6,"6","alfa-romeo","alfa-romeo",18,false
1983,7,7,"7","tyrrell","ford",12,false
1983,8,8,"8","lotus","renault",11,false
1983,9,9,"9","toleman","hart",10,false
1983,10,10,"10","arrows","ford",4,false
1983,11,11,"11","williams","honda",2,false
1983,12,12,"12","theodore","ford",1,false
1983,13,12,"12","lotus","ford",1,false
1984,1,1,"1","mclaren","tag",143.5,true
1984,2,2,"2","ferrari","ferrari",57.5,false
1984,3,3,"3","lotus","renault",47,false
1984,4,4,"4","brabham","bmw",38,false
1984,5,5,"5","renault","renault",34,false
1984,6,6,"6","williams","honda",25.5,false
1984,7,7,"7","toleman","hart",16,false
1984,8,8,"8","alfa-romeo","alfa-romeo",11,false
1984,9,9,"9","ligier","renault",3,false
1984,10,9,"9","arrows","ford",3,false
1984,11,9,"9","arrows","bmw",3,false
1984,12,12,"12","osella","alfa-romeo",2,false
1984,13,,"DSQ","tyrrell","ford",0,false
1985,1,1,"1","mclaren","tag",90,true
1985,2,2,"2","ferrari","ferrari",82,false
1985,3,3,"3","williams","honda",71,false
1985,4,4,"4","lotus","renault",71,false
1985,5,5,"5","brabham","bmw",26,false
1985,6,6,"6","ligier","renault",23,false
1985,7,7,"7","renault","renault",16,false
1985,8,8,"8","arrows","bmw",14,false
1985,9,9,"9","tyrrell","ford",4,false
1985,10,10,"10","tyrrell","renault",3,false
1986,1,1,"1","williams","honda",141,true
1986,2,2,"2","mclaren","tag",96,false
1986,3,3,"3","lotus","renault",58,false
1986,4,4,"4","ferrari","ferrari",37,false
1986,5,5,"5","ligier","renault",29,false
1986,6,6,"6","benetton","bmw",19,false
1986,7,7,"7","tyrrell","renault",11,false
1986,8,8,"8","lola","ford",6,false
1986,9,9,"9","brabham","bmw",2,false
1986,10,10,"10","arrows","bmw",1,false
1987,1,1,"1","williams","honda",137,true
1987,2,2,"2","mclaren","tag",76,false
1987,3,3,"3","lotus","honda",64,false
1987,4,4,"4","ferrari","ferrari",53,false
1987,5,5,"5","benetton","ford",28,false
1987,6,6,"6","tyrrell","ford",11,false
1987,7,7,"7","arrows","megatron",11,false
1987,8,8,"8","brabham","bmw",10,false
1987,9,9,"9","lola","ford",3,false
1987,10,10,"10","zakspeed","zakspeed",2,false
1987,11,11,"11","ligier","megatron",1,false
1987,12,11,"11","march","ford",1,false
1987,13,11,"11","ags","ford",1,false
1988,1,1,"1","mclaren","honda",199,true
1988,2,2,"2","ferrari","ferrari",65,false
1988,3,3,"3","benetton","ford",39,false
1988,4,4,"4","lotus","honda",23,false
1988,5,5,"5","arrows","megatron",23,false
1988,6,6,"6","march","judd",22,false
1988,7,7,"7","williams","judd",20,false
1988,8,8,"8","tyrrell","ford",5,false
1988,9,9,"9","rial","ford",3,false
1988,10,10,"10","minardi","ford",1,false
1989,1,1,"1","mclaren","honda",141,true
1989,2,2,"2","williams","renault",77,false
1989,3,3,"3","ferrari","ferrari",59,false
1989,4,4,"4","benetton","ford",39,false
1989,5,5,"5","tyrrell","ford",16,false
1989,6,6,"6","lotus","judd",15,false
1989,7,7,"7","arrows","ford",13,false
1989,8,8,"8","dallara","ford",8,false
1989,9,9,"9","brabham","judd",8,false
1989,10,10,"10","onyx","ford",6,false
1989,11,11,"11","minardi","ford",6,false
1989,12,12,"12","march","judd",4,false
1989,13,13,"13","rial","ford",3,false
1989,14,14,"14","ligier","ford",3,false
1989,15,15,"15","ags","ford",1,false
1989,16,15,"15","lola","lamborghini",1,false
1990,1,1,"1","mclaren","honda",121,true
1990,2,2,"2","ferrari","ferrari",110,false
1990,3,3,"3","benetton","ford",71,false
1990,4,4,"4","williams","renault",57,false
1990,5,5,"5","tyrrell","ford",16,false
1990,6,6,"6","lola","lamborghini",11,false
1990,7,7,"7","leyton-house","judd",7,false
1990,8,8,"8","lotus","lamborghini",3,false
1990,9,9,"9","brabham","judd",2,false
1990,10,9,"9","arrows","ford",2,false
1991,1,1,"1","mclaren","honda",139,true
1991,2,2,"2","williams","renault",125,false
1991,3,3,"3","ferrari","ferrari",55.5,false
1991,4,4,"4","benetton","ford",38.5,false
1991,5,5,"5","jordan","ford",13,false
1991,6,6,"6","tyrrell","honda",12,false
1991,7,7,"7","minardi","ferrari",6,false
1991,8,8,"8","dallara","judd",5,false
1991,9,9,"9","lotus","judd",3,false
1991,10,10,"10","brabham","yamaha",3,false
1991,11,11,"11","lola","ford",2,false
1991,12,12,"12","leyton-house","ilmor",1,false
1992,1,1,"1","williams","renault",164,true
1992,2,2,"2","mclaren","honda",99,false
1992,3,3,"3","benetton","ford",91,false
1992,4,4,"4","ferrari","ferrari",21,false
1992,5,5,"5","lotus","ford",13,false
1992,6,6,"6","tyrrell","ilmor",8,false
1992,7,7,"7","footwork","mugen-honda",6,false
1992,8,7,"7","ligier","renault",6,false
1992,9,9,"9","march","ilmor",3,false
1992,10,10,"10","dallara","ferrari",2,false
1992,11,11,"11","venturi","lamborghini",1,false
1992,12,11,"11","minardi","lamborghini",1,false
1992,13,11,"11","jordan","yamaha",1,false
1993,1,1,"1","williams","renault",168,true
1993,2,2,"2","mclaren","ford",84,false
1993,3,3,"3","benetton","ford",72,false
1993,4,4,"4","ferrari","ferrari",28,false
1993,5,5,"5","ligier","renault",23,false
1993,6,6,"6","lotus","ford",12,false
1993,7,7,"7","sauber","sauber",12,false
1993,8,8,"8","minardi","ford",7,false
1993,9,9,"9","footwork","mugen-honda",4,false
1993,10,10,"10","larrousse","lamborghini",3,false
1993,11,10,"10","jordan","hart",3,false
1994,1,1,"1","williams","renault",118,true
1994,2,2,"2","benetton","ford",103,false
1994,3,3,"3","ferrari","ferrari",71,false
1994,4,4,"4","mclaren","peugeot",42,false
1994,5,5,"5","jordan","hart",28,false
1994,6,6,"6","ligier","renault",13,false
1994,7,7,"7","tyrrell","yamaha",13,false
1994,8,8,"8","sauber","mercedes",12,false
1994,9,9,"9","footwork","ford",9,false
1994,10,10,"10","minardi","ford",5,false
1994,11,11,"11","larrousse","ford",2,false
1995,1,1,"1","benetton","renault",137,true
1995,2,2,"2","williams","renault",112,false
1995,3,3,"3","ferrari","ferrari",73,false
1995,4,4,"4","mclaren","mercedes",30,false
1995,5,5,"5","ligier","mugen-honda",24,false
1995,6,6,"6","jordan","peugeot",21,false
1995,7,7,"7","sauber","ford",18,false
1995,8,8,"8","footwork","hart",5,false
1995,9,9,"9","tyrrell","yamaha",5,false
1995,10,10,"10","minardi","ford",1,false
1996,1,1,"1","williams","renault",175,true
1996,2,2,"2","ferrari","ferrari",70,false
1996,3,3,"3","benetton","renault",68,false
1996,4,4,"4","mclaren","mercedes",49,false
1996,5,5,"5","jordan","peugeot",22,false
1996,6,6,"6","ligier","mugen-honda",15,false
1996,7,7,"7","sauber","ford",11,false
1996,8,8,"8","tyrrell","yamaha",5,false
1996,9,9,"9","footwork","hart",1,false
1997,1,1,"1","williams","renault",123,true
1997,2,2,"2","ferrari","ferrari",102,false
1997,3,3,"3","benetton","renault",67,false
1997,4,4,"4","mclaren","mercedes",63,false
1997,5,5,"5","jordan","peugeot",33,false
1997,6,6,"6","prost","mugen-honda",21,false
1997,7,7,"7","sauber","petronas",16,false
1997,8,8,"8","arrows","yamaha",9,false
1997,9,9,"9","stewart","ford",6,false
1997,10,10,"10","tyrrell","ford",2,false
1998,1,1,"1","mclaren","mercedes",156,true
1998,2,2,"2","ferrari","ferrari",133,false
1998,3,3,"3","williams","mecachrome",38,false
1998,4,4,"4","jordan","mugen-honda",34,false
1998,5,5,"5","benetton","playlife",33,false
1998,6,6,"6","sauber","petronas",10,false
1998,7,7,"7","arrows","arrows",6,false
1998,8,8,"8","stewart","ford",5,false
1998,9,9,"9","prost","peugeot",1,false
1999,1,1,"1","ferrari","ferrari",128,true
1999,2,2,"2","mclaren","mercedes",124,false
1999,3,3,"3","jordan","mugen-honda",61,false
1999,4,4,"4","stewart","ford",36,false
1999,5,5,"5","williams","supertec",35,false
1999,6,6,"6","benetton","playlife",16,false
1999,7,7,"7","prost","peugeot",9,false
1999,8,8,"8","sauber","petronas",5,false
1999,9,9,"9","arrows","arrows",1,false
1999,10,10,"10","minardi","ford",1,false
2000,1,1,"1","ferrari","ferrari",170,true
2000,2,2,"2","mclaren","mercedes",152,false
2000,3,3,"3","williams","bmw",36,false
2000,4,4,"4","benetton","playlife",20,false
2000,5,5,"5","bar","honda",20,false
2000,6,6,"6","jordan","mugen-honda",17,false
2000,7,7,"7","arrows","supertec",7,false
2000,8,8,"8","sauber","petronas",6,false
2000,9,9,"9","jaguar","cosworth",4,false
2000,10,10,"10","minardi","fondmetal",0,false
2000,11,11,"11","prost","peugeot",0,false
2001,1,1,"1","ferrari","ferrari",179,true
2001,2,2,"2","mclaren","mercedes",102,false
2001,3,3,"3","williams","bmw",80,false
2001,4,4,"4","sauber","petronas",21,false
2001,5,5,"5","jordan","honda",19,false
2001,6,6,"6","bar","honda",17,false
2001,7,7,"7","benetton","renault",10,false
2001,8,8,"8","jaguar","cosworth",9,false
2001,9,9,"9","prost","acer",4,false
2001,10,10,"10","arrows","asiatech",1,false
2001,11,11,"11","minardi","european",0,false
2002,1,1,"1","ferrari","ferrari",221,true
2002,2,2,"2","williams","bmw",92,false
2002,3,3,"3","mclaren","mercedes",65,false
2002,4,4,"4","renault","renault",23,false
2002,5,5,"5","sauber","petronas",11,false
2002,6,6,"6","jordan","honda",9,false
2002,7,7,"7","jaguar","cosworth",8,false
2002,8,8,"8","bar","honda",7,false
2002,9,9,"9","minardi","asiatech",2,false
2002,10,10,"10","toyota","toyota",2,false
2002,11,11,"11","arrows","cosworth",2,false
2003,1,1,"1","ferrari","ferrari",158,true
2003,2,2,"2","williams","bmw",144,false
2003,3,3,"3","mclaren","mercedes",142,false
2003,4,4,"4","renault","renault",88,false
2003,5,5,"5","bar","honda",26,false
2003,6,6,"6","sauber","petronas",19,false
2003,7,7,"7","jaguar","cosworth",18,false
2003,8,8,"8","toyota","toyota",16,false
2003,9,9,"9","jordan","ford",13,false
2003,10,10,"10","minardi","cosworth",0,false
2004,1,1,"1","ferrari","ferrari",262,true
2004,2,2,"2","bar","honda",119,false
2004,3,3,"3","renault","renault",105,false
2004,4,4,"4","williams","bmw",88,false
2004,5,5,"5","mclaren","mercedes",69,false
2004,6,6,"6","sauber","petronas",34,false
2004,7,7,"7","jaguar","cosworth",10,false
2004,8,8,"8","toyota","toyota",9,false
2004,9,9,"9","jordan","ford",5,false
2004,10,10,"10","minardi","cosworth",1,false
2005,1,1,"1","renault","renault",191,true
2005,2,2,"2","mclaren","mercedes",182,false
2005,3,3,"3","ferrari","ferrari",100,false
2005,4,4,"4","toyota","toyota",88,false
2005,5,5,"5","williams","bmw",66,false
2005,6,6,"6","bar","honda",38,false
2005,7,7,"7","red-bull","cosworth",34,false
2005,8,8,"8","sauber","petronas",20,false
2005,9,9,"9","jordan","toyota",12,false
2005,10,10,"10","minardi","cosworth",7,false
2006,1,1,"1","renault","renault",206,true
2006,2,2,"2","ferrari","ferrari",201,false
2006,3,3,"3","mclaren","mercedes",110,false
2006,4,4,"4","honda","honda",86,false
2006,5,5,"5","bmw-sauber","bmw",36,false
2006,6,6,"6","toyota","toyota",35,false
2006,7,7,"7","red-bull","ferrari",16,false
2006,8,8,"8","williams","cosworth",11,false
2006,9,9,"9","toro-rosso","cosworth",1,false
2006,10,10,"10","midland","toyota",0,false
2006,11,11,"11","super-aguri","honda",0,false
2007,1,1,"1","ferrari","ferrari",204,true
2007,2,2,"2","bmw-sauber","bmw",101,false
2007,3,3,"3","renault","renault",51,false
2007,4,4,"4","williams","toyota",33,false
2007,5,5,"5","red-bull","renault",24,false
2007,6,6,"6","toyota","toyota",13,false
2007,7,7,"7","toro-rosso","ferrari",8,false
2007,8,8,"8","honda","honda",6,false
2007,9,9,"9","super-aguri","honda",4,false
2007,10,10,"10","spyker","ferrari",1,false
2007,11,,"EX","mclaren","mercedes",0,false
2008,1,1,"1","ferrari","ferrari",172,true
2008,2,2,"2","mclaren","mercedes",151,false
2008,3,3,"3","bmw-sauber","bmw",135,false
2008,4,4,"4","renault","renault",80,false
2008,5,5,"5","toyota","toyota",56,false
2008,6,6,"6","toro-rosso","ferrari",39,false
2008,7,7,"7","red-bull","renault",29,false
2008,8,8,"8","williams","toyota",26,false
2008,9,9,"9","honda","honda",14,false
2008,10,10,"10","force-india","ferrari",0,false
2008,11,11,"11","super-aguri","honda",0,false
2009,1,1,"1","brawn","mercedes",172,true
2009,2,2,"2","red-bull","renault",153.5,false
2009,3,3,"3","mclaren","mercedes",71,false
2009,4,4,"4","ferrari","ferrari",70,false
2009,5,5,"5","toyota","toyota",59.5,false
2009,6,6,"6","bmw-sauber","bmw",36,false
2009,7,7,"7","williams","toyota",34.5,false
2009,8,8,"8","renault","renault",26,false
2009,9,9,"9","force-india","mercedes",13,false
2009,10,10,"10","toro-rosso","ferrari",8,false
2010,1,1,"1","red-bull","renault",498,true
2010,2,2,"2","mclaren","mercedes",454,false
2010,3,3,"3","ferrari","ferrari",396,false
2010,4,4,"4","mercedes","mercedes",214,false
2010,5,5,"5","renault","renault",163,false
2010,6,6,"6","williams","cosworth",69,false
2010,7,7,"7","force-india","mercedes",68,false
2010,8,8,"8","sauber","ferrari",44,false
2010,9,9,"9","toro-rosso","ferrari",13,false
2010,10,10,"10","lotus-racing","cosworth",0,false
2010,11,11,"11","hrt","cosworth",0,false
2010,12,12,"12","virgin","cosworth",0,false
2011,1,1,"1","red-bull","renault",650,true
2011,2,2,"2","mclaren","mercedes",497,false
2011,3,3,"3","ferrari","ferrari",375,false
2011,4,4,"4","mercedes","mercedes",165,false
2011,5,5,"5","renault","renault",73,false
2011,6,6,"6","force-india","mercedes",69,false
2011,7,7,"7","sauber","ferrari",44,false
2011,8,8,"8","toro-rosso","ferrari",41,false
2011,9,9,"9","williams","cosworth",5,false
2011,10,10,"10","lotus-racing","renault",0,false
2011,11,11,"11","hrt","cosworth",0,false
2011,12,12,"12","virgin","cosworth",0,false
2012,1,1,"1","red-bull","renault",460,true
2012,2,2,"2","ferrari","ferrari",400,false
2012,3,3,"3","mclaren","mercedes",378,false
2012,4,4,"4","lotus-f1","renault",303,false
2012,5,5,"5","mercedes","mercedes",142,false
2012,6,6,"6","sauber","ferrari",126,false
2012,7,7,"7","force-india","mercedes",109,false
2012,8,8,"8","williams","renault",76,false
2012,9,9,"9","toro-rosso","ferrari",26,false
2012,10,10,"10","caterham","renault",0,false
2012,11,11,"11","marussia","cosworth",0,false
2012,12,12,"12","hrt","cosworth",0,false
2013,1,1,"1","red-bull","renault",596,true
2013,2,2,"2","mercedes","mercedes",360,false
2013,3,3,"3","ferrari","ferrari",354,false
2013,4,4,"4","lotus-f1","renault",315,false
2013,5,5,"5","mclaren","mercedes",122,false
2013,6,6,"6","force-india","mercedes",77,false
2013,7,7,"7","sauber","ferrari",57,false
2013,8,8,"8","toro-rosso","ferrari",33,false
2013,9,9,"9","williams","renault",5,false
2013,10,10,"10","marussia","cosworth",0,false
2013,11,11,"11","caterham","renault",0,false
2014,1,1,"1","mercedes","mercedes",701,true
2014,2,2,"2","red-bull","renault",405,false
2014,3,3,"3","williams","mercedes",320,false
2014,4,4,"4","ferrari","ferrari",216,false
2014,5,5,"5","mclaren","mercedes",181,false
2014,6,6,"6","force-india","mercedes",155,false
2014,7,7,"7","toro-rosso","renault",30,false
2014,8,8,"8","lotus-f1","renault",10,false
2014,9,9,"9","marussia","ferrari",2,false
2014,10,10,"10","sauber","ferrari",0,false
2014,11,11,"11","caterham","renault",0,false
2015,1,1,"1","mercedes","mercedes",703,true
2015,2,2,"2","ferrari","ferrari",428,false
2015,3,3,"3","williams","mercedes",257,false
2015,4,4,"4","red-bull","renault",187,false
2015,5,5,"5","force-india","mercedes",136,false
2015,6,6,"6","lotus-f1","mercedes",78,false
2015,7,7,"7","toro-rosso","renault",67,false
2015,8,8,"8","sauber","ferrari",36,false
2015,9,9,"9","mclaren","honda",27,false
2015,10,10,"10","marussia","ferrari",0,false
2016,1,1,"1","mercedes","mercedes",765,true
2016,2,2,"2","red-bull","tag-heuer",468,false
2016,3,3,"3","ferrari","ferrari",398,false
2016,4,4,"4","force-india","mercedes",173,false
2016,5,5,"5","williams","mercedes",138,false
2016,6,6,"6","mclaren","honda",76,false
2016,7,7,"7","toro-rosso","ferrari",63,false
2016,8,8,"8","haas","ferrari",29,false
2016,9,9,"9","renault","renault",8,false
2016,10,10,"10","sauber","ferrari",2,false
2016,11,11,"11","manor","mercedes",1,false
2017,1,1,"1","mercedes","mercedes",668,true
2017,2,2,"2","ferrari","ferrari",522,false
2017,3,3,"3","red-bull","tag-heuer",368,false
2017,4,4,"4","force-india","mercedes",187,false
2017,5,5,"5","williams","mercedes",83,false
2017,6,6,"6","renault","renault",57,false
2017,7,7,"7","toro-rosso","toro-rosso",53,false
2017,8,8,"8","haas","ferrari",47,false
2017,9,9,"9","mclaren","honda",30,false
2017,10,10,"10","sauber","ferrari",5,false
2018,1,1,"1","mercedes","mercedes",655,true
2018,2,2,"2","ferrari","ferrari",571,false
2018,3,3,"3","red-bull","tag-heuer",419,false
2018,4,4,"4","renault","renault",122,false
2018,5,5,"5","haas","ferrari",93,false
2018,6,6,"6","mclaren","renault",62,false
2018,7,7,"7","force-india","mercedes",52,false
2018,8,8,"8","sauber","ferrari",48,false
2018,9,9,"9","toro-rosso","honda",33,false
2018,10,10,"10","williams","mercedes",7,false
2018,11,,"EX","force-india","mercedes",0,false
2019,1,1,"1","mercedes","mercedes",739,true
2019,2,2,"2","ferrari","ferrari",504,false
2019,3,3,"3","red-bull","honda",417,false
2019,4,4,"4","mclaren","renault",145,false
2019,5,5,"5","renault","renault",91,false
2019,6,6,"6","toro-rosso","honda",85,false
2019,7,7,"7","racing-point","bwt-mercedes",73,false
2019,8,8,"8","alfa-romeo","ferrari",57,false
2019,9,9,"9","haas","ferrari",28,false
2019,10,10,"10","williams","mercedes",1,false
2020,1,1,"1","mercedes","mercedes",573,true
2020,2,2,"2","red-bull","honda",319,false
2020,3,3,"3","mclaren","renault",202,false
2020,4,4,"4","racing-point","bwt-mercedes",195,false
2020,5,5,"5","renault","renault",181,false
2020,6,6,"6","ferrari","ferrari",131,false
2020,7,7,"7","alphatauri","honda",107,false
2020,8,8,"8","alfa-romeo","ferrari",8,false
2020,9,9,"9","haas","ferrari",3,false
2020,10,10,"10","williams","mercedes",0,false
2021,1,1,"1","mercedes","mercedes",613.5,true
2021,2,2,"2","red-bull","honda",585.5,false
2021,3,3,"3","ferrari","ferrari",323.5,false
2021,4,4,"4","mclaren","mercedes",275,false
2021,5,5,"5","alpine","renault",155,false
2021,6,6,"6","alphatauri","honda",142,false
2021,7,7,"7","aston-martin","mercedes",77,false
2021,8,8,"8","williams","mercedes",23,false
2021,9,9,"9","alfa-romeo","ferrari",13,false
2021,10,10,"10","haas","ferrari",0,false
2022,1,1,"1","red-bull","rbpt",759,true
2022,2,2,"2","ferrari","ferrari",554,false
2022,3,3,"3","mercedes","mercedes",515,false
2022,4,4,"4","alpine","renault",173,false
2022,5,5,"5","mclaren","mercedes",159,false
2022,6,6,"6","alfa-romeo","ferrari",55,false
2022,7,7,"7","aston-martin","mercedes",55,false
2022,8,8,"8","haas","ferrari",37,false
2022,9,9,"9","alphatauri","rbpt",35,false
2022,10,10,"10","williams","mercedes",8,false
2023,1,1,"1","red-bull","honda-rbpt",860,true
2023,2,2,"2","mercedes","mercedes",409,false
2023,3,3,"3","ferrari","ferrari",406,false
2023,4,4,"4","mclaren","mercedes",302,false
2023,5,5,"5","aston-martin","mercedes",280,false
2023,6,6,"6","alpine","renault",120,false
2023,7,7,"7","williams","mercedes",28,false
2023,8,8,"8","alphatauri","honda-rbpt",25,false
2023,9,9,"9","alfa-romeo","ferrari",16,false
2023,10,10,"10","haas","ferrari",12,false
2024,1,1,"1","mclaren","mercedes",666,true
2024,2,2,"2","ferrari","ferrari",652,false
2024,3,3,"3","red-bull","honda-rbpt",589,false
2024,4,4,"4","mercedes","mercedes",468,false
2024,5,5,"5","aston-martin","mercedes",94,false
2024,6,6,"6","alpine","renault",65,false
2024,7,7,"7","haas","ferrari",58,false
2024,8,8,"8","rb","honda-rbpt",46,false
2024,9,9,"9","williams","mercedes",17,false
2024,10,10,"10","kick-sauber","ferrari",4,false
2025,1,1,"1","mclaren","mercedes",833,true
2025,2,2,"2","mercedes","mercedes",469,false
2025,3,3,"3","red-bull","honda-rbpt",451,false
2025,4,4,"4","ferrari","ferrari",398,false
2025,5,5,"5","williams","mercedes",137,false
2025,6,6,"6","racing-bulls","honda-rbpt",92,false
2025,7,7,"7","aston-martin","mercedes",89,false
2025,8,8,"8","haas","ferrari",79,false
2025,9,9,"9","kick-sauber","ferrari",70,false
2025,10,10,"10","alpine","renault",22,false
2026,1,1,"1","mercedes","mercedes",379,false
2026,2,2,"2","ferrari","ferrari",307,false
2026,3,3,"3","mclaren","mercedes",220,false
2026,4,4,"4","red-bull","red-bull-ford",177,false
2026,5,5,"5","racing-bulls","red-bull-ford",66,false
2026,6,6,"6","alpine","mercedes",61,false
2026,7,7,"7","haas","ferrari",21,false
2026,8,8,"8","audi","audi",12,false
2026,9,9,"9","williams","mercedes",11,false
2026,10,10,"10","aston-martin","honda",1,false
2026,11,11,"11","cadillac","ferrari",0,false
