"raceId","year","round","positionDisplayOrder","positionNumber","positionText","driverNumber","driverId","constructorId","engineManufacturerId","tyreManufacturerId","qualificationPositionNumber","qualificationPositionText","gridPenalty","gridPenaltyPositions","time","timeMillis"
1045,2021,10,1,1,"1","44","lewis-hamilton","mercedes","mercedes","pirelli",1,"1",,,"1:26.134",86134
1045,2021,10,2,2,"2","33","max-verstappen","red-bull","honda","pirelli",2,"2",,,"1:26.209",86209
1045,2021,10,3,3,"3","77","valtteri-bottas","mercedes","mercedes","pirelli",3,"3",,,"1:26.328",86328
1045,2021,10,4,4,"4","16","charles-leclerc","ferrari","ferrari","pirelli",4,"4",,,"1:26.828",86828
1045,2021,10,5,5,"5","11","sergio-perez","red-bull","honda","pirelli",5,"5",,,"1:26.844",86844
1045,2021,10,6,6,"6","4","lando-norris","mclaren","mercedes","pirelli",6,"6",,,"1:26.897",86897
1045,2021,10,7,7,"7","3","daniel-ricciardo","mclaren","mercedes","pirelli",7,"7",,,"1:26.899",86899
1045,2021,10,8,8,"8","63","george-russell","williams","mercedes","pirelli",8,"8",,,"1:26.971",86971
1045,2021,10,9,9,"9","55","carlos-sainz-jr","ferrari","ferrari","pirelli",9,"9",,,"1:27.007",87007
1045,2021,10,10,10,"10","5","sebastian-vettel","aston-martin","mercedes","pirelli",10,"10",,,"1:27.179",87179
1045,2021,10,11,11,"11","14","fernando-alonso","alpine","renault","pirelli",11,"11",,,"1:27.245",87245
1045,2021,10,12,12,"12","10","pierre-gasly","alphatauri","honda","pirelli",12,"12",,,"1:27.273",87273
1045,2021,10,13,13,"13","31","esteban-ocon","alpine","renault","pirelli",13,"13",,,"1:27.340",87340
1045,2021,10,14,14,"14","99","antonio-giovinazzi","alfa-romeo","ferrari","pirelli",14,"14",,,"1:27.617",87617
1045,2021,10,15,15,"15","18","lance-stroll","aston-martin","mercedes","pirelli",15,"15",,,"1:27.665",87665
1045,2021,10,16,16,"16","22","yuki-tsunoda","alphatauri","honda","pirelli",16,"16",,,"1:28.043",88043
1045,2021,10,17,17,"17","7","kimi-raikkonen","alfa-romeo","ferrari","pirelli",17,"17",,,"1:28.062",88062
1045,2021,10,18,18,"18","6","nicholas-latifi","williams","mercedes","pirelli",18,"18",,,"1:28.254",88254
1045,2021,10,19,19,"19","47","mick-schumacher","haas","ferrari","pirelli",19,"19",,,"1:28.738",88738
1045,2021,10,20,20,"20","9","nikita-mazepin","haas","ferrari","pirelli",20,"20",,,"1:29.051",89051
1049,2021,14,1,1,"1","77","valtteri-bottas","mercedes","mercedes","pirelli",1,"1",,,"1:19.555",79555
1049,2021,14,2,2,"2","44","lewis-hamilton","mercedes","mercedes","pirelli",2,"2",,,"1:19.651",79651
1049,2021,14,3,3,"3","33","max-verstappen","red-bull","honda","pirelli",3,"3",,,"1:19.966",79966
1049,2021,14,4,4,"4","4","lando-norris","mclaren","mercedes","pirelli",4,"4",,,"1:19.989",79989
1049,2021,14,5,5,"5","3","daniel-ricciardo","mclaren","mercedes","pirelli",5,"5",,,"1:19.995",79995
1049,2021,14,6,6,"6","10","pierre-gasly","alphatauri","honda","pirelli",6,"6",,,"1:20.260",80260
1049,2021,14,7,7,"7","55","carlos-sainz-jr","ferrari","ferrari","pirelli",7,"7",,,"1:20.462",80462
1049,2021,14,8,8,"8","16","charles-leclerc","ferrari","ferrari","pirelli",8,"8",,,"1:20.510",80510
1049,2021,14,9,9,"9","11","sergio-perez","red-bull","honda","pirelli",9,"9",,,"1:20.611",80611
1049,2021,14,10,10,"10","99","antonio-giovinazzi","alfa-romeo","ferrari","pirelli",10,"10",,,"1:20.808",80808
1049,2021,14,11,11,"11","5","sebastian-vettel","aston-martin","mercedes","pirelli",11,"11",,,"1:20.913",80913
1049,2021,14,12,12,"12","18","lance-stroll","aston-martin","mercedes","pirelli",12,"12",,,"1:21.020",81020
1049,2021,14,13,13,"13","14","fernando-alonso","alpine","renault","pirelli",13,"13",,,"1:21.069",81069
1049,2021,14,14,14,"14","31","esteban-ocon","alpine","renault","pirelli",14,"14",,,"1:21.103",81103
1049,2021,14,15,15,"15","63","george-russell","williams","mercedes","pirelli",15,"15",,,"1:21.392",81392
1049,2021,14,16,16,"16","6","nicholas-latifi","williams","mercedes","pirelli",16,"16",,,"1:21.925",81925
1049,2021,14,17,17,"17","22","yuki-tsunoda","alphatauri","honda","pirelli",17,"17",,,"1:21.973",81973
1049,2021,14,18,18,"18","47","mick-schumacher","haas","ferrari","pirelli",18,"18",,,"1:22.248",82248
1049,2021,14,19,19,"19","88","robert-kubica","alfa-romeo","ferrari","pirelli",19,"19",,,"1:22.530",82530
1049,2021,14,20,20,"20","9","nikita-mazepin","haas","ferrari","pirelli",20,"20",,,"1:22.716",82716
1054,2021,19,1,1,"1","33","max-verstappen","red-bull","honda","pirelli",1,"1",,,"1:08.372",68372
1054,2021,19,2,2,"2","77","valtteri-bottas","mercedes","mercedes","pirelli",2,"2",,,"1:08.469",68469
1054,2021,19,3,3,"3","11","sergio-perez","red-bull","honda","pirelli",3,"3",,,"1:08.483",68483
1054,2021,19,4,4,"4","10","pierre-gasly","alphatauri","honda","pirelli",4,"4",,,"1:08.777",68777
1054,2021,19,5,5,"5","55","carlos-sainz-jr","ferrari","ferrari","pirelli",5,"5",,,"1:08.826",68826
1054,2021,19,6,6,"6","16","charles-leclerc","ferrari","ferrari","pirelli",6,"6",,,"1:08.960",68960
1054,2021,19,7,7,"7","4","lando-norris","mclaren","mercedes","pirelli",7,"7",,,"1:08.980",68980
1054,2021,19,8,8,"8","3","daniel-ricciardo","mclaren","mercedes","pirelli",8,"8",,,"1:09.039",69039
1054,2021,19,9,9,"9","14","fernando-alonso","alpine","renault","pirelli",9,"9",,,"1:09.113",69113
1054,2021,19,10,10,"10","31","esteban-ocon","alpine","renault","pirelli",10,"10",,,"1:09.189",69189
1054,2021,19,11,11,"11","5","sebastian-vettel","aston-martin","mercedes","pirelli",11,"11",,,"1:09.399",69399
1054,2021,19,12,12,"12","22","yuki-tsunoda","alphatauri","honda","pirelli",12,"12",,,"1:09.483",69483
1054,2021,19,13,13,"13","7","kimi-raikkonen","alfa-romeo","ferrari","pirelli",13,"13",,,"1:09.503",69503
1054,2021,19,14,14,"14","99","antonio-giovinazzi","alfa-romeo","ferrari","pirelli",14,"14",,,"1:10.227",70227
1054,2021,19,15,15,"15","18","lance-stroll","aston-martin","mercedes","pirelli",15,"15",,,"1:09.663",69663
1054,2021,19,16,16,"16","6","nicholas-latifi","williams","mercedes","pirelli",16,"16",,,"1:09.897",69897
1054,2021,19,17,17,"17","63","george-russell","williams","mercedes","pirelli",17,"17",,,"1:09.953",69953
1054,2021,19,18,18,"18","47","mick-schumacher","haas","ferrari","pirelli",18,"18",,,"1:10.329",70329
1054,2021,19,19,19,"19","9","nikita-mazepin","haas","ferrari","pirelli",19,"19",,,"1:10.589",70589
1054,2021,19,20,20,"20","44","lewis-hamilton","mercedes","mercedes","pirelli",,"DSQ",,,,
1061,2022,4,1,1,"1","1","max-verstappen","red-bull","rbpt","pirelli",1,"1",,,"1:27.999",87999
1061,2022,4,2,2,"2","16","charles-leclerc","ferrari","ferrari","pirelli",2,"2",,,"1:28.778",88778
1061,2022,4,3,3,"3","4","lando-norris","mclaren","mercedes","pirelli",3,"3",,,"1:29.131",89131
1061,2022,4,4,4,"4","20","kevin-magnussen","haas","ferrari","pirelli",4,"4",,,"1:29.164",89164
1061,2022,4,5,5,"5","14","fernando-alonso","alpine","renault","pirelli",5,"5",,,"1:29.202",89202
1061,2022,4,6,6,"6","3","daniel-ricciardo","mclaren","mercedes","pirelli",6,"6",,,"1:29.742",89742
1061,2022,4,7,7,"7","11","sergio-perez","red-bull","rbpt","pirelli",7,"7",,,"1:29.808",89808
1061,2022,4,8,8,"8","77","valtteri-bottas","alfa-romeo","ferrari","pirelli",8,"8",,,"1:30.439",90439
1061,2022,4,9,9,"9","5","sebastian-vettel","aston-martin","mercedes","pirelli",9,"9",,,"1:31.062",91062
1061,2022,4,10,10,"10","55","carlos-sainz-jr","ferrari","ferrari","pirelli",10,"10",,,,
1061,2022,4,11,11,"11","63","george-russell","mercedes","mercedes","pirelli",11,"11",,,"1:20.757",80757
1061,2022,4,12,12,"12","47","mick-schumacher","haas","ferrari","pirelli",12,"12",,,"1:20.916",80916
1061,2022,4,13,13,"13","44","lewis-hamilton","mercedes","mercedes","pirelli",13,"13",,,"1:21.138",81138
1061,2022,4,14,14,"14","24","guanyu-zhou","alfa-romeo","ferrari","pirelli",14,"14",,,"1:21.434",81434
1061,2022,4,15,15,"15","18","lance-stroll","aston-martin","mercedes","pirelli",15,"15",,,"1:28.119",88119
1061,2022,4,16,16,"16","22","yuki-tsunoda","alphatauri","rbpt","pirelli",16,"16",,,"1:20.474",80474
1061,2022,4,17,17,"17","10","pierre-gasly","alphatauri","rbpt","pirelli",17,"17",,,"1:20.732",80732
1061,2022,4,18,18,"18","6","nicholas-latifi","williams","mercedes","pirelli",18,"18",,,"1:21.971",81971
1061,2022,4,19,19,"19","31","esteban-ocon","alpine","renault","pirelli",19,"19",,,"1:22.338",82338
1061,2022,4,20,,"PL","23","alexander-albon","williams","mercedes","pirelli",,"NC",,,,
1068,2022,11,1,1,"1","1","max-verstappen","red-bull","rbpt","pirelli",1,"1",,,"1:04.984",64984
1068,2022,11,2,2,"2","16","charles-leclerc","ferrari","ferrari","pirelli",2,"2",,,"1:05.013",65013
1068,2022,11,3,3,"3","55","carlos-sainz-jr","ferrari","ferrari","pirelli",3,"3",,,"1:05.066",65066
1068,2022,11,4,4,"4","63","george-russell","mercedes","mercedes","pirelli",4,"4",,,"1:05.431",65431
1068,2022,11,5,5,"5","31","esteban-ocon","alpine","renault","pirelli",5,"5",,,"1:05.726",65726
1068,2022,11,6,6,"6","20","kevin-magnussen","haas","ferrari","pirelli",6,"6",,,"1:05.879",65879
1068,2022,11,7,7,"7","47","mick-schumacher","haas","ferrari","pirelli",7,"7",,,"1:06.011",66011
1068,2022,11,8,8,"8","14","fernando-alonso","alpine","renault","pirelli",8,"8",,,"1:06.103",66103
1068,2022,11,9,9,"9","44","lewis-hamilton","mercedes","mercedes","pirelli",9,"9",,,"1:13.151",73151
1068,2022,11,10,10,"10","10","pierre-gasly","alphatauri","rbpt","pirelli",10,"10",,,"1:06.160",66160
1068,2022,11,11,11,"11","23","alexander-albon","williams","mercedes","pirelli",11,"11",,,"1:06.230",66230
1068,2022,11,12,12,"12","77","valtteri-bottas","alfa-romeo","ferrari","pirelli",12,"12","SFB",,"1:06.319",66319
1068,2022,11,13,13,"13","11","sergio-perez","red-bull","rbpt","pirelli",13,"13",,,"1:06.458",66458
1068,2022,11,14,14,"14","22","yuki-tsunoda","alphatauri","rbpt","pirelli",14,"14",,,"1:06.851",66851
1068,2022,11,15,15,"15","4","lando-norris","mclaren","mercedes","pirelli",15,"15",,,"1:25.847",85847
1068,2022,11,16,16,"16","3","daniel-ricciardo","mclaren","mercedes","pirelli",16,"16",,,"1:06.613",66613
1068,2022,11,17,17,"17","18","lance-stroll","aston-martin","mercedes","pirelli",17,"17",,,"1:06.847",66847
1068,2022,11,18,18,"18","24","guanyu-zhou","alfa-romeo","ferrari","pirelli",18,"18",,,"1:06.901",66901
1068,2022,11,19,19,"19","6","nicholas-latifi","williams","mercedes","pirelli",19,"19",,,"1:07.003",67003
1068,2022,11,20,20,"20","5","sebastian-vettel","aston-martin","mercedes","pirelli",20,"20",,,"1:07.083",67083
1078,2022,21,1,1,"1","20","kevin-magnussen","haas","ferrari","pirelli",1,"1",,,"1:11.674",71674
1078,2022,21,2,2,"2","1","max-verstappen","red-bull","rbpt","pirelli",2,"2",,,"1:11.877",71877
1078,2022,21,3,3,"3","63","george-russell","mercedes","mercedes","pirelli",3,"3",,,"1:12.059",72059
1078,2022,21,4,4,"4","4","lando-norris","mclaren","mercedes","pirelli",4,"4",,,"1:12.263",72263
1078,2022,21,5,5,"5","55","carlos-sainz-jr","ferrari","ferrari","pirelli",5,"5",,,"1:12.357",72357
1078,2022,21,6,6,"6","31","esteban-ocon","alpine","renault","pirelli",6,"6",,,"1:12.425",72425
1078,2022,21,7,7,"7","14","fernando-alonso","alpine","renault","pirelli",7,"7",,,"1:12.504",72504
1078,2022,21,8,8,"8","44","lewis-hamilton","mercedes","mercedes","pirelli",8,"8",,,"1:12.611",72611
1078,2022,21,9,9,"9","11","sergio-perez","red-bull","rbpt","pirelli",9,"9",,,"1:15.601",75601
1078,2022,21,10,10,"10","16","charles-leclerc","ferrari","ferrari","pirelli",10,"10",,,,
1078,2022,21,11,11,"11","23","alexander-albon","williams","mercedes","pirelli",11,"11",,,"1:11.631",71631
1078,2022,21,12,12,"12","10","pierre-gasly","alphatauri","rbpt","pirelli",12,"12",,,"1:11.675",71675
1078,2022,21,13,13,"13","5","sebastian-vettel","aston-martin","mercedes","pirelli",13,"13",,,"1:11.678",71678
1078,2022,21,14,14,"14","3","daniel-ricciardo","mclaren","mercedes","pirelli",14,"14",,,"1:12.140",72140
1078,2022,21,15,15,"15","18","lance-stroll","aston-martin","mercedes","pirelli",15,"15",,,"1:12.210",72210
1078,2022,21,16,16,"16","6","nicholas-latifi","williams","mercedes","pirelli",16,"16",,,"1:15.095",75095
1078,2022,21,17,17,"17","24","guanyu-zhou","alfa-romeo","ferrari","pirelli",17,"17",,,"1:15.197",75197
1078,2022,21,18,18,"18","77","valtteri-bottas","alfa-romeo","ferrari","pirelli",18,"18",,,"1:15.486",75486
1078,2022,21,19,19,"19","22","yuki-tsunoda","alphatauri","rbpt","pirelli",19,"19",,,"1:16.264",76264
1078,2022,21,20,20,"20","47","mick-schumacher","haas","ferrari","pirelli",20,"20",,,"1:16.361",76361
1083,2023,4,1,1,"1","16","charles-leclerc","ferrari","ferrari","pirelli",1,"1",,,"1:41.697",101697
1083,2023,4,2,2,"2","11","sergio-perez","red-bull","honda-rbpt","pirelli",2,"2",,,"1:41.844",101844
1083,2023,4,3,3,"3","1","max-verstappen","red-bull","honda-rbpt","pirelli",3,"3",,,"1:41.987",101987
1083,2023,4,4,4,"4","63","george-russell","mercedes","mercedes","pirelli",4,"4",,,"1:42.252",102252
1083,2023,4,5,5,"5","55","carlos-sainz-jr","ferrari","ferrari","pirelli",5,"5",,,"1:42.287",102287
1083,2023,4,6,6,"6","44","lewis-hamilton","mercedes","mercedes","pirelli",6,"6",,,"1:42.502",102502
1083,2023,4,7,7,"7","23","alexander-albon","williams","mercedes","pirelli",7,"7",,,"1:42.846",102846
1083,2023,4,8,8,"8","14","fernando-alonso","aston-martin","mercedes","pirelli",8,"8",,,"1:43.010",103010
1083,2023,4,9,9,"9","18","lance-stroll","aston-martin","mercedes","pirelli",9,"9",,,"1:43.064",103064
1083,2023,4,10,10,"10","4","lando-norris","mclaren","mercedes","pirelli",10,"10",,,,
1083,2023,4,11,11,"11","81","oscar-piastri","mclaren","mercedes","pirelli",11,"11",,,"1:43.427",103427
1083,2023,4,12,12,"12","27","nico-hulkenberg","haas","ferrari","pirelli",12,"12",,,"1:43.806",103806
1083,2023,4,13,13,"13","20","kevin-magnussen","haas","ferrari","pirelli",14,"14",,,"1:44.332",104332
1083,2023,4,14,14,"14","24","guanyu-zhou","alfa-romeo","ferrari","pirelli",16,"16",,,"1:45.177",105177
1083,2023,4,15,15,"15","77","valtteri-bottas","alfa-romeo","ferrari","pirelli",17,"17",,,"1:45.352",105352
1083,2023,4,16,16,"16","22","yuki-tsunoda","alphatauri","honda-rbpt","pirelli",18,"18",,,"1:45.436",105436
1083,2023,4,17,17,"17","10","pierre-gasly","alpine","renault","pirelli",19,"19",,,"1:46.951",106951
1083,2023,4,18,18,"18","21","nyck-de-vries","alphatauri","honda-rbpt","pirelli",20,"20",,,"1:48.180",108180
1083,2023,4,19,,"PL","31","esteban-ocon","alpine","renault","pirelli",13,"13",,,"1:44.088",104088
1088,2023,9,1,1,"1","1","max-verstappen","red-bull","honda-rbpt","pirelli",1,"1",,,"1:04.440",64440
1088,2023,9,2,2,"2","11","sergio-perez","red-bull","honda-rbpt","pirelli",2,"2",,,"1:04.933",64933
1088,2023,9,3,3,"3","4","lando-norris","mclaren","mercedes","pirelli",3,"3",,,"1:05.010",65010
1088,2023,9,4,4,"4","27","nico-hulkenberg","haas","ferrari","pirelli",4,"4",,,"1:05.084",65084
1088,2023,9,5,5,"5","55","carlos-sainz-jr","ferrari","ferrari","pirelli",5,"5",,,"1:05.136",65136
1088,2023,9,6,6,"6","14","fernando-alonso","aston-martin","mercedes","pirelli",7,"7",,,"1:05.258",65258
1088,2023,9,7,7,"7","18","lance-stroll","aston-martin","mercedes","pirelli",8,"8",,,"1:05.347",65347
1088,2023,9,8,8,"8","31","esteban-ocon","alpine","renault","pirelli",9,"9",,,"1:05.366",65366
1088,2023,9,9,9,"9","16","charles-leclerc","ferrari","ferrari","pirelli",6,"6","3",3,"1:05.245",65245
1088,2023,9,10,10,"10","20","kevin-magnussen","haas","ferrari","pirelli",10,"10",,,"1:05.912",65912
1088,2023,9,11,11,"11","23","alexander-albon","williams","mercedes","pirelli",11,"11",,,"1:06.152",66152
1088,2023,9,12,12,"12","10","pierre-gasly","alpine","renault","pirelli",12,"12",,,"1:06.360",66360
1088,2023,9,13,13,"13","22","yuki-tsunoda","alphatauri","honda-rbpt","pirelli",13,"13",,,"1:06.369",66369
1088,2023,9,14,14,"14","21","nyck-de-vries","alphatauri","honda-rbpt","pirelli",14,"14",,,"1:06.593",66593
1088,2023,9,15,15,"15","63","george-russell","mercedes","mercedes","pirelli",15,"15",,,,
1088,2023,9,16,16,"16","24","guanyu-zhou","alfa-romeo","ferrari","pirelli",16,"16",,,"1:07.062",67062
1088,2023,9,17,17,"17","81","oscar-piastri","mclaren","mercedes","pirelli",17,"17",,,"1:07.106",67106
1088,2023,9,18,18,"18","44","lewis-hamilton","mercedes","mercedes","pirelli",18,"18",,,"1:07.282",67282
1088,2023,9,19,19,"19","77","valtteri-bottas","alfa-romeo","ferrari","pirelli",19,"19",,,"1:07.291",67291
1088,2023,9,20,20,"20","2","logan-sargeant","williams","mercedes","pirelli",20,"20",,,"1:07.426",67426
1091,2023,12,1,1,"1","1","max-verstappen","red-bull","honda-rbpt","pirelli",1,"1",,,"1:49.056",109056
1091,2023,12,2,2,"2","81","oscar-piastri","mclaren","mercedes","pirelli",2,"2",,,"1:49.067",109067
1091,2023,12,3,3,"3","55","carlos-sainz-jr","ferrari","ferrari","pirelli",3,"3",,,"1:49.081",109081
1091,2023,12,4,4,"4","16","charles-leclerc","ferrari","ferrari","pirelli",4,"4",,,"1:49.251",109251
1091,2023,12,5,5,"5","4","lando-norris","mclaren","mercedes","pirelli",5,"5",,,"1:49.389",109389
1091,2023,12,6,6,"6","10","pierre-gasly","alpine","renault","pirelli",6,"6",,,"1:49.700",109700
1091,2023,12,7,7,"7","44","lewis-hamilton","mercedes","mercedes","pirelli",7,"7",,,"1:49.900",109900
1091,2023,12,8,8,"8","11","sergio-perez","red-bull","honda-rbpt","pirelli",8,"8",,,"1:49.961",109961
1091,2023,12,9,9,"9","31","esteban-ocon","alpine","renault","pirelli",9,"9",,,"1:50.494",110494
1091,2023,12,10,10,"10","63","george-russell","mercedes","mercedes","pirelli",10,"10",,,"1:55.742",115742
1091,2023,12,11,11,"11","3","daniel-ricciardo","alphatauri","honda-rbpt","pirelli",11,"11",,,"1:57.687",117687
1091,2023,12,12,12,"12","23","alexander-albon","williams","mercedes","pirelli",12,"12",,,,
1091,2023,12,13,13,"13","2","logan-sargeant","williams","mercedes","pirelli",13,"13",,,,
1091,2023,12,14,14,"14","18","lance-stroll","aston-martin","mercedes","pirelli",14,"14",,,,
1091,2023,12,15,15,"15","14","fernando-alonso","aston-martin","mercedes","pirelli",15,"15",,,,
1091,2023,12,16,16,"16","22","yuki-tsunoda","alphatauri","honda-rbpt","pirelli",16,"16",,,"2:00.568",120568
1091,2023,12,17,17,"17","77","valtteri-bottas","alfa-romeo","ferrari","pirelli",17,"17",,,"2:00.951",120951
1091,2023,12,18,18,"18","20","kevin-magnussen","haas","ferrari","pirelli",18,"18",,,"2:01.079",121079
1091,2023,12,19,19,"19","24","guanyu-zhou","alfa-romeo","ferrari","pirelli",19,"19",,,"2:01.430",121430
1091,2023,12,20,20,"20","27","nico-hulkenberg","haas","ferrari","pirelli",,"NC",,,,
1096,2023,17,1,1,"1","81","oscar-piastri","mclaren","mercedes","pirelli",1,"1",,,"1:24.454",84454
1096,2023,17,2,2,"2","4","lando-norris","mclaren","mercedes","pirelli",2,"2",,,"1:24.536",84536
1096,2023,17,3,3,"3","1","max-verstappen","red-bull","honda-rbpt","pirelli",3,"3",,,"1:24.646",84646
1096,2023,17,4,4,"4","63","george-russell","mercedes","mercedes","pirelli",4,"4",,,"1:24.841",84841
1096,2023,17,5,5,"5","55","carlos-sainz-jr","ferrari","ferrari","pirelli",5,"5",,,"1:25.155",85155
1096,2023,17,6,6,"6","16","charles-leclerc","ferrari","ferrari","pirelli",6,"6",,,"1:25.247",85247
1096,2023,17,7,7,"7","27","nico-hulkenberg","haas","ferrari","pirelli",7,"7",,,"1:25.320",85320
1096,2023,17,8,8,"8","11","sergio-perez","red-bull","honda-rbpt","pirelli",8,"8",,,"1:25.382",85382
1096,2023,17,9,9,"9","14","fernando-alonso","aston-martin","mercedes","pirelli",9,"9",,,,
1096,2023,17,10,10,"10","31","esteban-ocon","alpine","renault","pirelli",10,"10",,,,
1096,2023,17,11,11,"11","10","pierre-gasly","alpine","renault","pirelli",11,"11",,,"1:25.686",85686
1096,2023,17,12,12,"12","44","lewis-hamilton","mercedes","mercedes","pirelli",12,"12",,,"1:25.962",85962
1096,2023,17,13,13,"13","77","valtteri-bottas","alfa-romeo","ferrari","pirelli",13,"13",,,"1:26.236",86236
1096,2023,17,14,14,"14","40","liam-lawson","alphatauri","honda-rbpt","pirelli",14,"14",,,"1:26.584",86584
1096,2023,17,15,15,"15","24","guanyu-zhou","alfa-romeo","ferrari","pirelli",15,"15",,,"1:54.546",114546
1096,2023,17,16,16,"16","18","lance-stroll","aston-martin","mercedes","pirelli",16,"16",,,"1:26.849",86849
1096,2023,17,17,17,"17","23","alexander-albon","williams","mercedes","pirelli",17,"17",,,"1:26.862",86862
1096,2023,17,18,18,"18","22","yuki-tsunoda","alphatauri","honda-rbpt","pirelli",18,"18",,,"1:26.926",86926
1096,2023,17,19,19,"19","20","kevin-magnussen","haas","ferrari","pirelli",19,"19",,,"1:27.438",87438
1096,2023,17,20,20,"20","2","logan-sargeant","williams","mercedes","pirelli",,"NC",,,"2:05.741",125741
1097,2023,18,1,1,"1","1","max-verstappen","red-bull","honda-rbpt","pirelli",1,"1",,,"1:34.538",94538
1097,2023,18,2,2,"2","16","charles-leclerc","ferrari","ferrari","pirelli",2,"2",,,"1:34.593",94593
1097,2023,18,3,3,"3","44","lewis-hamilton","mercedes","mercedes","pirelli",3,"3",,,"1:34.607",94607
1097,2023,18,4,4,"4","4","lando-norris","mclaren","mercedes","pirelli",4,"4",,,"1:34.639",94639
1097,2023,18,5,5,"5","81","oscar-piastri","mclaren","mercedes","pirelli",5,"5",,,"1:34.894",94894
1097,2023,18,6,6,"6","55","carlos-sainz-jr","ferrari","ferrari","pirelli",6,"6",,,"1:34.939",94939
1097,2023,18,7,7,"7","11","sergio-perez","red-bull","honda-rbpt","pirelli",7,"7",,,"1:35.041",95041
1097,2023,18,8,8,"8","23","alexander-albon","williams","mercedes","pirelli",9,"9",,,"1:35.366",95366
1097,2023,18,9,9,"9","10","pierre-gasly","alpine","renault","pirelli",10,"10",,,"1:35.897",95897
1097,2023,18,10,10,"10","3","daniel-ricciardo","alphatauri","honda-rbpt","pirelli",11,"11",,,"1:35.978",95978
1097,2023,18,11,11,"11","63","george-russell","mercedes","mercedes","pirelli",8,"8","3",3,"1:35.199",95199
1097,2023,18,12,12,"12","14","fernando-alonso","aston-martin","mercedes","pirelli",12,"12",,,"1:36.087",96087
1097,2023,18,13,13,"13","31","esteban-ocon","alpine","renault","pirelli",13,"13",,,"1:36.137",96137
1097,2023,18,14,14,"14","18","lance-stroll","aston-martin","mercedes","pirelli",14,"14",,,"1:36.181",96181
1097,2023,18,15,15,"15","24","guanyu-zhou","alfa-romeo","ferrari","pirelli",15,"15",,,"1:36.182",96182
1097,2023,18,16,16,"16","27","nico-hulkenberg","haas","ferrari","pirelli",16,"16",,,"1:36.749",96749
1097,2023,18,17,17,"17","20","kevin-magnussen","haas","ferrari","pirelli",17,"17",,,"1:36.922",96922
1097,2023,18,18,18,"18","77","valtteri-bottas","alfa-romeo","ferrari","pirelli",18,"18",,,"1:36.922",96922
1097,2023,18,19,19,"19","22","yuki-tsunoda","alphatauri","honda-rbpt","pirelli",19,"19",,,"1:36.945",96945
1097,2023,18,20,20,"20","2","logan-sargeant","williams","mercedes","pirelli",20,"20",,,"1:37.186",97186
1099,2023,20,1,1,"1","4","lando-norris","mclaren","mercedes","pirelli",1,"1",,,"1:10.622",70622
1099,2023,20,2,2,"2","1","max-verstappen","red-bull","honda-rbpt","pirelli",2,"2",,,"1:10.683",70683
1099,2023,20,3,3,"3","11","sergio-perez","red-bull","honda-rbpt","pirelli",3,"3",,,"1:10.756",70756
1099,2023,20,4,4,"4","63","george-russell","mercedes","mercedes","pirelli",4,"4",,,"1:10.857",70857
1099,2023,20,5,5,"5","44","lewis-hamilton","mercedes","mercedes","pirelli",5,"5",,,"1:10.940",70940
1099,2023,20,6,6,"6","22","yuki-tsunoda","alphatauri","honda-rbpt","pirelli",6,"6",,,"1:11.019",71019
1099,2023,20,7,7,"7","16","charles-leclerc","ferrari","ferrari","pirelli",7,"7",,,"1:11.077",71077
1099,2023,20,8,8,"8","3","daniel-ricciardo","alphatauri","honda-rbpt","pirelli",8,"8",,,"1:11.122",71122
1099,2023,20,9,9,"9","55","carlos-sainz-jr","ferrari","ferrari","pirelli",9,"9",,,"1:11.126",71126
1099,2023,20,10,10,"10","81","oscar-piastri","mclaren","mercedes","pirelli",10,"10",,,"1:11.189",71189
1099,2023,20,11,11,"11","20","kevin-magnussen","haas","ferrari","pirelli",11,"11",,,"1:11.727",71727
1099,2023,20,12,12,"12","27","nico-hulkenberg","haas","ferrari","pirelli",12,"12",,,"1:11.752",71752
1099,2023,20,13,13,"13","10","pierre-gasly","alpine","renault","pirelli",13,"13",,,"1:11.822",71822
1099,2023,20,14,14,"14","77","valtteri-bottas","alfa-romeo","ferrari","pirelli",14,"14",,,"1:11.872",71872
1099,2023,20,15,15,"15","14","fernando-alonso","aston-martin","mercedes","pirelli",15,"15",,,,
1099,2023,20,16,16,"16","31","esteban-ocon","alpine","renault","pirelli",16,"16",,,"1:12.388",72388
1099,2023,20,17,17,"17","18","lance-stroll","aston-martin","mercedes","pirelli",17,"17",,,"1:12.482",72482
1099,2023,20,18,18,"18","24","guanyu-zhou","alfa-romeo","ferrari","pirelli",18,"18",,,"1:12.497",72497
1099,2023,20,19,19,"19","23","alexander-albon","williams","mercedes","pirelli",19,"19",,,"1:12.525",72525
1099,2023,20,20,20,"20","2","logan-sargeant","williams","mercedes","pirelli",20,"20",,,"1:12.615",72615
1106,2024,5,1,1,"1","4","lando-norris","mclaren","mercedes","pirelli",1,"1",,,"1:57.940",117940
1106,2024,5,2,2,"2","44","lewis-hamilton","mercedes","mercedes","pirelli",2,"2",,,"1:59.201",119201
1106,2024,5,3,3,"3","14","fernando-alonso","aston-martin","mercedes","pirelli",3,"3",,,"1:59.915",119915
1106,2024,5,4,4,"4","1","max-verstappen","red-bull","honda-rbpt","pirelli",4,"4",,,"2:00.028",120028
1106,2024,5,5,5,"5","55","carlos-sainz-jr","ferrari","ferrari","pirelli",5,"5",,,"2:00.214",120214
1106,2024,5,6,6,"6","11","sergio-perez","red-bull","honda-rbpt","pirelli",6,"6",,,"2:00.375",120375
1106,2024,5,7,7,"7","16","charles-leclerc","ferrari","ferrari","pirelli",7,"7",,,"2:00.566",120566
1106,2024,5,8,8,"8","81","oscar-piastri","mclaren","mercedes","pirelli",8,"8",,,"2:00.990",120990
1106,2024,5,9,9,"9","77","valtteri-bottas","kick-sauber","ferrari","pirelli",9,"9",,,"2:01.044",121044
1106,2024,5,10,10,"10","24","guanyu-zhou","kick-sauber","ferrari","pirelli",10,"10",,,"2:03.537",123537
1106,2024,5,11,11,"11","63","george-russell","mercedes","mercedes","pirelli",11,"11",,,"1:36.345",96345
1106,2024,5,12,12,"12","20","kevin-magnussen","haas","ferrari","pirelli",12,"12",,,"1:36.473",96473
1106,2024,5,13,13,"13","27","nico-hulkenberg","haas","ferrari","pirelli",13,"13",,,"1:36.478",96478
1106,2024,5,14,14,"14","3","daniel-ricciardo","rb","honda-rbpt","pirelli",14,"14",,,"1:36.553",96553
1106,2024,5,15,15,"15","18","lance-stroll","aston-martin","mercedes","pirelli",15,"15",,,"1:36.677",96677
1106,2024,5,16,16,"16","10","pierre-gasly","alpine","renault","pirelli",16,"16",,,"1:37.632",97632
1106,2024,5,17,17,"17","31","esteban-ocon","alpine","renault","pirelli",17,"17",,,"1:37.720",97720
1106,2024,5,18,18,"18","23","alexander-albon","williams","mercedes","pirelli",18,"18",,,"1:37.812",97812
1106,2024,5,19,19,"19","22","yuki-tsunoda","rb","honda-rbpt","pirelli",19,"19",,,"1:37.892",97892
1106,2024,5,20,20,"20","2","logan-sargeant","williams","mercedes","pirelli",20,"20",,,"1:37.923",97923
1107,2024,6,1,1,"1","1","max-verstappen","red-bull","honda-rbpt","pirelli",1,"1",,,"1:27.641",87641
1107,2024,6,2,2,"2","16","charles-leclerc","ferrari","ferrari","pirelli",2,"2",,,"1:27.749",87749
1107,2024,6,3,3,"3","11","sergio-perez","red-bull","honda-rbpt","pirelli",3,"3",,,"1:27.876",87876
1107,2024,6,4,4,"4","3","daniel-ricciardo","rb","honda-rbpt","pirelli",4,"4",,,"1:28.044",88044
1107,2024,6,5,5,"5","55","carlos-sainz-jr","ferrari","ferrari","pirelli",5,"5",,,"1:28.103",88103
1107,2024,6,6,6,"6","81","oscar-piastri","mclaren","mercedes","pirelli",6,"6",,,"1:28.161",88161
1107,2024,6,7,7,"7","18","lance-stroll","aston-martin","mercedes","pirelli",7,"7",,,"1:28.375",88375
1107,2024,6,8,8,"8","14","fernando-alonso","aston-martin","mercedes","pirelli",8,"8",,,"1:28.419",88419
1107,2024,6,9,9,"9","4","lando-norris","mclaren","mercedes","pirelli",9,"9",,,"1:28.472",88472
1107,2024,6,10,10,"10","27","nico-hulkenberg","haas","ferrari","pirelli",10,"10",,,"1:28.476",88476
1107,2024,6,11,11,"11","63","george-russell","mercedes","mercedes","pirelli",11,"11",,,"1:28.343",88343
1107,2024,6,12,12,"12","44","lewis-hamilton","mercedes","mercedes","pirelli",12,"12",,,"1:28.371",88371
1107,2024,6,13,13,"13","31","esteban-ocon","alpine","renault","pirelli",13,"13",,,"1:28.379",88379
1107,2024,6,14,14,"14","20","kevin-magnussen","haas","ferrari","pirelli",14,"14",,,"1:28.614",88614
1107,2024,6,15,15,"15","22","yuki-tsunoda","rb","honda-rbpt","pirelli",15,"15",,,,
1107,2024,6,16,16,"16","10","pierre-gasly","alpine","renault","pirelli",16,"16",,,"1:29.185",89185
1107,2024,6,17,17,"17","24","guanyu-zhou","kick-sauber","ferrari","pirelli",17,"17",,,"1:29.267",89267
1107,2024,6,18,18,"18","2","logan-sargeant","williams","mercedes","pirelli",19,"19",,,"1:29.551",89551
1107,2024,6,19,19,"19","77","valtteri-bottas","kick-sauber","ferrari","pirelli",18,"18","3",3,"1:29.360",89360
1107,2024,6,20,,"PL","23","alexander-albon","williams","mercedes","pirelli",20,"20",,,"1:29.858",89858
1112,2024,11,1,1,"1","1","max-verstappen","red-bull","honda-rbpt","pirelli",1,"1",,,"1:04.686",64686
1112,2024,11,2,2,"2","4","lando-norris","mclaren","mercedes","pirelli",2,"2",,,"1:04.779",64779
1112,2024,11,3,3,"3","81","oscar-piastri","mclaren","mercedes","pirelli",3,"3",,,"1:04.987",64987
1112,2024,11,4,4,"4","63","george-russell","mercedes","mercedes","pirelli",4,"4",,,"1:05.054",65054
1112,2024,11,5,5,"5","55","carlos-sainz-jr","ferrari","ferrari","pirelli",5,"5",,,"1:05.126",65126
1112,2024,11,6,6,"6","44","lewis-hamilton","mercedes","mercedes","pirelli",6,"6",,,"1:05.270",65270
1112,2024,11,7,7,"7","11","sergio-perez","red-bull","honda-rbpt","pirelli",7,"7",,,"1:06.008",66008
1112,2024,11,8,8,"8","31","esteban-ocon","alpine","renault","pirelli",8,"8",,,"1:06.101",66101
1112,2024,11,9,9,"9","10","pierre-gasly","alpine","renault","pirelli",9,"9",,,"1:06.624",66624
1112,2024,11,10,10,"10","16","charles-leclerc","ferrari","ferrari","pirelli",10,"10",,,,
1112,2024,11,11,11,"11","20","kevin-magnussen","haas","ferrari","pirelli",11,"11",,,"1:05.806",65806
1112,2024,11,12,12,"12","18","lance-stroll","aston-martin","mercedes","pirelli",12,"12",,,"1:05.847",65847
1112,2024,11,13,13,"13","14","fernando-alonso","aston-martin","mercedes","pirelli",13,"13",,,"1:05.878",65878
1112,2024,11,14,14,"14","22","yuki-tsunoda","rb","honda-rbpt","pirelli",14,"14",,,"1:05.960",65960
1112,2024,11,15,15,"15","2","logan-sargeant","williams","mercedes","pirelli",15,"15",,,,
1112,2024,11,16,16,"16","3","daniel-ricciardo","rb","honda-rbpt","pirelli",16,"16",,,"1:06.581",66581
1112,2024,11,17,17,"17","27","nico-hulkenberg","haas","ferrari","pirelli",17,"17",,,"1:06.583",66583
1112,2024,11,18,18,"18","77","valtteri-bottas","kick-sauber","ferrari","pirelli",18,"18",,,"1:06.725",66725
1112,2024,11,19,19,"19","24","guanyu-zhou","kick-sauber","ferrari","pirelli",20,"20",,,"1:07.197",67197
1112,2024,11,20,,"PL","23","alexander-albon","williams","mercedes","pirelli",19,"19",,,"1:06.754",66754
1120,2024,19,1,1,"1","1","max-verstappen","red-bull","honda-rbpt","pirelli",1,"1",,,"1:32.833",92833
1120,2024,19,2,2,"2","63","george-russell","mercedes","mercedes","pirelli",2,"2",,,"1:32.845",92845
1120,2024,19,3,3,"3","16","charles-leclerc","ferrari","ferrari","pirelli",3,"3",,,"1:33.059",93059
1120,2024,19,4,4,"4","4","lando-norris","mclaren","mercedes","pirelli",4,"4",,,"1:33.083",93083
1120,2024,19,5,5,"5","55","carlos-sainz-jr","ferrari","ferrari","pirelli",5,"5",,,"1:33.089",93089
1120,2024,19,6,6,"6","27","nico-hulkenberg","haas","ferrari","pirelli",6,"6",,,"1:33.183",93183
1120,2024,19,7,7,"7","44","lewis-hamilton","mercedes","mercedes","pirelli",7,"7",,,"1:33.378",93378
1120,2024,19,8,8,"8","20","kevin-magnussen","haas","ferrari","pirelli",8,"8",,,"1:33.398",93398
1120,2024,19,9,9,"9","22","yuki-tsunoda","rb","honda-rbpt","pirelli",9,"9",,,"1:33.802",93802
1120,2024,19,10,10,"10","43","franco-colapinto","williams","mercedes","pirelli",10,"10",,,"1:34.406",94406
1120,2024,19,11,11,"11","11","sergio-perez","red-bull","honda-rbpt","pirelli",11,"11",,,"1:34.244",94244
1120,2024,19,12,12,"12","10","pierre-gasly","alpine","renault","pirelli",12,"12",,,"1:34.363",94363
1120,2024,19,13,13,"13","18","lance-stroll","aston-martin","mercedes","pirelli",13,"13",,,,
1120,2024,19,14,14,"14","14","fernando-alonso","aston-martin","mercedes","pirelli",14,"14",,,,
1120,2024,19,15,15,"15","30","liam-lawson","rb","honda-rbpt","pirelli",15,"15",,,,
1120,2024,19,16,16,"16","81","oscar-piastri","mclaren","mercedes","pirelli",16,"16",,,"1:34.881",94881
1120,2024,19,17,17,"17","31","esteban-ocon","alpine","renault","pirelli",17,"17",,,"1:34.917",94917
1120,2024,19,18,18,"18","77","valtteri-bottas","kick-sauber","ferrari","pirelli",19,"19",,,"1:35.148",95148
1120,2024,19,19,19,"19","24","guanyu-zhou","kick-sauber","ferrari","pirelli",20,"20",,,"1:36.472",96472
1120,2024,19,20,,"PL","23","alexander-albon","williams","mercedes","pirelli",18,"18",,,"1:35.054",95054
1122,2024,21,1,1,"1","81","oscar-piastri","mclaren","mercedes","pirelli",1,"1",,,"1:08.899",68899
1122,2024,21,2,2,"2","4","lando-norris","mclaren","mercedes","pirelli",2,"2",,,"1:08.928",68928
1122,2024,21,3,3,"3","16","charles-leclerc","ferrari","ferrari","pirelli",3,"3",,,"1:09.153",69153
1122,2024,21,4,4,"4","1","max-verstappen","red-bull","honda-rbpt","pirelli",4,"4",,,"1:09.219",69219
1122,2024,21,5,5,"5","55","carlos-sainz-jr","ferrari","ferrari","pirelli",5,"5",,,"1:09.257",69257
1122,2024,21,6,6,"6","63","george-russell","mercedes","mercedes","pirelli",6,"6",,,"1:09.443",69443
1122,2024,21,7,7,"7","10","pierre-gasly","alpine","renault","pirelli",7,"7",,,"1:09.622",69622
1122,2024,21,8,8,"8","30","liam-lawson","rb","honda-rbpt","pirelli",8,"8",,,"1:09.941",69941
1122,2024,21,9,9,"9","23","alexander-albon","williams","mercedes","pirelli",9,"9",,,"1:10.078",70078
1122,2024,21,10,10,"10","50","oliver-bearman","haas","ferrari","pirelli",10,"10",,,,
1122,2024,21,11,11,"11","44","lewis-hamilton","mercedes","mercedes","pirelli",11,"11",,,"1:09.941",69941
1122,2024,21,12,12,"12","27","nico-hulkenberg","haas","ferrari","pirelli",12,"12",,,"1:09.964",69964
1122,2024,21,13,13,"13","11","sergio-perez","red-bull","honda-rbpt","pirelli",13,"13",,,"1:10.024",70024
1122,2024,21,14,14,"14","43","franco-colapinto","williams","mercedes","pirelli",14,"14",,,"1:10.275",70275
1122,2024,21,15,15,"15","77","valtteri-bottas","kick-sauber","ferrari","pirelli",15,"15",,,"1:10.595",70595
1122,2024,21,16,16,"16","31","esteban-ocon","alpine","renault","pirelli",17,"17",,,"1:11.052",71052
1122,2024,21,17,17,"17","22","yuki-tsunoda","rb","honda-rbpt","pirelli",18,"18",,,"1:11.121",71121
1122,2024,21,18,,"PL","14","fernando-alonso","aston-martin","mercedes","pirelli",16,"16",,,"1:10.978",70978
1122,2024,21,19,,"PL","18","lance-stroll","aston-martin","mercedes","pirelli",19,"19",,,"1:11.280",71280
1122,2024,21,20,,"PL","24","guanyu-zhou","kick-sauber","ferrari","pirelli",20,"20",,,"1:12.978",72978
1124,2024,23,1,1,"1","4","lando-norris","mclaren","mercedes","pirelli",1,"1",,,"1:21.012",81012
1124,2024,23,2,2,"2","63","george-russell","mercedes","mercedes","pirelli",2,"2",,,"1:21.075",81075
1124,2024,23,3,3,"3","81","oscar-piastri","mclaren","mercedes","pirelli",3,"3",,,"1:21.171",81171
1124,2024,23,4,4,"4","55","carlos-sainz-jr","ferrari","ferrari","pirelli",4,"4",,,"1:21.281",81281
1124,2024,23,5,5,"5","16","charles-leclerc","ferrari","ferrari","pirelli",5,"5",,,"1:21.308",81308
1124,2024,23,6,6,"6","1","max-verstappen","red-bull","honda-rbpt","pirelli",6,"6",,,"1:21.315",81315
1124,2024,23,7,7,"7","44","lewis-hamilton","mercedes","mercedes","pirelli",7,"7",,,"1:21.474",81474
1124,2024,23,8,8,"8","10","pierre-gasly","alpine","renault","pirelli",8,"8",,,"1:21.978",81978
1124,2024,23,9,9,"9","27","nico-hulkenberg","haas","ferrari","pirelli",9,"9",,,"1:22.088",82088
1124,2024,23,10,10,"10","30","liam-lawson","rb","honda-rbpt","pirelli",10,"10",,,"1:22.577",82577
1124,2024,23,11,11,"11","14","fernando-alonso","aston-martin","mercedes","pirelli",11,"11",,,"1:22.433",82433
1124,2024,23,12,12,"12","23","alexander-albon","williams","mercedes","pirelli",12,"12",,,"1:22.526",82526
1124,2024,23,13,13,"13","77","valtteri-bottas","kick-sauber","ferrari","pirelli",13,"13",,,"1:22.538",82538
1124,2024,23,14,14,"14","18","lance-stroll","aston-martin","mercedes","pirelli",14,"14",,,"1:22.599",82599
1124,2024,23,15,15,"15","20","kevin-magnussen","haas","ferrari","pirelli",15,"15",,,"1:22.738",82738
1124,2024,23,16,16,"16","22","yuki-tsunoda","rb","honda-rbpt","pirelli",17,"17",,,"1:22.722",82722
1124,2024,23,17,17,"17","31","esteban-ocon","alpine","renault","pirelli",18,"18",,,"1:22.906",82906
1124,2024,23,18,18,"18","24","guanyu-zhou","kick-sauber","ferrari","pirelli",19,"19",,,"1:22.948",82948
1124,2024,23,19,,"PL","11","sergio-perez","red-bull","honda-rbpt","pirelli",16,"16",,,"1:22.718",82718
1124,2024,23,20,,"PL","43","franco-colapinto","williams","mercedes","pirelli",20,"20",,,"1:23.423",83423
1127,2025,2,1,1,"1","44","lewis-hamilton","ferrari","ferrari","pirelli",1,"1",,,"1:30.849",90849
1127,2025,2,2,2,"2","1","max-verstappen","red-bull","honda-rbpt","pirelli",2,"2",,,"1:30.867",90867
1127,2025,2,3,3,"3","81","oscar-piastri","mclaren","mercedes","pirelli",3,"3",,,"1:30.929",90929
1127,2025,2,4,4,"4","16","charles-leclerc","ferrari","ferrari","pirelli",4,"4",,,"1:31.057",91057
1127,2025,2,5,5,"5","63","george-russell","mercedes","mercedes","pirelli",5,"5",,,"1:31.169",91169
1127,2025,2,6,6,"6","4","lando-norris","mclaren","mercedes","pirelli",6,"6",,,"1:31.393",91393
1127,2025,2,7,7,"7","12","kimi-antonelli","mercedes","mercedes","pirelli",7,"7",,,"1:31.738",91738
1127,2025,2,8,8,"8","22","yuki-tsunoda","racing-bulls","honda-rbpt","pirelli",8,"8",,,"1:31.773",91773
1127,2025,2,9,9,"9","23","alexander-albon","williams","mercedes","pirelli",9,"9",,,"1:31.852",91852
1127,2025,2,10,10,"10","18","lance-stroll","aston-martin","mercedes","pirelli",10,"10",,,"1:31.982",91982
1127,2025,2,11,11,"11","14","fernando-alonso","aston-martin","mercedes","pirelli",11,"11",,,"1:31.815",91815
1127,2025,2,12,12,"12","87","oliver-bearman","haas","ferrari","pirelli",12,"12",,,"1:31.978",91978
1127,2025,2,13,13,"13","55","carlos-sainz-jr","williams","mercedes","pirelli",13,"13",,,"1:32.325",92325
1127,2025,2,14,14,"14","5","gabriel-bortoleto","kick-sauber","ferrari","pirelli",14,"14",,,"1:32.564",92564
1127,2025,2,15,15,"15","6","isack-hadjar","racing-bulls","honda-rbpt","pirelli",15,"15",,,,
1127,2025,2,16,16,"16","7","jack-doohan","alpine","renault","pirelli",16,"16",,,"1:32.575",92575
1127,2025,2,17,17,"17","10","pierre-gasly","alpine","renault","pirelli",17,"17",,,"1:32.640",92640
1127,2025,2,18,18,"18","31","esteban-ocon","haas","ferrari","pirelli",18,"18",,,"1:32.651",92651
1127,2025,2,19,19,"19","30","liam-lawson","red-bull","honda-rbpt","pirelli",20,"20",,,"1:32.729",92729
1127,2025,2,20,,"PL","27","nico-hulkenberg","kick-sauber","ferrari","pirelli",19,"19",,,"1:32.675",92675
1131,2025,6,1,1,"1","12","kimi-antonelli","mercedes","mercedes","pirelli",1,"1",,,"1:26.482",86482
1131,2025,6,2,2,"2","81","oscar-piastri","mclaren","mercedes","pirelli",2,"2",,,"1:26.527",86527
1131,2025,6,3,3,"3","4","lando-norris","mclaren","mercedes","pirelli",3,"3",,,"1:26.582",86582
1131,2025,6,4,4,"4","1","max-verstappen","red-bull","honda-rbpt","pirelli",4,"4",,,"1:26.737",86737
1131,2025,6,5,5,"5","63","george-russell","mercedes","mercedes","pirelli",5,"5",,,"1:26.791",86791
1131,2025,6,6,6,"6","16","charles-leclerc","ferrari","ferrari","pirelli",6,"6",,,"1:26.808",86808
1131,2025,6,7,7,"7","44","lewis-hamilton","ferrari","ferrari","pirelli",7,"7",,,"1:27.030",87030
1131,2025,6,8,8,"8","23","alexander-albon","williams","mercedes","pirelli",8,"8",,,"1:27.193",87193
1131,2025,6,9,9,"9","6","isack-hadjar","racing-bulls","honda-rbpt","pirelli",9,"9",,,"1:27.543",87543
1131,2025,6,10,10,"10","14","fernando-alonso","aston-martin","mercedes","pirelli",10,"10",,,"1:27.790",87790
1131,2025,6,11,11,"11","27","nico-hulkenberg","kick-sauber","ferrari","pirelli",11,"11",,,"1:27.850",87850
1131,2025,6,12,12,"12","31","esteban-ocon","haas","ferrari","pirelli",12,"12",,,"1:28.070",88070
1131,2025,6,13,13,"13","10","pierre-gasly","alpine","renault","pirelli",13,"13",,,"1:28.167",88167
1131,2025,6,14,14,"14","30","liam-lawson","racing-bulls","honda-rbpt","pirelli",14,"14",,,"1:28.375",88375
1131,2025,6,15,15,"15","55","carlos-sainz-jr","williams","mercedes","pirelli",15,"15",,,,
1131,2025,6,16,16,"16","18","lance-stroll","aston-martin","mercedes","pirelli",16,"16",,,"1:29.028",89028
1131,2025,6,17,17,"17","7","jack-doohan","alpine","renault","pirelli",17,"17",,,"1:29.171",89171
1131,2025,6,18,18,"18","5","gabriel-bortoleto","kick-sauber","ferrari","pirelli",19,"19",,,"1:29.312",89312
1131,2025,6,19,19,"19","87","oliver-bearman","haas","ferrari","pirelli",20,"20",,,"1:29.825",89825
1131,2025,6,20,,"PL","22","yuki-tsunoda","red-bull","honda-rbpt","pirelli",18,"18",,,"1:29.246",89246
1138,2025,13,1,1,"1","81","oscar-piastri","mclaren","mercedes","pirelli",1,"1",,,"1:40.510",100510
1138,2025,13,2,2,"2","1","max-verstappen","red-bull","honda-rbpt","pirelli",2,"2",,,"1:40.987",100987
1138,2025,13,3,3,"3","4","lando-norris","mclaren","mercedes","pirelli",3,"3",,,"1:41.128",101128
1138,2025,13,4,4,"4","16","charles-leclerc","ferrari","ferrari","pirelli",4,"4",,,"1:41.278",101278
1138,2025,13,5,5,"5","31","esteban-ocon","haas","ferrari","pirelli",5,"5",,,"1:41.565",101565
1138,2025,13,6,6,"6","55","carlos-sainz-jr","williams","mercedes","pirelli",6,"6",,,"1:41.761",101761
1138,2025,13,7,7,"7","87","oliver-bearman","haas","ferrari","pirelli",7,"7",,,"1:41.857",101857
1138,2025,13,8,8,"8","10","pierre-gasly","alpine","renault","pirelli",8,"8",,,"1:41.959",101959
1138,2025,13,9,9,"9","6","isack-hadjar","racing-bulls","honda-rbpt","pirelli",9,"9",,,"1:41.971",101971
1138,2025,13,10,10,"10","5","gabriel-bortoleto","kick-sauber","ferrari","pirelli",10,"10",,,"1:42.176",102176
1138,2025,13,11,11,"11","30","liam-lawson","racing-bulls","honda-rbpt","pirelli",11,"11",,,"1:42.169",102169
1138,2025,13,12,12,"12","22","yuki-tsunoda","red-bull","honda-rbpt","pirelli",12,"12",,,"1:42.184",102184
1138,2025,13,13,13,"13","63","george-russell","mercedes","mercedes","pirelli",13,"13",,,"1:42.330",102330
1138,2025,13,14,14,"14","14","fernando-alonso","aston-martin","mercedes","pirelli",14,"14",,,"1:42.453",102453
1138,2025,13,15,15,"15","18","lance-stroll","aston-martin","mercedes","pirelli",15,"15",,,"1:42.832",102832
1138,2025,13,16,16,"16","23","alexander-albon","williams","mercedes","pirelli",16,"16",,,"1:43.212",103212
1138,2025,13,17,17,"17","27","nico-hulkenberg","kick-sauber","ferrari","pirelli",17,"17",,,"1:43.217",103217
1138,2025,13,18,18,"18","44","lewis-hamilton","ferrari","ferrari","pirelli",18,"18",,,"1:43.408",103408
1138,2025,13,19,19,"19","12","kimi-antonelli","mercedes","mercedes","pirelli",20,"20",,,"1:45.394",105394
1138,2025,13,20,20,"20","43","franco-colapinto","alpine","renault","pirelli",19,"19",,,"1:43.587",103587
1144,2025,19,1,1,"1","1","max-verstappen","red-bull","honda-rbpt","pirelli",1,"1",,,"1:32.143",92143
1144,2025,19,2,2,"2","4","lando-norris","mclaren","mercedes","pirelli",2,"2",,,"1:32.214",92214
1144,2025,19,3,3,"3","81","oscar-piastri","mclaren","mercedes","pirelli",3,"3",,,"1:32.523",92523
1144,2025,19,4,4,"4","27","nico-hulkenberg","kick-sauber","ferrari","pirelli",4,"4",,,"1:32.645",92645
1144,2025,19,5,5,"5","63","george-russell","mercedes","mercedes","pirelli",5,"5",,,"1:32.888",92888
1144,2025,19,6,6,"6","14","fernando-alonso","aston-martin","mercedes","pirelli",6,"6",,,"1:32.910",92910
1144,2025,19,7,7,"7","55","carlos-sainz-jr","williams","mercedes","pirelli",7,"7",,,"1:32.911",92911
1144,2025,19,8,8,"8","44","lewis-hamilton","ferrari","ferrari","pirelli",8,"8",,,"1:33.035",93035
1144,2025,19,9,9,"9","23","alexander-albon","williams","mercedes","pirelli",9,"9",,,"1:33.099",93099
1144,2025,19,10,10,"10","16","charles-leclerc","ferrari","ferrari","pirelli",10,"10",,,"1:33.104",93104
1144,2025,19,11,11,"11","12","kimi-antonelli","mercedes","mercedes","pirelli",11,"11",,,"1:34.018",94018
1144,2025,19,12,12,"12","6","isack-hadjar","racing-bulls","honda-rbpt","pirelli",12,"12",,,"1:34.241",94241
1144,2025,19,13,13,"13","10","pierre-gasly","alpine","renault","pirelli",13,"13",,,"1:34.258",94258
1144,2025,19,14,14,"14","18","lance-stroll","aston-martin","mercedes","pirelli",14,"14",,,"1:34.394",94394
1144,2025,19,15,15,"15","30","liam-lawson","racing-bulls","honda-rbpt","pirelli",15,"15",,,,
1144,2025,19,16,16,"16","87","oliver-bearman","haas","ferrari","pirelli",16,"16",,,"1:35.159",95159
1144,2025,19,17,17,"17","43","franco-colapinto","alpine","renault","pirelli",17,"17",,,"1:35.246",95246
1144,2025,19,18,18,"18","22","yuki-tsunoda","red-bull","honda-rbpt","pirelli",18,"18",,,"1:35.259",95259
1144,2025,19,19,19,"19","31","esteban-ocon","haas","ferrari","pirelli",19,"19",,,"1:36.003",96003
1144,2025,19,20,20,"20","5","gabriel-bortoleto","kick-sauber","ferrari","pirelli",,"NC",,,,
1146,2025,21,1,1,"1","4","lando-norris","mclaren","mercedes","pirelli",1,"1",,,"1:09.243",69243
1146,2025,21,2,2,"2","12","kimi-antonelli","mercedes","mercedes","pirelli",2,"2",,,"1:09.340",69340
1146,2025,21,3,3,"3","81","oscar-piastri","mclaren","mercedes","pirelli",3,"3",,,"1:09.428",69428
1146,2025,21,4,4,"4","63","george-russell","mercedes","mercedes","pirelli",4,"4",,,"1:09.495",69495
1146,2025,21,5,5,"5","14","fernando-alonso","aston-martin","mercedes","pirelli",5,"5",,,"1:09.496",69496
1146,2025,21,6,6,"6","1","max-verstappen","red-bull","honda-rbpt","pirelli",6,"6",,,"1:09.580",69580
1146,2025,21,7,7,"7","18","lance-stroll","aston-martin","mercedes","pirelli",7,"7",,,"1:09.671",69671
1146,2025,21,8,8,"8","16","charles-leclerc","ferrari","ferrari","pirelli",8,"8",,,"1:09.725",69725
1146,2025,21,9,9,"9","6","isack-hadjar","racing-bulls","honda-rbpt","pirelli",9,"9",,,"1:09.775",69775
1146,2025,21,10,10,"10","27","nico-hulkenberg","kick-sauber","ferrari","pirelli",10,"10",,,"1:09.935",69935
1146,2025,21,11,11,"11","44","lewis-hamilton","ferrari","ferrari","pirelli",11,"11",,,"1:09.811",69811
1146,2025,21,12,12,"12","23","alexander-albon","williams","mercedes","pirelli",12,"12",,,"1:09.813",69813
1146,2025,21,13,13,"13","10","pierre-gasly","alpine","renault","pirelli",13,"13",,,"1:09.852",69852
1146,2025,21,14,14,"14","5","gabriel-bortoleto","kick-sauber","ferrari","pirelli",14,"14",,,"1:09.923",69923
1146,2025,21,15,15,"15","87","oliver-bearman","haas","ferrari","pirelli",15,"15",,,"1:09.946",69946
1146,2025,21,16,16,"16","43","franco-colapinto","alpine","renault","pirelli",16,"16",,,"1:10.441",70441
1146,2025,21,17,17,"17","30","liam-lawson","racing-bulls","honda-rbpt","pirelli",17,"17",,,"1:10.666",70666
1146,2025,21,18,18,"18","31","esteban-ocon","haas","ferrari","pirelli",19,"19",,,"1:10.872",70872
1146,2025,21,19,19,"19","22","yuki-tsunoda","red-bull","honda-rbpt","pirelli",18,"18",,,"1:10.692",70692
1146,2025,21,20,20,"20","55","carlos-sainz-jr","williams","mercedes","pirelli",20,"20",,,"1:11.120",71120
1148,2025,23,1,1,"1","81","oscar-piastri","mclaren","mercedes","pirelli",1,"1",,,"1:20.055",80055
1148,2025,23,2,2,"2","63","george-russell","mercedes","mercedes","pirelli",2,"2",,,"1:20.087",80087
1148,2025,23,3,3,"3","4","lando-norris","mclaren","mercedes","pirelli",3,"3",,,"1:20.285",80285
1148,2025,23,4,4,"4","14","fernando-alonso","aston-martin","mercedes","pirelli",4,"4",,,"1:20.450",80450
1148,2025,23,5,5,"5","22","yuki-tsunoda","red-bull","honda-rbpt","pirelli",5,"5",,,"1:20.519",80519
1148,2025,23,6,6,"6","1","max-verstappen","red-bull","honda-rbpt","pirelli",6,"6",,,"1:20.528",80528
1148,2025,23,7,7,"7","12","kimi-antonelli","mercedes","mercedes","pirelli",7,"7",,,"1:20.532",80532
1148,2025,23,8,8,"8","55","carlos-sainz-jr","williams","mercedes","pirelli",8,"8",,,"1:20.542",80542
1148,2025,23,9,9,"9","16","charles-leclerc","ferrari","ferrari","pirelli",9,"9",,,"1:20.622",80622
1148,2025,23,10,10,"10","23","alexander-albon","williams","mercedes","pirelli",10,"10",,,"1:20.788",80788
1148,2025,23,11,11,"11","6","isack-hadjar","racing-bulls","honda-rbpt","pirelli",11,"11",,,"1:21.433",81433
1148,2025,23,12,12,"12","87","oliver-bearman","haas","ferrari","pirelli",12,"12",,,"1:21.494",81494
1148,2025,23,13,13,"13","5","gabriel-bortoleto","kick-sauber","ferrari","pirelli",13,"13",,,"1:21.567",81567
1148,2025,23,14,14,"14","27","nico-hulkenberg","kick-sauber","ferrari","pirelli",14,"14",,,"1:21.631",81631
1148,2025,23,15,15,"15","31","esteban-ocon","haas","ferrari","pirelli",15,"15",,,"1:21.666",81666
1148,2025,23,16,16,"16","30","liam-lawson","racing-bulls","honda-rbpt","pirelli",17,"17",,,"1:21.851",81851
1148,2025,23,17,,"PL","18","lance-stroll","aston-martin","mercedes","pirelli",16,"16",,,"1:21.807",81807
1148,2025,23,18,,"PL","44","lewis-hamilton","ferrari","ferrari","pirelli",18,"18",,,"1:22.043",82043
1148,2025,23,19,,"PL","10","pierre-gasly","alpine","renault","pirelli",19,"19",,,"1:22.112",82112
1148,2025,23,20,,"PL","43","franco-colapinto","alpine","renault","pirelli",20,"20",,,"1:22.364",82364
1151,2026,2,1,1,"1","63","george-russell","mercedes","mercedes","pirelli",1,"1",,,"1:31.520",91520
1151,2026,2,2,2,"2","12","kimi-antonelli","mercedes","mercedes","pirelli",2,"2",,,"1:31.809",91809
1151,2026,2,3,3,"3","1","lando-norris","mclaren","mercedes","pirelli",3,"3",,,"1:32.141",92141
1151,2026,2,4,4,"4","44","lewis-hamilton","ferrari","ferrari","pirelli",4,"4",,,"1:32.161",92161
1151,2026,2,5,5,"5","81","oscar-piastri","mclaren","mercedes","pirelli",5,"5",,,"1:32.224",92224
1151,2026,2,6,6,"6","16","charles-leclerc","ferrari","ferrari","pirelli",6,"6",,,"1:32.528",92528
1151,2026,2,7,7,"7","10","pierre-gasly","alpine","mercedes","pirelli",7,"7",,,"1:32.888",92888
1151,2026,2,8,8,"8","3","max-verstappen","red-bull","red-bull-ford","pirelli",8,"8",,,"1:33.254",93254
1151,2026,2,9,9,"9","87","oliver-bearman","haas","ferrari","pirelli",9,"9",,,"1:33.409",93409
1151,2026,2,10,10,"10","6","isack-hadjar","red-bull","red-bull-ford","pirelli",10,"10",,,"1:33.723",93723
1151,2026,2,11,11,"11","27","nico-hulkenberg","audi","audi","pirelli",11,"11",,,"1:33.635",93635
1151,2026,2,12,12,"12","31","esteban-ocon","haas","ferrari","pirelli",12,"12",,,"1:33.639",93639
1151,2026,2,13,13,"13","30","liam-lawson","racing-bulls","red-bull-ford","pirelli",13,"13",,,"1:33.714",93714
1151,2026,2,14,14,"14","5","gabriel-bortoleto","audi","audi","pirelli",14,"14",,,"1:33.774",93774
1151,2026,2,15,15,"15","41","arvid-lindblad","racing-bulls","red-bull-ford","pirelli",15,"15",,,"1:34.048",94048
1151,2026,2,16,16,"16","43","franco-colapinto","alpine","mercedes","pirelli",16,"16",,,"1:34.327",94327
1151,2026,2,17,17,"17","55","carlos-sainz-jr","williams","mercedes","pirelli",17,"17",,,"1:34.761",94761
1151,2026,2,18,18,"18","14","fernando-alonso","aston-martin","honda","pirelli",19,"19",,,"1:35.581",95581
1151,2026,2,19,19,"19","18","lance-stroll","aston-martin","honda","pirelli",20,"20",,,"1:36.151",96151
1151,2026,2,20,20,"20","77","valtteri-bottas","cadillac","ferrari","pirelli",21,"21",,,"1:37.378",97378
1151,2026,2,21,21,"21","11","sergio-perez","cadillac","ferrari","pirelli",,,,,,
1151,2026,2,22,,"PL","23","alexander-albon","williams","mercedes","pirelli",18,"18",,,"1:35.305",95305
1153,2026,4,1,1,"1","1","lando-norris","mclaren","mercedes","pirelli",1,"1",,,"1:27.869",87869
1153,2026,4,2,2,"2","12","kimi-antonelli","mercedes","mercedes","pirelli",2,"2",,,"1:28.091",88091
1153,2026,4,3,3,"3","81","oscar-piastri","mclaren","mercedes","pirelli",3,"3",,,"1:28.108",88108
1153,2026,4,4,4,"4","16","charles-leclerc","ferrari","ferrari","pirelli",4,"4",,,"1:28.239",88239
1153,2026,4,5,5,"5","3","max-verstappen","red-bull","red-bull-ford","pirelli",5,"5",,,"1:28.461",88461
1153,2026,4,6,6,"6","63","george-russell","mercedes","mercedes","pirelli",6,"6",,,"1:28.493",88493
1153,2026,4,7,7,"7","44","lewis-hamilton","ferrari","ferrari","pirelli",7,"7",,,"1:28.618",88618
1153,2026,4,8,8,"8","43","franco-colapinto","alpine","mercedes","pirelli",8,"8",,,"1:29.320",89320
1153,2026,4,9,9,"9","6","isack-hadjar","red-bull","red-bull-ford","pirelli",9,"9",,,"1:29.422",89422
1153,2026,4,10,10,"10","10","pierre-gasly","alpine","mercedes","pirelli",10,"10",,,"1:29.474",89474
1153,2026,4,11,11,"11","5","gabriel-bortoleto","audi","audi","pirelli",11,"11",,,"1:29.994",89994
1153,2026,4,12,12,"12","27","nico-hulkenberg","audi","audi","pirelli",12,"12",,,"1:30.019",90019
1153,2026,4,13,13,"13","87","oliver-bearman","haas","ferrari","pirelli",13,"13",,,"1:30.116",90116
1153,2026,4,14,14,"14","55","carlos-sainz-jr","williams","mercedes","pirelli",14,"14",,,"1:30.224",90224
1153,2026,4,15,15,"15","30","liam-lawson","racing-bulls","red-bull-ford","pirelli",16,"16",,,"1:31.043",91043
1153,2026,4,16,16,"16","31","esteban-ocon","haas","ferrari","pirelli",17,"17",,,"1:31.245",91245
1153,2026,4,17,17,"17","11","sergio-perez","cadillac","ferrari","pirelli",18,"18",,,"1:31.255",91255
1153,2026,4,18,18,"18","23","alexander-albon","williams","mercedes","pirelli",19,"19",,,"1:31.322",91322
1153,2026,4,19,19,"19","77","valtteri-bottas","cadillac","ferrari","pirelli",20,"20",,,"1:31.826",91826
1153,2026,4,20,20,"20","14","fernando-alonso","aston-martin","honda","pirelli",,"NC",,,"1:41.311",101311
1153,2026,4,21,21,"21","18","lance-stroll","aston-martin","honda","pirelli",,,,,,
1153,2026,4,22,22,"22","41","arvid-lindblad","racing-bulls","red-bull-ford","pirelli",15,"15",,,"1:30.573",90573
1154,2026,5,1,1,"1","63","george-russell","mercedes","mercedes","pirelli",1,"1",,,"1:12.965",72965
1154,2026,5,2,2,"2","12","kimi-antonelli","mercedes","mercedes","pirelli",2,"2",,,"1:13.033",73033
1154,2026,5,3,3,"3","1","lando-norris","mclaren","mercedes","pirelli",3,"3",,,"1:13.280",73280
1154,2026,5,4,4,"4","81","oscar-piastri","mclaren","mercedes","pirelli",4,"4",,,"1:13.299",73299
1154,2026,5,5,5,"5","44","lewis-hamilton","ferrari","ferrari","pirelli",5,"5",,,"1:13.326",73326
1154,2026,5,6,6,"6","16","charles-leclerc","ferrari","ferrari","pirelli",6,"6",,,"1:13.410",73410
1154,2026,5,7,7,"7","3","max-verstappen","red-bull","red-bull-ford","pirelli",7,"7",,,"1:13.504",73504
1154,2026,5,8,8,"8","6","isack-hadjar","red-bull","red-bull-ford","pirelli",8,"8",,,"1:13.605",73605
1154,2026,5,9,9,"9","41","arvid-lindblad","racing-bulls","red-bull-ford","pirelli",9,"9",,,"1:13.737",73737
1154,2026,5,10,10,"10","55","carlos-sainz-jr","williams","mercedes","pirelli",10,"10",,,"1:14.536",74536
1154,2026,5,11,11,"11","27","nico-hulkenberg","audi","audi","pirelli",11,"11",,,"1:14.595",74595
1154,2026,5,12,12,"12","5","gabriel-bortoleto","audi","audi","pirelli",12,"12",,,"1:14.627",74627
1154,2026,5,13,13,"13","43","franco-colapinto","alpine","mercedes","pirelli",13,"13",,,"1:14.702",74702
1154,2026,5,14,14,"14","31","esteban-ocon","haas","ferrari","pirelli",14,"14",,,"1:14.928",74928
1154,2026,5,15,15,"15","14","fernando-alonso","aston-martin","honda","pirelli",16,"16",,,,
1154,2026,5,16,16,"16","11","sergio-perez","cadillac","ferrari","pirelli",17,"17",,,"1:16.002",76002
1154,2026,5,17,17,"17","18","lance-stroll","aston-martin","honda","pirelli",18,"18",,,"1:16.354",76354
1154,2026,5,18,18,"18","30","liam-lawson","racing-bulls","red-bull-ford","pirelli",,,,,,
1154,2026,5,19,,"PL","87","oliver-bearman","haas","ferrari","pirelli",15,"15",,,"1:15.197",75197
1154,2026,5,20,,"PL","10","pierre-gasly","alpine","mercedes","pirelli",19,"19",,,"1:16.642",76642
1154,2026,5,21,,"PL","77","valtteri-bottas","cadillac","ferrari","pirelli",20,"20",,,"1:16.866",76866
1154,2026,5,22,,"PL","23","alexander-albon","williams","mercedes","pirelli",,,,,,
1158,2026,9,1,1,"1","44","lewis-hamilton","ferrari","ferrari","pirelli",1,"1",,,"1:28.376",88376
1158,2026,9,2,2,"2","12","kimi-antonelli","mercedes","mercedes","pirelli",2,"2",,,"1:28.387",88387
1158,2026,9,3,3,"3","3","max-verstappen","red-bull","red-bull-ford","pirelli",3,"3",,,"1:28.697",88697
1158,2026,9,4,4,"4","16","charles-leclerc","ferrari","ferrari","pirelli",4,"4",,,"1:28.703",88703
1158,2026,9,5,5,"5","63","george-russell","mercedes","mercedes","pirelli",5,"5",,,"1:28.733",88733
1158,2026,9,6,6,"6","1","lando-norris","mclaren","mercedes","pirelli",6,"6",,,"1:28.740",88740
1158,2026,9,7,7,"7","81","oscar-piastri","mclaren","mercedes","pirelli",7,"7",,,"1:28.772",88772
1158,2026,9,8,8,"8","6","isack-hadjar","red-bull","red-bull-ford","pirelli",8,"8",,,"1:28.835",88835
1158,2026,9,9,9,"9","30","liam-lawson","racing-bulls","red-bull-ford","pirelli",9,"9",,,"1:28.927",88927
1158,2026,9,10,10,"10","41","arvid-lindblad","racing-bulls","red-bull-ford","pirelli",10,"10",,,"1:29.367",89367
1158,2026,9,11,11,"11","10","pierre-gasly","alpine","mercedes","pirelli",11,"11",,,"1:29.482",89482
1158,2026,9,12,12,"12","5","gabriel-bortoleto","audi","audi","pirelli",12,"12",,,"1:29.679",89679
1158,2026,9,13,13,"13","27","nico-hulkenberg","audi","audi","pirelli",13,"13",,,"1:29.707",89707
1158,2026,9,14,14,"14","43","franco-colapinto","alpine","mercedes","pirelli",14,"14",,,"1:29.983",89983
1158,2026,9,15,15,"15","55","carlos-sainz-jr","williams","mercedes","pirelli",15,"15",,,"1:30.197",90197
1158,2026,9,16,16,"16","87","oliver-bearman","haas","ferrari","pirelli",17,"17",,,"1:31.083",91083
1158,2026,9,17,17,"17","31","esteban-ocon","haas","ferrari","pirelli",18,"18",,,"1:31.714",91714
1158,2026,9,18,18,"18","11","sergio-perez","cadillac","ferrari","pirelli",19,"19",,,"1:31.776",91776
1158,2026,9,19,19,"19","77","valtteri-bottas","cadillac","ferrari","pirelli",20,"20",,,"1:32.020",92020
1158,2026,9,20,20,"20","14","fernando-alonso","aston-martin","honda","pirelli",21,"21",,,"1:32.910",92910
1158,2026,9,21,21,"21","18","lance-stroll","aston-martin","honda","pirelli",22,"22",,,"1:32.988",92988
1158,2026,9,22,,"PL","23","alexander-albon","williams","mercedes","pirelli",16,"16",,,"1:30.650",90650
