"raceId","year","round","positionDisplayOrder","positionNumber","positionText","driverNumber","driverId","constructorId","engineManufacturerId","tyreManufacturerId","percentage"
936,2016,1,1,1,"1","8","romain-grosjean","haas","ferrari","pirelli",
937,2016,2,1,1,"1","8","romain-grosjean","haas","ferrari","pirelli",
938,2016,3,1,1,"1","26","daniil-kvyat","red-bull","tag-heuer","pirelli",
939,2016,4,1,1,"1","20","kevin-magnussen","renault","renault","pirelli",
940,2016,5,1,1,"1","33","max-verstappen","red-bull","tag-heuer","pirelli",
941,2016,6,1,1,"1","11","sergio-perez","force-india","mercedes","pirelli",
942,2016,7,1,1,"1","33","max-verstappen","red-bull","tag-heuer","pirelli",
943,2016,8,1,1,"1","11","sergio-perez","force-india","mercedes","pirelli",
944,2016,9,1,1,"1","33","max-verstappen","red-bull","tag-heuer","pirelli",
945,2016,10,1,1,"1","33","max-verstappen","red-bull","tag-heuer","pirelli",
946,2016,11,1,1,"1","7","kimi-raikkonen","ferrari","ferrari","pirelli",
947,2016,12,1,1,"1","3","daniel-ricciardo","red-bull","tag-heuer","pirelli",
948,2016,13,1,1,"1","44","lewis-hamilton","mercedes","mercedes","pirelli",
949,2016,14,1,1,"1","6","nico-rosberg","mercedes","mercedes","pirelli",
950,2016,15,1,1,"1","5","sebastian-vettel","ferrari","ferrari","pirelli",
951,2016,16,1,1,"1","33","max-verstappen","red-bull","tag-heuer","pirelli",
952,2016,17,1,1,"1","33","max-verstappen","red-bull","tag-heuer","pirelli",
953,2016,18,1,1,"1","33","max-verstappen","red-bull","tag-heuer","pirelli",
954,2016,19,1,1,"1","5","sebastian-vettel","ferrari","ferrari","pirelli",
955,2016,20,1,1,"1","33","max-verstappen","red-bull","tag-heuer","pirelli",
956,2016,21,1,1,"1","5","sebastian-vettel","ferrari","ferrari","pirelli",
957,2017,1,1,1,"1","5","sebastian-vettel","ferrari","ferrari","pirelli",
958,2017,2,1,1,"1","33","max-verstappen","red-bull","tag-heuer","pirelli",
959,2017,3,1,1,"1","5","sebastian-vettel","ferrari","ferrari","pirelli",
960,2017,4,1,1,"1","77","valtteri-bottas","mercedes","mercedes","pirelli",
961,2017,5,1,1,"1","5","sebastian-vettel","ferrari","ferrari","pirelli",
962,2017,6,1,1,"1","5","sebastian-vettel","ferrari","ferrari","pirelli",
963,2017,7,1,1,"1","5","sebastian-vettel","ferrari","ferrari","pirelli",
964,2017,8,1,1,"1","18","lance-stroll","williams","mercedes","pirelli",
965,2017,9,1,1,"1","77","valtteri-bottas","mercedes","mercedes","pirelli",
966,2017,10,1,1,"1","3","daniel-ricciardo","red-bull","tag-heuer","pirelli",
967,2017,11,1,1,"1","7","kimi-raikkonen","ferrari","ferrari","pirelli",
968,2017,12,1,1,"1","44","lewis-hamilton","mercedes","mercedes","pirelli",
969,2017,13,1,1,"1","3","daniel-ricciardo","red-bull","tag-heuer","pirelli",
970,2017,14,1,1,"1","44","lewis-hamilton","mercedes","mercedes","pirelli",
971,2017,15,1,1,"1","5","sebastian-vettel","ferrari","ferrari","pirelli",
972,2017,16,1,1,"1","33","max-verstappen","red-bull","tag-heuer","pirelli",
973,2017,17,1,1,"1","33","max-verstappen","red-bull","tag-heuer","pirelli",
974,2017,18,1,1,"1","5","sebastian-vettel","ferrari","ferrari","pirelli",
975,2017,19,1,1,"1","44","lewis-hamilton","mercedes","mercedes","pirelli",
976,2017,20,1,1,"1","77","valtteri-bottas","mercedes","mercedes","pirelli",
977,2018,1,1,1,"1","14","fernando-alonso","mclaren","renault","pirelli",
978,2018,2,1,1,"1","10","pierre-gasly","toro-rosso","honda","pirelli",
979,2018,3,1,1,"1","3","daniel-ricciardo","red-bull","tag-heuer","pirelli",
980,2018,4,1,1,"1","16","charles-leclerc","sauber","ferrari","pirelli",
981,2018,5,1,1,"1","44","lewis-hamilton","mercedes","mercedes","pirelli",
982,2018,6,1,1,"1","3","daniel-ricciardo","red-bull","tag-heuer","pirelli",
983,2018,7,1,1,"1","5","sebastian-vettel","ferrari","ferrari","pirelli",
984,2018,8,1,1,"1","5","sebastian-vettel","ferrari","ferrari","pirelli",
985,2018,9,1,1,"1","33","max-verstappen","red-bull","tag-heuer","pirelli",
986,2018,10,1,1,"1","44","lewis-hamilton","mercedes","mercedes","pirelli",
987,2018,11,1,1,"1","44","lewis-hamilton","mercedes","mercedes","pirelli",
988,2018,12,1,1,"1","3","daniel-ricciardo","red-bull","tag-heuer","pirelli",
989,2018,13,1,1,"1","5","sebastian-vettel","ferrari","ferrari","pirelli",
990,2018,14,1,1,"1","7","kimi-raikkonen","ferrari","ferrari","pirelli",
991,2018,15,1,1,"1","33","max-verstappen","red-bull","tag-heuer","pirelli",
992,2018,16,1,1,"1","33","max-verstappen","red-bull","tag-heuer","pirelli",
993,2018,17,1,1,"1","3","daniel-ricciardo","red-bull","tag-heuer","pirelli",
994,2018,18,1,1,"1","33","max-verstappen","red-bull","tag-heuer","pirelli",
995,2018,19,1,1,"1","33","max-verstappen","red-bull","tag-heuer","pirelli",
996,2018,20,1,1,"1","33","max-verstappen","red-bull","tag-heuer","pirelli",
997,2018,21,1,1,"1","14","fernando-alonso","mclaren","renault","pirelli",
998,2019,1,1,1,"1","77","valtteri-bottas","mercedes","mercedes","pirelli",28.45
998,2019,1,2,2,"2","33","max-verstappen","red-bull","honda","pirelli",22.92
998,2019,1,3,3,"3","16","charles-leclerc","ferrari","ferrari","pirelli",7.5
998,2019,1,4,4,"4","26","daniil-kvyat","toro-rosso","honda","pirelli",6.02
998,2019,1,5,5,"5","7","kimi-raikkonen","alfa-romeo","ferrari","pirelli",5.24
999,2019,2,1,1,"1","16","charles-leclerc","ferrari","ferrari","pirelli",50.23
999,2019,2,2,2,"2","44","lewis-hamilton","mercedes","mercedes","pirelli",10.98
999,2019,2,3,3,"3","4","lando-norris","mclaren","renault","pirelli",8.01
999,2019,2,4,4,"4","27","nico-hulkenberg","renault","renault","pirelli",6.8
999,2019,2,5,5,"5","7","kimi-raikkonen","alfa-romeo","ferrari","pirelli",6.17
1000,2019,3,1,1,"1","23","alexander-albon","toro-rosso","honda","pirelli",17.74
1000,2019,3,2,2,"2","7","kimi-raikkonen","alfa-romeo","ferrari","pirelli",15.66
1000,2019,3,3,3,"3","44","lewis-hamilton","mercedes","mercedes","pirelli",15.42
1000,2019,3,4,4,"4","16","charles-leclerc","ferrari","ferrari","pirelli",13.43
1000,2019,3,5,5,"5","5","sebastian-vettel","ferrari","ferrari","pirelli",7.74
1001,2019,4,1,1,"1","16","charles-leclerc","ferrari","ferrari","pirelli",17.65
1001,2019,4,2,2,"2","77","valtteri-bottas","mercedes","mercedes","pirelli",16
1001,2019,4,3,3,"3","33","max-verstappen","red-bull","honda","pirelli",15.48
1001,2019,4,4,4,"4","7","kimi-raikkonen","alfa-romeo","ferrari","pirelli",8.36
1001,2019,4,5,5,"5","44","lewis-hamilton","mercedes","mercedes","pirelli",7.02
1002,2019,5,1,1,"1","33","max-verstappen","red-bull","honda","pirelli",19.82
1002,2019,5,2,2,"2","44","lewis-hamilton","mercedes","mercedes","pirelli",16.47
1002,2019,5,3,3,"3","16","charles-leclerc","ferrari","ferrari","pirelli",8.44
1002,2019,5,4,4,"4","26","daniil-kvyat","toro-rosso","honda","pirelli",8.32
1002,2019,5,5,5,"5","55","carlos-sainz-jr","mclaren","renault","pirelli",7.43
1003,2019,6,1,1,"1","33","max-verstappen","red-bull","honda","pirelli",23.31
1003,2019,6,2,2,"2","44","lewis-hamilton","mercedes","mercedes","pirelli",19.9
1003,2019,6,3,3,"3","16","charles-leclerc","ferrari","ferrari","pirelli",12.41
1003,2019,6,4,4,"4","5","sebastian-vettel","ferrari","ferrari","pirelli",8.03
1003,2019,6,5,5,"5","55","carlos-sainz-jr","mclaren","renault","pirelli",6.67
1004,2019,7,1,1,"1","5","sebastian-vettel","ferrari","ferrari","pirelli",24.6
1004,2019,7,2,2,"2","3","daniel-ricciardo","renault","renault","pirelli",18.18
1004,2019,7,3,3,"3","44","lewis-hamilton","mercedes","mercedes","pirelli",13.48
1004,2019,7,4,4,"4","33","max-verstappen","red-bull","honda","pirelli",12.48
1004,2019,7,5,5,"5","16","charles-leclerc","ferrari","ferrari","pirelli",8.23
1005,2019,8,1,1,"1","4","lando-norris","mclaren","renault","pirelli",26.37
1005,2019,8,2,2,"2","44","lewis-hamilton","mercedes","mercedes","pirelli",15.12
1005,2019,8,3,3,"3","16","charles-leclerc","ferrari","ferrari","pirelli",10.19
1005,2019,8,4,4,"4","5","sebastian-vettel","ferrari","ferrari","pirelli",7.37
1005,2019,8,5,5,"5","7","kimi-raikkonen","alfa-romeo","ferrari","pirelli",7.2
1006,2019,9,1,1,"1","88","robert-kubica","williams","mercedes","pirelli",41.2
1006,2019,9,2,2,"2","33","max-verstappen","red-bull","honda","pirelli",23.11
1006,2019,9,3,3,"3","16","charles-leclerc","ferrari","ferrari","pirelli",11.38
1006,2019,9,4,4,"4","55","carlos-sainz-jr","mclaren","renault","pirelli",6.48
1006,2019,9,5,5,"5","4","lando-norris","mclaren","renault","pirelli",5.66
1007,2019,10,1,1,"1","16","charles-leclerc","ferrari","ferrari","pirelli",20.63
1007,2019,10,2,2,"2","33","max-verstappen","red-bull","honda","pirelli",18.77
1007,2019,10,3,3,"3","44","lewis-hamilton","mercedes","mercedes","pirelli",10.2
1007,2019,10,4,4,"4","55","carlos-sainz-jr","mclaren","renault","pirelli",9.52
1007,2019,10,5,5,"5","5","sebastian-vettel","ferrari","ferrari","pirelli",8
1008,2019,11,1,1,"1","33","max-verstappen","red-bull","honda","pirelli",20.94
1008,2019,11,2,2,"2","5","sebastian-vettel","ferrari","ferrari","pirelli",17.42
1008,2019,11,3,3,"3","26","daniil-kvyat","toro-rosso","honda","pirelli",14.1
1008,2019,11,4,4,"4","7","kimi-raikkonen","alfa-romeo","ferrari","pirelli",6.85
1008,2019,11,5,5,"5","23","alexander-albon","toro-rosso","honda","pirelli",6.84
1009,2019,12,1,1,"1","33","max-verstappen","red-bull","honda","pirelli",26.16
1009,2019,12,2,2,"2","44","lewis-hamilton","mercedes","mercedes","pirelli",24.79
1009,2019,12,3,3,"3","55","carlos-sainz-jr","mclaren","renault","pirelli",9.79
1009,2019,12,4,4,"4","7","kimi-raikkonen","alfa-romeo","ferrari","pirelli",5.25
1009,2019,12,5,5,"5","5","sebastian-vettel","ferrari","ferrari","pirelli",5.18
1009,2019,12,6,5,"5","77","valtteri-bottas","mercedes","mercedes","pirelli",5.18
1010,2019,13,1,1,"1","4","lando-norris","mclaren","renault","pirelli",21.24
1010,2019,13,2,2,"2","16","charles-leclerc","ferrari","ferrari","pirelli",21.05
1010,2019,13,3,3,"3","23","alexander-albon","red-bull","honda","pirelli",19.58
1010,2019,13,4,4,"4","44","lewis-hamilton","mercedes","mercedes","pirelli",8.76
1010,2019,13,5,5,"5","5","sebastian-vettel","ferrari","ferrari","pirelli",6.56
1011,2019,14,1,1,"1","16","charles-leclerc","ferrari","ferrari","pirelli",34.87
1011,2019,14,2,2,"2","33","max-verstappen","red-bull","honda","pirelli",15.3
1011,2019,14,3,3,"3","3","daniel-ricciardo","renault","renault","pirelli",11.15
1011,2019,14,4,4,"4","77","valtteri-bottas","mercedes","mercedes","pirelli",6.96
1011,2019,14,5,5,"5","44","lewis-hamilton","mercedes","mercedes","pirelli",6.11
1012,2019,15,1,1,"1","5","sebastian-vettel","ferrari","ferrari","pirelli",21.95
1012,2019,15,2,2,"2","16","charles-leclerc","ferrari","ferrari","pirelli",14.3
1012,2019,15,3,3,"3","33","max-verstappen","red-bull","honda","pirelli",10.95
1012,2019,15,4,4,"4","3","daniel-ricciardo","renault","renault","pirelli",8.3
1012,2019,15,5,5,"5","4","lando-norris","mclaren","renault","pirelli",7.95
1013,2019,16,1,1,"1","5","sebastian-vettel","ferrari","ferrari","pirelli",21.91
1013,2019,16,2,2,"2","23","alexander-albon","red-bull","honda","pirelli",15.52
1013,2019,16,3,3,"3","44","lewis-hamilton","mercedes","mercedes","pirelli",15.04
1013,2019,16,4,4,"4","16","charles-leclerc","ferrari","ferrari","pirelli",11.27
1013,2019,16,5,5,"5","55","carlos-sainz-jr","mclaren","renault","pirelli",9.31
1014,2019,17,1,1,"1","77","valtteri-bottas","mercedes","mercedes","pirelli",20.79
1014,2019,17,2,2,"2","16","charles-leclerc","ferrari","ferrari","pirelli",14.73
1014,2019,17,3,3,"3","55","carlos-sainz-jr","mclaren","renault","pirelli",14.32
1014,2019,17,4,4,"4","5","sebastian-vettel","ferrari","ferrari","pirelli",10.42
1014,2019,17,5,5,"5","3","daniel-ricciardo","renault","renault","pirelli",8.23
1015,2019,18,1,1,"1","33","max-verstappen","red-bull","honda","pirelli",20.19
1015,2019,18,2,2,"2","44","lewis-hamilton","mercedes","mercedes","pirelli",17.56
1015,2019,18,3,3,"3","5","sebastian-vettel","ferrari","ferrari","pirelli",12.2
1015,2019,18,4,4,"4","3","daniel-ricciardo","renault","renault","pirelli",9.43
1015,2019,18,5,5,"5","23","alexander-albon","red-bull","honda","pirelli",8.46
1016,2019,19,1,1,"1","23","alexander-albon","red-bull","honda","pirelli",17.06
1016,2019,19,2,2,"2","44","lewis-hamilton","mercedes","mercedes","pirelli",16.15
1016,2019,19,3,3,"3","77","valtteri-bottas","mercedes","mercedes","pirelli",14.86
1016,2019,19,4,4,"4","33","max-verstappen","red-bull","honda","pirelli",13.89
1016,2019,19,5,5,"5","3","daniel-ricciardo","renault","renault","pirelli",10.14
1017,2019,20,1,1,"1","33","max-verstappen","red-bull","honda","pirelli",22.24
1017,2019,20,2,2,"2","23","alexander-albon","red-bull","honda","pirelli",13.83
1017,2019,20,3,3,"3","16","charles-leclerc","ferrari","ferrari","pirelli",12.84
1017,2019,20,4,4,"4","55","carlos-sainz-jr","mclaren","renault","pirelli",11.69
1017,2019,20,5,5,"5","10","pierre-gasly","toro-rosso","honda","pirelli",7.1
1018,2019,21,1,1,"1","27","nico-hulkenberg","renault","renault","pirelli",26.39
1018,2019,21,2,2,"2","77","valtteri-bottas","mercedes","mercedes","pirelli",15.1
1018,2019,21,3,3,"3","88","robert-kubica","williams","mercedes","pirelli",14.01
1018,2019,21,4,4,"4","33","max-verstappen","red-bull","honda","pirelli",9.47
1018,2019,21,5,5,"5","44","lewis-hamilton","mercedes","mercedes","pirelli",8.83
1019,2020,1,1,1,"1","23","alexander-albon","red-bull","honda","pirelli",15.05
1019,2020,1,2,2,"2","4","lando-norris","mclaren","renault","pirelli",13.92
1019,2020,1,3,3,"3","77","valtteri-bottas","mercedes","mercedes","pirelli",12.69
1019,2020,1,4,4,"4","11","sergio-perez","racing-point","bwt-mercedes","pirelli",12.16
1019,2020,1,5,5,"5","16","charles-leclerc","ferrari","ferrari","pirelli",11.56
1020,2020,2,1,1,"1","11","sergio-perez","racing-point","bwt-mercedes","pirelli",34.65
1020,2020,2,2,2,"2","44","lewis-hamilton","mercedes","mercedes","pirelli",10.85
1020,2020,2,3,3,"3","33","max-verstappen","red-bull","honda","pirelli",10.72
1020,2020,2,4,4,"4","3","daniel-ricciardo","renault","renault","pirelli",6.6
1020,2020,2,5,5,"5","4","lando-norris","mclaren","renault","pirelli",5.95
1021,2020,3,1,1,"1","33","max-verstappen","red-bull","honda","pirelli",18.1
1021,2020,3,2,2,"2","44","lewis-hamilton","mercedes","mercedes","pirelli",14.9
1021,2020,3,3,3,"3","5","sebastian-vettel","ferrari","ferrari","pirelli",12.77
1021,2020,3,4,4,"4","77","valtteri-bottas","mercedes","mercedes","pirelli",8.22
1021,2020,3,5,5,"5","18","lance-stroll","racing-point","bwt-mercedes","pirelli",8.16
1022,2020,4,1,1,"1","27","nico-hulkenberg","racing-point","bwt-mercedes","pirelli",17.32
1022,2020,4,2,2,"2","44","lewis-hamilton","mercedes","mercedes","pirelli",9.96
1022,2020,4,3,3,"3","33","max-verstappen","red-bull","honda","pirelli",9.69
1022,2020,4,4,4,"4","4","lando-norris","mclaren","renault","pirelli",8.53
1022,2020,4,5,5,"5","55","carlos-sainz-jr","mclaren","renault","pirelli",8.33
1023,2020,5,1,1,"1","33","max-verstappen","red-bull","honda","pirelli",31.83
1023,2020,5,2,2,"2","27","nico-hulkenberg","racing-point","bwt-mercedes","pirelli",18.01
1023,2020,5,3,3,"3","16","charles-leclerc","ferrari","ferrari","pirelli",11.88
1023,2020,5,4,4,"4","44","lewis-hamilton","mercedes","mercedes","pirelli",9.27
1023,2020,5,5,5,"5","23","alexander-albon","red-bull","honda","pirelli",6.88
1024,2020,6,1,1,"1","5","sebastian-vettel","ferrari","ferrari","pirelli",29.68
1024,2020,6,2,2,"2","33","max-verstappen","red-bull","honda","pirelli",15.15
1024,2020,6,3,3,"3","44","lewis-hamilton","mercedes","mercedes","pirelli",12.32
1024,2020,6,4,4,"4","55","carlos-sainz-jr","mclaren","renault","pirelli",6.19
1024,2020,6,5,5,"5","11","sergio-perez","racing-point","bwt-mercedes","pirelli",4.99
1025,2020,7,1,1,"1","10","pierre-gasly","alphatauri","honda","pirelli",18.99
1025,2020,7,2,2,"2","3","daniel-ricciardo","renault","renault","pirelli",18.67
1025,2020,7,3,3,"3","44","lewis-hamilton","mercedes","mercedes","pirelli",9.54
1025,2020,7,4,4,"4","33","max-verstappen","red-bull","honda","pirelli",7.61
1025,2020,7,5,5,"5","4","lando-norris","mclaren","renault","pirelli",7.31
1026,2020,8,1,1,"1","10","pierre-gasly","alphatauri","honda","pirelli",28
1026,2020,8,2,2,"2","55","carlos-sainz-jr","mclaren","renault","pirelli",24.47
1026,2020,8,3,3,"3","44","lewis-hamilton","mercedes","mercedes","pirelli",12.77
1026,2020,8,4,4,"4","7","kimi-raikkonen","alfa-romeo","ferrari","pirelli",5.47
1026,2020,8,5,5,"5","4","lando-norris","mclaren","renault","pirelli",5.34
1027,2020,9,1,1,"1","3","daniel-ricciardo","renault","renault","pirelli",23.94
1027,2020,9,2,2,"2","23","alexander-albon","red-bull","honda","pirelli",18.58
1027,2020,9,3,3,"3","63","george-russell","williams","mercedes","pirelli",13.23
1027,2020,9,4,4,"4","44","lewis-hamilton","mercedes","mercedes","pirelli",8.91
1027,2020,9,5,5,"5","16","charles-leclerc","ferrari","ferrari","pirelli",5.64
1028,2020,10,1,1,"1","33","max-verstappen","red-bull","honda","pirelli",13.72
1028,2020,10,2,2,"2","16","charles-leclerc","ferrari","ferrari","pirelli",11.27
1028,2020,10,3,3,"3","44","lewis-hamilton","mercedes","mercedes","pirelli",10.45
1028,2020,10,4,4,"4","77","valtteri-bottas","mercedes","mercedes","pirelli",9.98
1028,2020,10,5,5,"5","3","daniel-ricciardo","renault","renault","pirelli",8.95
1029,2020,11,1,1,"1","27","nico-hulkenberg","racing-point","bwt-mercedes","pirelli",34.71
1029,2020,11,2,2,"2","3","daniel-ricciardo","renault","renault","pirelli",17.85
1029,2020,11,3,3,"3","44","lewis-hamilton","mercedes","mercedes","pirelli",8.4
1029,2020,11,4,4,"4","16","charles-leclerc","ferrari","ferrari","pirelli",7.43
1029,2020,11,5,5,"5","33","max-verstappen","red-bull","honda","pirelli",5.85
1030,2020,12,1,1,"1","11","sergio-perez","racing-point","bwt-mercedes","pirelli",18.22
1030,2020,12,2,2,"2","16","charles-leclerc","ferrari","ferrari","pirelli",13.56
1030,2020,12,3,3,"3","10","pierre-gasly","alphatauri","honda","pirelli",11.46
1030,2020,12,4,4,"4","7","kimi-raikkonen","alfa-romeo","ferrari","pirelli",10.28
1030,2020,12,5,5,"5","44","lewis-hamilton","mercedes","mercedes","pirelli",9.81
1031,2020,13,1,1,"1","7","kimi-raikkonen","alfa-romeo","ferrari","pirelli",18.55
1031,2020,13,2,2,"2","33","max-verstappen","red-bull","honda","pirelli",13.85
1031,2020,13,3,3,"3","44","lewis-hamilton","mercedes","mercedes","pirelli",10.62
1031,2020,13,4,4,"4","3","daniel-ricciardo","renault","renault","pirelli",10.57
1031,2020,13,5,5,"5","26","daniil-kvyat","alphatauri","honda","pirelli",7.32
1032,2020,14,1,1,"1","5","sebastian-vettel","ferrari","ferrari","pirelli",25.79
1032,2020,14,2,2,"2","16","charles-leclerc","ferrari","ferrari","pirelli",20.31
1032,2020,14,3,3,"3","44","lewis-hamilton","mercedes","mercedes","pirelli",16.73
1032,2020,14,4,4,"4","11","sergio-perez","racing-point","bwt-mercedes","pirelli",8.21
1032,2020,14,5,5,"5","55","carlos-sainz-jr","mclaren","renault","pirelli",6.11
1033,2020,15,1,1,"1","8","romain-grosjean","haas","ferrari","pirelli",36.78
1033,2020,15,2,2,"2","11","sergio-perez","racing-point","bwt-mercedes","pirelli",12.26
1033,2020,15,3,3,"3","55","carlos-sainz-jr","mclaren","renault","pirelli",11.58
1033,2020,15,4,4,"4","4","lando-norris","mclaren","renault","pirelli",6.88
1033,2020,15,5,5,"5","33","max-verstappen","red-bull","honda","pirelli",6.05
1034,2020,16,1,1,"1","63","george-russell","mercedes","mercedes","pirelli",48.81
1034,2020,16,2,2,"2","11","sergio-perez","racing-point","bwt-mercedes","pirelli",23.54
1034,2020,16,3,3,"3","51","pietro-fittipaldi","haas","ferrari","pirelli",5.76
1034,2020,16,4,4,"4","31","esteban-ocon","renault","renault","pirelli",3.44
1034,2020,16,5,5,"5","33","max-verstappen","red-bull","honda","pirelli",2.3
1035,2020,17,1,1,"1","33","max-verstappen","red-bull","honda","pirelli",21.88
1035,2020,17,2,2,"2","5","sebastian-vettel","ferrari","ferrari","pirelli",13.76
1035,2020,17,3,3,"3","3","daniel-ricciardo","renault","renault","pirelli",11.29
1035,2020,17,4,4,"4","4","lando-norris","mclaren","renault","pirelli",6.96
1035,2020,17,5,5,"5","11","sergio-perez","racing-point","bwt-mercedes","pirelli",6.13
1036,2021,1,1,1,"1","11","sergio-perez","red-bull","honda","pirelli",27.7
1036,2021,1,2,2,"2","33","max-verstappen","red-bull","honda","pirelli",16.87
1036,2021,1,3,3,"3","4","lando-norris","mclaren","mercedes","pirelli",13.08
1036,2021,1,4,4,"4","44","lewis-hamilton","mercedes","mercedes","pirelli",7.5
1036,2021,1,5,5,"5","22","yuki-tsunoda","alphatauri","honda","pirelli",7.09
1037,2021,2,1,1,"1","4","lando-norris","mclaren","mercedes","pirelli",32.26
1037,2021,2,2,2,"2","33","max-verstappen","red-bull","honda","pirelli",15.53
1037,2021,2,3,3,"3","44","lewis-hamilton","mercedes","mercedes","pirelli",13.94
1037,2021,2,4,4,"4","16","charles-leclerc","ferrari","ferrari","pirelli",7.18
1037,2021,2,5,5,"5","55","carlos-sainz-jr","ferrari","ferrari","pirelli",4.9
1038,2021,3,1,1,"1","9","nikita-mazepin","haas","ferrari","pirelli",15.03
1038,2021,3,2,2,"2","11","sergio-perez","red-bull","honda","pirelli",13.36
1038,2021,3,3,3,"3","44","lewis-hamilton","mercedes","mercedes","pirelli",10.57
1038,2021,3,4,4,"4","33","max-verstappen","red-bull","honda","pirelli",9.23
1038,2021,3,5,5,"5","3","daniel-ricciardo","mclaren","mercedes","pirelli",8.93
1039,2021,4,1,1,"1","44","lewis-hamilton","mercedes","mercedes","pirelli",22.64
1039,2021,4,2,2,"2","33","max-verstappen","red-bull","honda","pirelli",19.72
1039,2021,4,3,3,"3","16","charles-leclerc","ferrari","ferrari","pirelli",12.29
1039,2021,4,4,4,"4","9","nikita-mazepin","haas","ferrari","pirelli",7.27
1039,2021,4,5,5,"5","3","daniel-ricciardo","mclaren","mercedes","pirelli",6.51
1040,2021,5,1,1,"1","5","sebastian-vettel","aston-martin","mercedes","pirelli",23.6
1040,2021,5,2,2,"2","11","sergio-perez","red-bull","honda","pirelli",17.26
1040,2021,5,3,3,"3","4","lando-norris","mclaren","mercedes","pirelli",14
1040,2021,5,4,4,"4","55","carlos-sainz-jr","ferrari","ferrari","pirelli",12.12
1040,2021,5,5,5,"5","33","max-verstappen","red-bull","honda","pirelli",9.04
1041,2021,6,1,1,"1","5","sebastian-vettel","aston-martin","mercedes","pirelli",41.94
1041,2021,6,2,2,"2","11","sergio-perez","red-bull","honda","pirelli",18.09
1041,2021,6,3,3,"3","33","max-verstappen","red-bull","honda","pirelli",9.11
1041,2021,6,4,4,"4","44","lewis-hamilton","mercedes","mercedes","pirelli",4.87
1041,2021,6,5,5,"5","10","pierre-gasly","alphatauri","honda","pirelli",3.46
1042,2021,7,1,1,"1","33","max-verstappen","red-bull","honda","pirelli",22.92
1042,2021,7,2,2,"2","3","daniel-ricciardo","mclaren","mercedes","pirelli",19.06
1042,2021,7,3,3,"3","4","lando-norris","mclaren","mercedes","pirelli",14.02
1042,2021,7,4,4,"4","44","lewis-hamilton","mercedes","mercedes","pirelli",8.35
1042,2021,7,5,5,"5","11","sergio-perez","red-bull","honda","pirelli",6.89
1043,2021,8,1,1,"1","16","charles-leclerc","ferrari","ferrari","pirelli",28.35
1043,2021,8,2,2,"2","63","george-russell","williams","mercedes","pirelli",13.1
1043,2021,8,3,3,"3","33","max-verstappen","red-bull","honda","pirelli",12.39
1043,2021,8,4,4,"4","11","sergio-perez","red-bull","honda","pirelli",7.69
1043,2021,8,5,5,"5","55","carlos-sainz-jr","ferrari","ferrari","pirelli",7.24
1044,2021,9,1,1,"1","4","lando-norris","mclaren","mercedes","pirelli",31.58
1044,2021,9,2,2,"2","7","kimi-raikkonen","alfa-romeo","ferrari","pirelli",15.66
1044,2021,9,3,3,"3","33","max-verstappen","red-bull","honda","pirelli",9.24
1044,2021,9,4,4,"4","3","daniel-ricciardo","mclaren","mercedes","pirelli",8.5
1044,2021,9,5,5,"5","63","george-russell","williams","mercedes","pirelli",7.68
1045,2021,10,1,1,"1","16","charles-leclerc","ferrari","ferrari","pirelli",34.5
1045,2021,10,2,2,"2","44","lewis-hamilton","mercedes","mercedes","pirelli",13.99
1045,2021,10,3,3,"3","33","max-verstappen","red-bull","honda","pirelli",12.89
1045,2021,10,4,4,"4","4","lando-norris","mclaren","mercedes","pirelli",6.67
1045,2021,10,5,5,"5","11","sergio-perez","red-bull","honda","pirelli",5.98
1046,2021,11,1,1,"1","14","fernando-alonso","alpine","renault","pirelli",28.15
1046,2021,11,2,2,"2","31","esteban-ocon","alpine","renault","pirelli",17.8
1046,2021,11,3,3,"3","44","lewis-hamilton","mercedes","mercedes","pirelli",12.6
1046,2021,11,4,4,"4","5","sebastian-vettel","aston-martin","mercedes","pirelli",9.74
1046,2021,11,5,5,"5","55","carlos-sainz-jr","ferrari","ferrari","pirelli",4.96
1048,2021,13,1,1,"1","11","sergio-perez","red-bull","honda","pirelli",27.66
1048,2021,13,2,2,"2","33","max-verstappen","red-bull","honda","pirelli",19.44
1048,2021,13,3,3,"3","44","lewis-hamilton","mercedes","mercedes","pirelli",8.5
1048,2021,13,4,4,"4","10","pierre-gasly","alphatauri","honda","pirelli",7.98
1048,2021,13,5,5,"5","88","robert-kubica","alfa-romeo","ferrari","pirelli",7.78
1049,2021,14,1,1,"1","3","daniel-ricciardo","mclaren","mercedes","pirelli",34.51
1049,2021,14,2,2,"2","77","valtteri-bottas","mercedes","mercedes","pirelli",28.55
1049,2021,14,3,3,"3","4","lando-norris","mclaren","mercedes","pirelli",8.5
1049,2021,14,4,4,"4","11","sergio-perez","red-bull","honda","pirelli",5.08
1049,2021,14,5,5,"5","33","max-verstappen","red-bull","honda","pirelli",4.56
1050,2021,15,1,1,"1","4","lando-norris","mclaren","mercedes","pirelli",34.12
1050,2021,15,2,2,"2","33","max-verstappen","red-bull","honda","pirelli",14.26
1050,2021,15,3,3,"3","44","lewis-hamilton","mercedes","mercedes","pirelli",9.78
1050,2021,15,4,4,"4","11","sergio-perez","red-bull","honda","pirelli",6.43
1050,2021,15,5,5,"5","55","carlos-sainz-jr","ferrari","ferrari","pirelli",5.87
1051,2021,16,1,1,"1","55","carlos-sainz-jr","ferrari","ferrari","pirelli",25.74
1051,2021,16,2,2,"2","11","sergio-perez","red-bull","honda","pirelli",14.81
1051,2021,16,3,3,"3","16","charles-leclerc","ferrari","ferrari","pirelli",10.57
1051,2021,16,4,4,"4","77","valtteri-bottas","mercedes","mercedes","pirelli",10.54
1051,2021,16,5,5,"5","44","lewis-hamilton","mercedes","mercedes","pirelli",10.28
1052,2021,17,1,1,"1","33","max-verstappen","red-bull","honda","pirelli",22.65
1052,2021,17,2,2,"2","44","lewis-hamilton","mercedes","mercedes","pirelli",17.08
1052,2021,17,3,3,"3","3","daniel-ricciardo","mclaren","mercedes","pirelli",8.66
1052,2021,17,4,4,"4","11","sergio-perez","red-bull","honda","pirelli",8.15
1052,2021,17,5,5,"5","16","charles-leclerc","ferrari","ferrari","pirelli",7.18
1053,2021,18,1,1,"1","11","sergio-perez","red-bull","honda","pirelli",36.86
1053,2021,18,2,2,"2","33","max-verstappen","red-bull","honda","pirelli",13.45
1053,2021,18,3,3,"3","10","pierre-gasly","alphatauri","honda","pirelli",7.35
1053,2021,18,4,4,"4","44","lewis-hamilton","mercedes","mercedes","pirelli",6.51
1053,2021,18,5,5,"5","4","lando-norris","mclaren","mercedes","pirelli",5.88
1054,2021,19,1,1,"1","44","lewis-hamilton","mercedes","mercedes","pirelli",36.77
1054,2021,19,2,2,"2","33","max-verstappen","red-bull","honda","pirelli",21.61
1054,2021,19,3,3,"3","4","lando-norris","mclaren","mercedes","pirelli",6.4
1054,2021,19,4,4,"4","9","nikita-mazepin","haas","ferrari","pirelli",5.26
1054,2021,19,5,5,"5","10","pierre-gasly","alphatauri","honda","pirelli",3.37
1055,2021,20,1,1,"1","14","fernando-alonso","alpine","renault","pirelli",28.62
1055,2021,20,2,2,"2","11","sergio-perez","red-bull","honda","pirelli",16.59
1055,2021,20,3,3,"3","44","lewis-hamilton","mercedes","mercedes","pirelli",13.7
1055,2021,20,4,4,"4","33","max-verstappen","red-bull","honda","pirelli",13.52
1055,2021,20,5,5,"5","4","lando-norris","mclaren","mercedes","pirelli",5.75
1056,2021,21,1,1,"1","33","max-verstappen","red-bull","honda","pirelli",26.73
1056,2021,21,2,2,"2","44","lewis-hamilton","mercedes","mercedes","pirelli",24.55
1056,2021,21,3,3,"3","31","esteban-ocon","alpine","renault","pirelli",12.93
1056,2021,21,4,4,"4","3","daniel-ricciardo","mclaren","mercedes","pirelli",6.64
1056,2021,21,5,5,"5","7","kimi-raikkonen","alfa-romeo","ferrari","pirelli",4.05
1057,2021,22,1,1,"1","7","kimi-raikkonen","alfa-romeo","ferrari","pirelli",42.82
1057,2021,22,2,2,"2","11","sergio-perez","red-bull","honda","pirelli",21.45
1057,2021,22,3,3,"3","44","lewis-hamilton","mercedes","mercedes","pirelli",10.89
1057,2021,22,4,4,"4","33","max-verstappen","red-bull","honda","pirelli",7.64
1057,2021,22,5,5,"5","77","valtteri-bottas","mercedes","mercedes","pirelli",4.9
1058,2022,1,1,1,"1","16","charles-leclerc","ferrari","ferrari","pirelli",28.28
1058,2022,1,2,2,"2","20","kevin-magnussen","haas","ferrari","pirelli",22.53
1058,2022,1,3,3,"3","1","max-verstappen","red-bull","rbpt","pirelli",9.01
1058,2022,1,4,4,"4","44","lewis-hamilton","mercedes","mercedes","pirelli",5.14
1058,2022,1,5,5,"5","24","guanyu-zhou","alfa-romeo","ferrari","pirelli",4.98
1059,2022,2,1,1,"1","16","charles-leclerc","ferrari","ferrari","pirelli",26.76
1059,2022,2,2,2,"2","1","max-verstappen","red-bull","rbpt","pirelli",14.5
1059,2022,2,3,3,"3","44","lewis-hamilton","mercedes","mercedes","pirelli",10.08
1059,2022,2,4,4,"4","11","sergio-perez","red-bull","rbpt","pirelli",9.49
1059,2022,2,5,5,"5","20","kevin-magnussen","haas","ferrari","pirelli",7.54
1060,2022,3,1,1,"1","16","charles-leclerc","ferrari","ferrari","pirelli",19.72
1060,2022,3,2,2,"2","11","sergio-perez","red-bull","rbpt","pirelli",14.78
1060,2022,3,3,3,"3","3","daniel-ricciardo","mclaren","mercedes","pirelli",9.36
1060,2022,3,4,4,"4","63","george-russell","mercedes","mercedes","pirelli",9.32
1060,2022,3,5,5,"5","23","alexander-albon","williams","mercedes","pirelli",8.23
1061,2022,4,1,1,"1","1","max-verstappen","red-bull","rbpt","pirelli",14.72
1061,2022,4,2,2,"2","11","sergio-perez","red-bull","rbpt","pirelli",11.45
1061,2022,4,3,3,"3","4","lando-norris","mclaren","mercedes","pirelli",11.02
1061,2022,4,4,4,"4","63","george-russell","mercedes","mercedes","pirelli",9.31
1061,2022,4,5,5,"5","22","yuki-tsunoda","alphatauri","rbpt","pirelli",8.7
1062,2022,5,1,1,"1","1","max-verstappen","red-bull","rbpt","pirelli",17.97
1062,2022,5,2,2,"2","47","mick-schumacher","haas","ferrari","pirelli",14.49
1062,2022,5,3,3,"3","63","george-russell","mercedes","mercedes","pirelli",12.7
1062,2022,5,4,4,"4","16","charles-leclerc","ferrari","ferrari","pirelli",8.56
1062,2022,5,5,5,"5","11","sergio-perez","red-bull","rbpt","pirelli",7.62
1063,2022,6,1,1,"1","44","lewis-hamilton","mercedes","mercedes","pirelli",22.81
1063,2022,6,2,2,"2","11","sergio-perez","red-bull","rbpt","pirelli",16.29
1063,2022,6,3,3,"3","63","george-russell","mercedes","mercedes","pirelli",15.73
1063,2022,6,4,4,"4","1","max-verstappen","red-bull","rbpt","pirelli",11.37
1063,2022,6,5,5,"5","14","fernando-alonso","alpine","renault","pirelli",6.85
1064,2022,7,1,1,"1","11","sergio-perez","red-bull","rbpt","pirelli",27.6
1064,2022,7,2,2,"2","10","pierre-gasly","alphatauri","rbpt","pirelli",10.51
1064,2022,7,3,3,"3","55","carlos-sainz-jr","ferrari","ferrari","pirelli",9.93
1064,2022,7,4,4,"4","16","charles-leclerc","ferrari","ferrari","pirelli",8.82
1064,2022,7,5,5,"5","14","fernando-alonso","alpine","renault","pirelli",7.36
1065,2022,8,1,1,"1","44","lewis-hamilton","mercedes","mercedes","pirelli",14.82
1065,2022,8,2,2,"2","1","max-verstappen","red-bull","rbpt","pirelli",13.63
1065,2022,8,3,3,"3","5","sebastian-vettel","aston-martin","mercedes","pirelli",13.14
1065,2022,8,4,4,"4","11","sergio-perez","red-bull","rbpt","pirelli",10.07
1065,2022,8,5,5,"5","10","pierre-gasly","alphatauri","rbpt","pirelli",9.25
1066,2022,9,1,1,"1","6","nicholas-latifi","williams","mercedes","pirelli",22.63
1066,2022,9,2,2,"2","16","charles-leclerc","ferrari","ferrari","pirelli",20.44
1066,2022,9,3,3,"3","44","lewis-hamilton","mercedes","mercedes","pirelli",10.74
1066,2022,9,4,4,"4","55","carlos-sainz-jr","ferrari","ferrari","pirelli",9.42
1066,2022,9,5,5,"5","1","max-verstappen","red-bull","rbpt","pirelli",9.04
1067,2022,10,1,1,"1","11","sergio-perez","red-bull","rbpt","pirelli",20.7
1067,2022,10,2,2,"2","44","lewis-hamilton","mercedes","mercedes","pirelli",20.04
1067,2022,10,3,3,"3","55","carlos-sainz-jr","ferrari","ferrari","pirelli",11.14
1067,2022,10,4,4,"4","16","charles-leclerc","ferrari","ferrari","pirelli",9
1067,2022,10,5,5,"5","47","mick-schumacher","haas","ferrari","pirelli",7.1
1068,2022,11,1,1,"1","47","mick-schumacher","haas","ferrari","pirelli",24.5
1068,2022,11,2,2,"2","16","charles-leclerc","ferrari","ferrari","pirelli",15.3
1068,2022,11,3,3,"3","44","lewis-hamilton","mercedes","mercedes","pirelli",10.11
1068,2022,11,4,4,"4","1","max-verstappen","red-bull","rbpt","pirelli",9.64
1068,2022,11,5,5,"5","55","carlos-sainz-jr","ferrari","ferrari","pirelli",8.02
1069,2022,12,1,1,"1","55","carlos-sainz-jr","ferrari","ferrari","pirelli",40.35
1069,2022,12,2,2,"2","44","lewis-hamilton","mercedes","mercedes","pirelli",12.95
1069,2022,12,3,3,"3","1","max-verstappen","red-bull","rbpt","pirelli",10.68
1069,2022,12,4,4,"4","16","charles-leclerc","ferrari","ferrari","pirelli",6.42
1069,2022,12,5,5,"5","11","sergio-perez","red-bull","rbpt","pirelli",5.44
1070,2022,13,1,1,"1","1","max-verstappen","red-bull","rbpt","pirelli",34.15
1070,2022,13,2,2,"2","44","lewis-hamilton","mercedes","mercedes","pirelli",16.38
1070,2022,13,3,3,"3","63","george-russell","mercedes","mercedes","pirelli",10.98
1070,2022,13,4,4,"4","5","sebastian-vettel","aston-martin","mercedes","pirelli",8.68
1070,2022,13,5,5,"5","16","charles-leclerc","ferrari","ferrari","pirelli",6.62
1071,2022,14,1,1,"1","1","max-verstappen","red-bull","rbpt","pirelli",31.85
1071,2022,14,2,2,"2","5","sebastian-vettel","aston-martin","mercedes","pirelli",7.59
1071,2022,14,3,3,"3","23","alexander-albon","williams","mercedes","pirelli",6.77
1071,2022,14,4,4,"4","16","charles-leclerc","ferrari","ferrari","pirelli",6.51
1071,2022,14,5,5,"5","63","george-russell","mercedes","mercedes","pirelli",6.47
1072,2022,15,1,1,"1","1","max-verstappen","red-bull","rbpt","pirelli",22.64
1072,2022,15,2,2,"2","44","lewis-hamilton","mercedes","mercedes","pirelli",20.12
1072,2022,15,3,3,"3","63","george-russell","mercedes","mercedes","pirelli",9.46
1072,2022,15,4,4,"4","14","fernando-alonso","alpine","renault","pirelli",8.78
1072,2022,15,5,5,"5","16","charles-leclerc","ferrari","ferrari","pirelli",6.92
1073,2022,16,1,1,"1","45","nyck-de-vries","williams","mercedes","pirelli",24.82
1073,2022,16,2,2,"2","55","carlos-sainz-jr","ferrari","ferrari","pirelli",21.14
1073,2022,16,3,3,"3","1","max-verstappen","red-bull","rbpt","pirelli",13.15
1073,2022,16,4,4,"4","44","lewis-hamilton","mercedes","mercedes","pirelli",11.14
1073,2022,16,5,5,"5","16","charles-leclerc","ferrari","ferrari","pirelli",7.38
1074,2022,17,1,1,"1","11","sergio-perez","red-bull","rbpt","pirelli",22.63
1074,2022,17,2,2,"2","3","daniel-ricciardo","mclaren","mercedes","pirelli",16.79
1074,2022,17,3,3,"3","16","charles-leclerc","ferrari","ferrari","pirelli",9.6
1074,2022,17,4,4,"4","4","lando-norris","mclaren","mercedes","pirelli",9.38
1074,2022,17,5,5,"5","5","sebastian-vettel","aston-martin","mercedes","pirelli",7.9
1075,2022,18,1,1,"1","5","sebastian-vettel","aston-martin","mercedes","pirelli",16.27
1075,2022,18,2,2,"2","31","esteban-ocon","alpine","renault","pirelli",14.46
1075,2022,18,3,3,"3","1","max-verstappen","red-bull","rbpt","pirelli",13.15
1075,2022,18,4,4,"4","6","nicholas-latifi","williams","mercedes","pirelli",9.7
1075,2022,18,5,5,"5","44","lewis-hamilton","mercedes","mercedes","pirelli",7.34
1076,2022,19,1,1,"1","5","sebastian-vettel","aston-martin","mercedes","pirelli",18.41
1076,2022,19,2,2,"2","44","lewis-hamilton","mercedes","mercedes","pirelli",17.96
1076,2022,19,3,3,"3","14","fernando-alonso","alpine","renault","pirelli",15.01
1076,2022,19,4,4,"4","16","charles-leclerc","ferrari","ferrari","pirelli",10.32
1076,2022,19,5,5,"5","1","max-verstappen","red-bull","rbpt","pirelli",10.21
1077,2022,20,1,1,"1","3","daniel-ricciardo","mclaren","mercedes","pirelli",24.37
1077,2022,20,2,2,"2","11","sergio-perez","red-bull","rbpt","pirelli",16.69
1077,2022,20,3,3,"3","1","max-verstappen","red-bull","rbpt","pirelli",12.05
1077,2022,20,4,4,"4","44","lewis-hamilton","mercedes","mercedes","pirelli",10.55
1077,2022,20,5,5,"5","5","sebastian-vettel","aston-martin","mercedes","pirelli",5.01
1078,2022,21,1,1,"1","44","lewis-hamilton","mercedes","mercedes","pirelli",17.08
1078,2022,21,2,2,"2","14","fernando-alonso","alpine","renault","pirelli",16.02
1078,2022,21,3,3,"3","63","george-russell","mercedes","mercedes","pirelli",12.46
1078,2022,21,4,4,"4","16","charles-leclerc","ferrari","ferrari","pirelli",11.28
1078,2022,21,5,5,"5","55","carlos-sainz-jr","ferrari","ferrari","pirelli",6.37
1079,2022,22,1,1,"1","5","sebastian-vettel","aston-martin","mercedes","pirelli",56.64
1079,2022,22,2,2,"2","11","sergio-perez","red-bull","rbpt","pirelli",9.08
1079,2022,22,3,3,"3","16","charles-leclerc","ferrari","ferrari","pirelli",6.53
1079,2022,22,4,4,"4","44","lewis-hamilton","mercedes","mercedes","pirelli",5.46
1079,2022,22,5,5,"5","3","daniel-ricciardo","mclaren","mercedes","pirelli",4.76
1080,2023,1,1,1,"1","14","fernando-alonso","aston-martin","mercedes","pirelli",53.28
1080,2023,1,2,2,"2","10","pierre-gasly","alpine","renault","pirelli",6.5
1080,2023,1,3,3,"3","1","max-verstappen","red-bull","honda-rbpt","pirelli",6.33
1080,2023,1,4,4,"4","44","lewis-hamilton","mercedes","mercedes","pirelli",5.48
1080,2023,1,5,5,"5","16","charles-leclerc","ferrari","ferrari","pirelli",4.37
1081,2023,2,1,1,"1","1","max-verstappen","red-bull","honda-rbpt","pirelli",26.25
1081,2023,2,2,2,"2","11","sergio-perez","red-bull","honda-rbpt","pirelli",19.81
1081,2023,2,3,3,"3","14","fernando-alonso","aston-martin","mercedes","pirelli",14.58
1081,2023,2,4,4,"4","16","charles-leclerc","ferrari","ferrari","pirelli",7.16
1081,2023,2,5,5,"5","44","lewis-hamilton","mercedes","mercedes","pirelli",6.67
1082,2023,3,1,1,"1","11","sergio-perez","red-bull","honda-rbpt","pirelli",21.31
1082,2023,3,2,2,"2","44","lewis-hamilton","mercedes","mercedes","pirelli",14.33
1082,2023,3,3,3,"3","10","pierre-gasly","alpine","renault","pirelli",10.31
1082,2023,3,4,4,"4","4","lando-norris","mclaren","mercedes","pirelli",9.59
1082,2023,3,5,5,"5","55","carlos-sainz-jr","ferrari","ferrari","pirelli",9.03
1083,2023,4,1,1,"1","11","sergio-perez","red-bull","honda-rbpt","pirelli",29.11
1083,2023,4,2,2,"2","14","fernando-alonso","aston-martin","mercedes","pirelli",14.33
1083,2023,4,3,3,"3","16","charles-leclerc","ferrari","ferrari","pirelli",11.41
1083,2023,4,4,4,"4","44","lewis-hamilton","mercedes","mercedes","pirelli",9.13
1083,2023,4,5,5,"5","1","max-verstappen","red-bull","honda-rbpt","pirelli",6.55
1084,2023,5,1,1,"1","1","max-verstappen","red-bull","honda-rbpt","pirelli",27.12
1084,2023,5,2,2,"2","11","sergio-perez","red-bull","honda-rbpt","pirelli",12.5
1084,2023,5,3,3,"3","14","fernando-alonso","aston-martin","mercedes","pirelli",9.82
1084,2023,5,4,4,"4","44","lewis-hamilton","mercedes","mercedes","pirelli",8.6
1084,2023,5,5,5,"5","63","george-russell","mercedes","mercedes","pirelli",7.87
1085,2023,6,1,1,"1","31","esteban-ocon","alpine","renault","pirelli",23.46
1085,2023,6,2,2,"2","14","fernando-alonso","aston-martin","mercedes","pirelli",22.55
1085,2023,6,3,3,"3","1","max-verstappen","red-bull","honda-rbpt","pirelli",16.48
1085,2023,6,4,4,"4","44","lewis-hamilton","mercedes","mercedes","pirelli",7.51
1085,2023,6,5,5,"5","16","charles-leclerc","ferrari","ferrari","pirelli",6.24
1086,2023,7,1,1,"1","44","lewis-hamilton","mercedes","mercedes","pirelli",24.65
1086,2023,7,2,2,"2","11","sergio-perez","red-bull","honda-rbpt","pirelli",19.21
1086,2023,7,3,3,"3","63","george-russell","mercedes","mercedes","pirelli",11.27
1086,2023,7,4,4,"4","1","max-verstappen","red-bull","honda-rbpt","pirelli",10.56
1086,2023,7,5,5,"5","14","fernando-alonso","aston-martin","mercedes","pirelli",5.36
1087,2023,8,1,1,"1","23","alexander-albon","williams","mercedes","pirelli",28.7
1087,2023,8,2,2,"2","44","lewis-hamilton","mercedes","mercedes","pirelli",16.36
1087,2023,8,3,3,"3","14","fernando-alonso","aston-martin","mercedes","pirelli",16.31
1087,2023,8,4,4,"4","1","max-verstappen","red-bull","honda-rbpt","pirelli",7.36
1087,2023,8,5,5,"5","16","charles-leclerc","ferrari","ferrari","pirelli",7.32
1088,2023,9,1,1,"1","4","lando-norris","mclaren","mercedes","pirelli",26.1
1088,2023,9,2,2,"2","55","carlos-sainz-jr","ferrari","ferrari","pirelli",22.43
1088,2023,9,3,3,"3","11","sergio-perez","red-bull","honda-rbpt","pirelli",21.8
1088,2023,9,4,4,"4","16","charles-leclerc","ferrari","ferrari","pirelli",7.64
1088,2023,9,5,5,"5","1","max-verstappen","red-bull","honda-rbpt","pirelli",6.46
1089,2023,10,1,1,"1","4","lando-norris","mclaren","mercedes","pirelli",45.5
1089,2023,10,2,2,"2","44","lewis-hamilton","mercedes","mercedes","pirelli",12.07
1089,2023,10,3,3,"3","81","oscar-piastri","mclaren","mercedes","pirelli",10.78
1089,2023,10,4,4,"4","11","sergio-perez","red-bull","honda-rbpt","pirelli",8.13
1089,2023,10,5,5,"5","1","max-verstappen","red-bull","honda-rbpt","pirelli",5.06
1090,2023,11,1,1,"1","11","sergio-perez","red-bull","honda-rbpt","pirelli",20.73
1090,2023,11,2,2,"2","4","lando-norris","mclaren","mercedes","pirelli",20.42
1090,2023,11,3,3,"3","81","oscar-piastri","mclaren","mercedes","pirelli",13.72
1090,2023,11,4,4,"4","63","george-russell","mercedes","mercedes","pirelli",8.41
1090,2023,11,5,5,"5","1","max-verstappen","red-bull","honda-rbpt","pirelli",7.63
1091,2023,12,1,1,"1","1","max-verstappen","red-bull","honda-rbpt","pirelli",15.46
1091,2023,12,2,2,"2","16","charles-leclerc","ferrari","ferrari","pirelli",14.78
1091,2023,12,3,3,"3","22","yuki-tsunoda","alphatauri","honda-rbpt","pirelli",14.57
1091,2023,12,4,4,"4","4","lando-norris","mclaren","mercedes","pirelli",8.04
1091,2023,12,5,5,"5","11","sergio-perez","red-bull","honda-rbpt","pirelli",7.27
1092,2023,13,1,1,"1","14","fernando-alonso","aston-martin","mercedes","pirelli",20.87
1092,2023,13,2,2,"2","23","alexander-albon","williams","mercedes","pirelli",13.99
1092,2023,13,3,3,"3","1","max-verstappen","red-bull","honda-rbpt","pirelli",10.92
1092,2023,13,4,4,"4","10","pierre-gasly","alpine","renault","pirelli",9.14
1092,2023,13,5,5,"5","44","lewis-hamilton","mercedes","mercedes","pirelli",9.04
1093,2023,14,1,1,"1","55","carlos-sainz-jr","ferrari","ferrari","pirelli",31.48
1093,2023,14,2,2,"2","11","sergio-perez","red-bull","honda-rbpt","pirelli",14.84
1093,2023,14,3,3,"3","1","max-verstappen","red-bull","honda-rbpt","pirelli",13.26
1093,2023,14,4,4,"4","23","alexander-albon","williams","mercedes","pirelli",10.72
1093,2023,14,5,5,"5","16","charles-leclerc","ferrari","ferrari","pirelli",6.04
1094,2023,15,1,1,"1","55","carlos-sainz-jr","ferrari","ferrari","pirelli",21.15
1094,2023,15,2,2,"2","40","liam-lawson","alphatauri","honda-rbpt","pirelli",14.44
1094,2023,15,3,3,"3","4","lando-norris","mclaren","mercedes","pirelli",13.57
1094,2023,15,4,4,"4","63","george-russell","mercedes","mercedes","pirelli",9.79
1094,2023,15,5,5,"5","1","max-verstappen","red-bull","honda-rbpt","pirelli",7.61
1095,2023,16,1,1,"1","81","oscar-piastri","mclaren","mercedes","pirelli",28.23
1095,2023,16,2,2,"2","4","lando-norris","mclaren","mercedes","pirelli",15.81
1095,2023,16,3,3,"3","1","max-verstappen","red-bull","honda-rbpt","pirelli",14.39
1095,2023,16,4,4,"4","16","charles-leclerc","ferrari","ferrari","pirelli",7.47
1095,2023,16,5,5,"5","44","lewis-hamilton","mercedes","mercedes","pirelli",6.82
1096,2023,17,1,1,"1","81","oscar-piastri","mclaren","mercedes","pirelli",27.88
1096,2023,17,2,2,"2","63","george-russell","mercedes","mercedes","pirelli",17.25
1096,2023,17,3,3,"3","4","lando-norris","mclaren","mercedes","pirelli",16.43
1096,2023,17,4,4,"4","1","max-verstappen","red-bull","honda-rbpt","pirelli",11.36
1096,2023,17,5,5,"5","16","charles-leclerc","ferrari","ferrari","pirelli",4.58
1097,2023,18,1,1,"1","4","lando-norris","mclaren","mercedes","pirelli",25.96
1097,2023,18,2,2,"2","44","lewis-hamilton","mercedes","mercedes","pirelli",23.27
1097,2023,18,3,3,"3","1","max-verstappen","red-bull","honda-rbpt","pirelli",14.43
1097,2023,18,4,4,"4","11","sergio-perez","red-bull","honda-rbpt","pirelli",7.5
1097,2023,18,5,5,"5","14","fernando-alonso","aston-martin","mercedes","pirelli",6.82
1098,2023,19,1,1,"1","4","lando-norris","mclaren","mercedes","pirelli",29.49
1098,2023,19,2,2,"2","3","daniel-ricciardo","alphatauri","honda-rbpt","pirelli",21.55
1098,2023,19,3,3,"3","44","lewis-hamilton","mercedes","mercedes","pirelli",12.17
1098,2023,19,4,4,"4","11","sergio-perez","red-bull","honda-rbpt","pirelli",8.28
1098,2023,19,5,5,"5","1","max-verstappen","red-bull","honda-rbpt","pirelli",7.47
1099,2023,20,1,1,"1","4","lando-norris","mclaren","mercedes","pirelli",26.06
1099,2023,20,2,2,"2","14","fernando-alonso","aston-martin","mercedes","pirelli",24.74
1099,2023,20,3,3,"3","11","sergio-perez","red-bull","honda-rbpt","pirelli",15.78
1099,2023,20,4,4,"4","1","max-verstappen","red-bull","honda-rbpt","pirelli",5.95
1099,2023,20,5,5,"5","22","yuki-tsunoda","alphatauri","honda-rbpt","pirelli",3.98
1100,2023,21,1,1,"1","16","charles-leclerc","ferrari","ferrari","pirelli",21.6
1100,2023,21,2,2,"2","11","sergio-perez","red-bull","honda-rbpt","pirelli",19.05
1100,2023,21,3,3,"3","81","oscar-piastri","mclaren","mercedes","pirelli",13.95
1100,2023,21,4,4,"4","1","max-verstappen","red-bull","honda-rbpt","pirelli",13.01
1100,2023,21,5,5,"5","44","lewis-hamilton","mercedes","mercedes","pirelli",6.15
1101,2023,22,1,1,"1","22","yuki-tsunoda","alphatauri","honda-rbpt","pirelli",24.19
1101,2023,22,2,2,"2","16","charles-leclerc","ferrari","ferrari","pirelli",14.31
1101,2023,22,3,3,"3","11","sergio-perez","red-bull","honda-rbpt","pirelli",11.34
1101,2023,22,4,4,"4","4","lando-norris","mclaren","mercedes","pirelli",9.66
1101,2023,22,5,5,"5","1","max-verstappen","red-bull","honda-rbpt","pirelli",8.95
1102,2024,1,1,1,"1","55","carlos-sainz-jr","ferrari","ferrari","pirelli",31.36
1102,2024,1,2,2,"2","1","max-verstappen","red-bull","honda-rbpt","pirelli",13.3
1102,2024,1,3,3,"3","11","sergio-perez","red-bull","honda-rbpt","pirelli",11.38
1102,2024,1,4,4,"4","16","charles-leclerc","ferrari","ferrari","pirelli",8.04
1102,2024,1,5,5,"5","4","lando-norris","mclaren","mercedes","pirelli",5.18
1103,2024,2,1,1,"1","38","oliver-bearman","ferrari","ferrari","pirelli",48.28
1103,2024,2,2,2,"2","44","lewis-hamilton","mercedes","mercedes","pirelli",7.27
1103,2024,2,3,3,"3","20","kevin-magnussen","haas","ferrari","pirelli",6.71
1103,2024,2,4,4,"4","11","sergio-perez","red-bull","honda-rbpt","pirelli",5.91
1103,2024,2,5,5,"5","4","lando-norris","mclaren","mercedes","pirelli",5.16
1104,2024,3,1,1,"1","55","carlos-sainz-jr","ferrari","ferrari","pirelli",38.43
1104,2024,3,2,2,"2","4","lando-norris","mclaren","mercedes","pirelli",11.56
1104,2024,3,3,3,"3","81","oscar-piastri","mclaren","mercedes","pirelli",10.24
1104,2024,3,4,4,"4","16","charles-leclerc","ferrari","ferrari","pirelli",8.74
1104,2024,3,5,5,"5","1","max-verstappen","red-bull","honda-rbpt","pirelli",5.53
1105,2024,4,1,1,"1","16","charles-leclerc","ferrari","ferrari","pirelli",23.79
1105,2024,4,2,2,"2","22","yuki-tsunoda","rb","honda-rbpt","pirelli",17.7
1105,2024,4,3,3,"3","55","carlos-sainz-jr","ferrari","ferrari","pirelli",14.63
1105,2024,4,4,4,"4","11","sergio-perez","red-bull","honda-rbpt","pirelli",8.32
1105,2024,4,5,5,"5","4","lando-norris","mclaren","mercedes","pirelli",8.07
1106,2024,5,1,1,"1","4","lando-norris","mclaren","mercedes","pirelli",26.39
1106,2024,5,2,2,"2","44","lewis-hamilton","mercedes","mercedes","pirelli",13.9
1106,2024,5,3,3,"3","14","fernando-alonso","aston-martin","mercedes","pirelli",13.63
1106,2024,5,4,4,"4","16","charles-leclerc","ferrari","ferrari","pirelli",9.02
1106,2024,5,5,5,"5","1","max-verstappen","red-bull","honda-rbpt","pirelli",6.28
1107,2024,6,1,1,"1","4","lando-norris","mclaren","mercedes","pirelli",41.12
1107,2024,6,2,2,"2","77","valtteri-bottas","kick-sauber","ferrari","pirelli",14.56
1107,2024,6,3,3,"3","81","oscar-piastri","mclaren","mercedes","pirelli",8.49
1107,2024,6,4,4,"4","44","lewis-hamilton","mercedes","mercedes","pirelli",5.94
1107,2024,6,5,5,"5","16","charles-leclerc","ferrari","ferrari","pirelli",4.59
1108,2024,7,1,1,"1","4","lando-norris","mclaren","mercedes","pirelli",31.38
1108,2024,7,2,2,"2","16","charles-leclerc","ferrari","ferrari","pirelli",11.32
1108,2024,7,3,3,"3","81","oscar-piastri","mclaren","mercedes","pirelli",9.02
1108,2024,7,4,4,"4","1","max-verstappen","red-bull","honda-rbpt","pirelli",8.6
1108,2024,7,5,5,"5","22","yuki-tsunoda","rb","honda-rbpt","pirelli",6.48
1109,2024,8,1,1,"1","16","charles-leclerc","ferrari","ferrari","pirelli",32.42
1109,2024,8,2,2,"2","24","guanyu-zhou","kick-sauber","ferrari","pirelli",12.35
1109,2024,8,3,3,"3","81","oscar-piastri","mclaren","mercedes","pirelli",7.92
1109,2024,8,4,4,"4","55","carlos-sainz-jr","ferrari","ferrari","pirelli",6.37
1109,2024,8,5,5,"5","4","lando-norris","mclaren","mercedes","pirelli",4.71
1110,2024,9,1,1,"1","4","lando-norris","mclaren","mercedes","pirelli",24.68
1110,2024,9,2,2,"2","1","max-verstappen","red-bull","honda-rbpt","pirelli",11.84
1110,2024,9,3,3,"3","44","lewis-hamilton","mercedes","mercedes","pirelli",9.54
1110,2024,9,4,4,"4","63","george-russell","mercedes","mercedes","pirelli",9.06
1110,2024,9,5,5,"5","81","oscar-piastri","mclaren","mercedes","pirelli",6.56
1111,2024,10,1,1,"1","4","lando-norris","mclaren","mercedes","pirelli",28.26
1111,2024,10,2,2,"2","1","max-verstappen","red-bull","honda-rbpt","pirelli",15.81
1111,2024,10,3,3,"3","44","lewis-hamilton","mercedes","mercedes","pirelli",15.75
1111,2024,10,4,4,"4","55","carlos-sainz-jr","ferrari","ferrari","pirelli",7.57
1111,2024,10,5,5,"5","63","george-russell","mercedes","mercedes","pirelli",7.02
1112,2024,11,1,1,"1","4","lando-norris","mclaren","mercedes","pirelli",24.58
1112,2024,11,2,2,"2","1","max-verstappen","red-bull","honda-rbpt","pirelli",16.42
1112,2024,11,3,3,"3","81","oscar-piastri","mclaren","mercedes","pirelli",10.69
1112,2024,11,4,4,"4","16","charles-leclerc","ferrari","ferrari","pirelli",8.18
1112,2024,11,5,5,"5","63","george-russell","mercedes","mercedes","pirelli",6.73
1113,2024,12,1,1,"1","44","lewis-hamilton","mercedes","mercedes","pirelli",36.12
1113,2024,12,2,2,"2","4","lando-norris","mclaren","mercedes","pirelli",15.71
1113,2024,12,3,3,"3","1","max-verstappen","red-bull","honda-rbpt","pirelli",13.36
1113,2024,12,4,4,"4","27","nico-hulkenberg","haas","ferrari","pirelli",6.59
1113,2024,12,5,5,"5","81","oscar-piastri","mclaren","mercedes","pirelli",6.42
1114,2024,13,1,1,"1","81","oscar-piastri","mclaren","mercedes","pirelli",34.94
1114,2024,13,2,2,"2","44","lewis-hamilton","mercedes","mercedes","pirelli",13.87
1114,2024,13,3,3,"3","4","lando-norris","mclaren","mercedes","pirelli",13.82
1114,2024,13,4,4,"4","1","max-verstappen","red-bull","honda-rbpt","pirelli",8.21
1114,2024,13,5,5,"5","16","charles-leclerc","ferrari","ferrari","pirelli",6.7
1115,2024,14,1,1,"1","44","lewis-hamilton","mercedes","mercedes","pirelli",26.13
1115,2024,14,2,2,"2","81","oscar-piastri","mclaren","mercedes","pirelli",14.91
1115,2024,14,3,3,"3","1","max-verstappen","red-bull","honda-rbpt","pirelli",10.65
1115,2024,14,4,4,"4","63","george-russell","mercedes","mercedes","pirelli",9.38
1115,2024,14,5,5,"5","16","charles-leclerc","ferrari","ferrari","pirelli",7.09
1116,2024,15,1,1,"1","4","lando-norris","mclaren","mercedes","pirelli",24.59
1116,2024,15,2,2,"2","16","charles-leclerc","ferrari","ferrari","pirelli",17.53
1116,2024,15,3,3,"3","44","lewis-hamilton","mercedes","mercedes","pirelli",13.95
1116,2024,15,4,4,"4","55","carlos-sainz-jr","ferrari","ferrari","pirelli",8.63
1116,2024,15,5,5,"5","1","max-verstappen","red-bull","honda-rbpt","pirelli",7.81
1117,2024,16,1,1,"1","16","charles-leclerc","ferrari","ferrari","pirelli",26.38
1117,2024,16,2,2,"2","81","oscar-piastri","mclaren","mercedes","pirelli",17.43
1117,2024,16,3,3,"3","55","carlos-sainz-jr","ferrari","ferrari","pirelli",11.18
1117,2024,16,4,4,"4","43","franco-colapinto","williams","mercedes","pirelli",11.14
1117,2024,16,5,5,"5","4","lando-norris","mclaren","mercedes","pirelli",8.24
1118,2024,17,1,1,"1","81","oscar-piastri","mclaren","mercedes","pirelli",29.61
1118,2024,17,2,2,"2","4","lando-norris","mclaren","mercedes","pirelli",14.2
1118,2024,17,3,3,"3","16","charles-leclerc","ferrari","ferrari","pirelli",12.33
1118,2024,17,4,4,"4","11","sergio-perez","red-bull","honda-rbpt","pirelli",9.33
1118,2024,17,5,5,"5","43","franco-colapinto","williams","mercedes","pirelli",7.84
1119,2024,18,1,1,"1","3","daniel-ricciardo","rb","honda-rbpt","pirelli",20.11
1119,2024,18,2,2,"2","4","lando-norris","mclaren","mercedes","pirelli",17.8
1119,2024,18,3,3,"3","16","charles-leclerc","ferrari","ferrari","pirelli",13.63
1119,2024,18,4,4,"4","43","franco-colapinto","williams","mercedes","pirelli",8.7
1119,2024,18,5,5,"5","81","oscar-piastri","mclaren","mercedes","pirelli",8.05
1120,2024,19,1,1,"1","16","charles-leclerc","ferrari","ferrari","pirelli",27.37
1120,2024,19,2,2,"2","43","franco-colapinto","williams","mercedes","pirelli",16.26
1120,2024,19,3,3,"3","1","max-verstappen","red-bull","honda-rbpt","pirelli",10.1
1120,2024,19,4,4,"4","55","carlos-sainz-jr","ferrari","ferrari","pirelli",8.93
1120,2024,19,5,5,"5","4","lando-norris","mclaren","mercedes","pirelli",8.5
1121,2024,20,1,1,"1","55","carlos-sainz-jr","ferrari","ferrari","pirelli",27.17
1121,2024,20,2,2,"2","4","lando-norris","mclaren","mercedes","pirelli",12.28
1121,2024,20,3,3,"3","1","max-verstappen","red-bull","honda-rbpt","pirelli",9.2
1121,2024,20,4,4,"4","43","franco-colapinto","williams","mercedes","pirelli",8.07
1121,2024,20,5,5,"5","16","charles-leclerc","ferrari","ferrari","pirelli",7.36
1122,2024,21,1,1,"1","1","max-verstappen","red-bull","honda-rbpt","pirelli",39.59
1122,2024,21,2,2,"2","31","esteban-ocon","alpine","renault","pirelli",11.12
1122,2024,21,3,3,"3","43","franco-colapinto","williams","mercedes","pirelli",6.69
1122,2024,21,4,4,"4","10","pierre-gasly","alpine","renault","pirelli",5.46
1122,2024,21,5,5,"5","4","lando-norris","mclaren","mercedes","pirelli",5.08
1123,2024,22,1,1,"1","44","lewis-hamilton","mercedes","mercedes","pirelli",32.72
1123,2024,22,2,2,"2","1","max-verstappen","red-bull","honda-rbpt","pirelli",13.23
1123,2024,22,3,3,"3","63","george-russell","mercedes","mercedes","pirelli",10.18
1123,2024,22,4,4,"4","55","carlos-sainz-jr","ferrari","ferrari","pirelli",7.36
1123,2024,22,5,5,"5","43","franco-colapinto","williams","mercedes","pirelli",6.16
1124,2024,23,1,1,"1","24","guanyu-zhou","kick-sauber","ferrari","pirelli",29.66
1124,2024,23,2,2,"2","1","max-verstappen","red-bull","honda-rbpt","pirelli",17.5
1124,2024,23,3,3,"3","16","charles-leclerc","ferrari","ferrari","pirelli",9.77
1124,2024,23,4,4,"4","4","lando-norris","mclaren","mercedes","pirelli",8.59
1124,2024,23,5,5,"5","10","pierre-gasly","alpine","renault","pirelli",7.44
1125,2024,24,1,1,"1","16","charles-leclerc","ferrari","ferrari","pirelli",29.41
1125,2024,24,2,2,"2","44","lewis-hamilton","mercedes","mercedes","pirelli",20.21
1125,2024,24,3,3,"3","4","lando-norris","mclaren","mercedes","pirelli",12.16
1125,2024,24,4,4,"4","55","carlos-sainz-jr","ferrari","ferrari","pirelli",9.24
1125,2024,24,5,5,"5","77","valtteri-bottas","kick-sauber","ferrari","pirelli",4.52
1126,2025,1,1,1,"1","4","lando-norris","mclaren","mercedes","pirelli",23.97
1126,2025,1,2,2,"2","12","kimi-antonelli","mercedes","mercedes","pirelli",16.08
1126,2025,1,3,3,"3","81","oscar-piastri","mclaren","mercedes","pirelli",11.25
1126,2025,1,4,4,"4","23","alexander-albon","williams","mercedes","pirelli",10.87
1126,2025,1,5,5,"5","1","max-verstappen","red-bull","honda-rbpt","pirelli",9.01
1127,2025,2,1,1,"1","12","kimi-antonelli","mercedes","mercedes","pirelli",20.72
1127,2025,2,2,2,"2","81","oscar-piastri","mclaren","mercedes","pirelli",15.59
1127,2025,2,3,3,"3","87","oliver-bearman","haas","ferrari","pirelli",12.94
1127,2025,2,4,4,"4","16","charles-leclerc","ferrari","ferrari","pirelli",8.41
1127,2025,2,5,5,"5","1","max-verstappen","red-bull","honda-rbpt","pirelli",6.51
1128,2025,3,1,1,"1","22","yuki-tsunoda","red-bull","honda-rbpt","pirelli",23.73
1128,2025,3,2,2,"2","1","max-verstappen","red-bull","honda-rbpt","pirelli",19.69
1128,2025,3,3,3,"3","12","kimi-antonelli","mercedes","mercedes","pirelli",13.58
1128,2025,3,4,4,"4","81","oscar-piastri","mclaren","mercedes","pirelli",7.88
1128,2025,3,5,5,"5","6","isack-hadjar","racing-bulls","honda-rbpt","pirelli",7
1129,2025,4,1,1,"1","44","lewis-hamilton","ferrari","ferrari","pirelli",29.55
1129,2025,4,2,2,"2","81","oscar-piastri","mclaren","mercedes","pirelli",14.09
1129,2025,4,3,3,"3","16","charles-leclerc","ferrari","ferrari","pirelli",7.81
1129,2025,4,4,4,"4","4","lando-norris","mclaren","mercedes","pirelli",6.65
1129,2025,4,5,5,"5","10","pierre-gasly","alpine","renault","pirelli",6.49
1130,2025,5,1,1,"1","1","max-verstappen","red-bull","honda-rbpt","pirelli",23.34
1130,2025,5,2,2,"2","16","charles-leclerc","ferrari","ferrari","pirelli",16.26
1130,2025,5,3,3,"3","4","lando-norris","mclaren","mercedes","pirelli",15.13
1130,2025,5,4,4,"4","81","oscar-piastri","mclaren","mercedes","pirelli",13.83
1130,2025,5,5,5,"5","55","carlos-sainz-jr","williams","mercedes","pirelli",5.45
1131,2025,6,1,1,"1","81","oscar-piastri","mclaren","mercedes","pirelli",20.65
1131,2025,6,2,2,"2","23","alexander-albon","williams","mercedes","pirelli",18.97
1131,2025,6,3,3,"3","4","lando-norris","mclaren","mercedes","pirelli",14.16
1131,2025,6,4,4,"4","1","max-verstappen","red-bull","honda-rbpt","pirelli",9.28
1131,2025,6,5,5,"5","44","lewis-hamilton","ferrari","ferrari","pirelli",8.72
1132,2025,7,1,1,"1","1","max-verstappen","red-bull","honda-rbpt","pirelli",19.03
1132,2025,7,2,2,"2","23","alexander-albon","williams","mercedes","pirelli",14.86
1132,2025,7,3,3,"3","16","charles-leclerc","ferrari","ferrari","pirelli",10.96
1132,2025,7,4,4,"4","44","lewis-hamilton","ferrari","ferrari","pirelli",9.51
1132,2025,7,5,5,"5","81","oscar-piastri","mclaren","mercedes","pirelli",9.26
1133,2025,8,1,1,"1","16","charles-leclerc","ferrari","ferrari","pirelli",20.09
1133,2025,8,2,2,"2","6","isack-hadjar","racing-bulls","honda-rbpt","pirelli",16.84
1133,2025,8,3,3,"3","4","lando-norris","mclaren","mercedes","pirelli",14.55
1133,2025,8,4,4,"4","1","max-verstappen","red-bull","honda-rbpt","pirelli",6.99
1133,2025,8,5,5,"5","44","lewis-hamilton","ferrari","ferrari","pirelli",6.21
1134,2025,9,1,1,"1","1","max-verstappen","red-bull","honda-rbpt","pirelli",19.7
1134,2025,9,2,2,"2","81","oscar-piastri","mclaren","mercedes","pirelli",14.54
1134,2025,9,3,3,"3","27","nico-hulkenberg","kick-sauber","ferrari","pirelli",10.65
1134,2025,9,4,4,"4","16","charles-leclerc","ferrari","ferrari","pirelli",9.55
1134,2025,9,5,5,"5","4","lando-norris","mclaren","mercedes","pirelli",9.3
1135,2025,10,1,1,"1","12","kimi-antonelli","mercedes","mercedes","pirelli",27.33
1135,2025,10,2,2,"2","63","george-russell","mercedes","mercedes","pirelli",11.73
1135,2025,10,3,3,"3","1","max-verstappen","red-bull","honda-rbpt","pirelli",11.14
1135,2025,10,4,4,"4","4","lando-norris","mclaren","mercedes","pirelli",9.31
1135,2025,10,5,5,"5","27","nico-hulkenberg","kick-sauber","ferrari","pirelli",6.86
1136,2025,11,1,1,"1","5","gabriel-bortoleto","kick-sauber","ferrari","pirelli",30.04
1136,2025,11,2,2,"2","4","lando-norris","mclaren","mercedes","pirelli",15.71
1136,2025,11,3,3,"3","81","oscar-piastri","mclaren","mercedes","pirelli",10.66
1136,2025,11,4,4,"4","30","liam-lawson","racing-bulls","honda-rbpt","pirelli",6.84
1136,2025,11,5,5,"5","16","charles-leclerc","ferrari","ferrari","pirelli",6.69
1137,2025,12,1,1,"1","27","nico-hulkenberg","kick-sauber","ferrari","pirelli",49.04
1137,2025,12,2,2,"2","44","lewis-hamilton","ferrari","ferrari","pirelli",11.53
1137,2025,12,3,3,"3","4","lando-norris","mclaren","mercedes","pirelli",8.63
1137,2025,12,4,4,"4","1","max-verstappen","red-bull","honda-rbpt","pirelli",5.94
1137,2025,12,5,5,"5","18","lance-stroll","aston-martin","mercedes","pirelli",5.89
1138,2025,13,1,1,"1","44","lewis-hamilton","ferrari","ferrari","pirelli",38.8
1138,2025,13,2,2,"2","81","oscar-piastri","mclaren","mercedes","pirelli",10.58
1138,2025,13,3,3,"3","16","charles-leclerc","ferrari","ferrari","pirelli",9.64
1138,2025,13,4,4,"4","4","lando-norris","mclaren","mercedes","pirelli",6.7
1138,2025,13,5,5,"5","23","alexander-albon","williams","mercedes","pirelli",6.28
1139,2025,14,1,1,"1","5","gabriel-bortoleto","kick-sauber","ferrari","pirelli",18.81
1139,2025,14,2,2,"2","14","fernando-alonso","aston-martin","mercedes","pirelli",18.34
1139,2025,14,3,3,"3","16","charles-leclerc","ferrari","ferrari","pirelli",15.15
1139,2025,14,4,4,"4","4","lando-norris","mclaren","mercedes","pirelli",9.84
1139,2025,14,5,5,"5","81","oscar-piastri","mclaren","mercedes","pirelli",7.71
1140,2025,15,1,1,"1","6","isack-hadjar","racing-bulls","honda-rbpt","pirelli",38.57
1140,2025,15,2,2,"2","1","max-verstappen","red-bull","honda-rbpt","pirelli",8.69
1140,2025,15,3,3,"3","16","charles-leclerc","ferrari","ferrari","pirelli",8.13
1140,2025,15,4,4,"4","81","oscar-piastri","mclaren","mercedes","pirelli",6.84
1140,2025,15,5,5,"5","4","lando-norris","mclaren","mercedes","pirelli",5.88
1141,2025,16,1,1,"1","1","max-verstappen","red-bull","honda-rbpt","pirelli",29.39
1141,2025,16,2,2,"2","44","lewis-hamilton","ferrari","ferrari","pirelli",16.96
1141,2025,16,3,3,"3","16","charles-leclerc","ferrari","ferrari","pirelli",10.03
1141,2025,16,4,4,"4","4","lando-norris","mclaren","mercedes","pirelli",7.98
1141,2025,16,5,5,"5","23","alexander-albon","williams","mercedes","pirelli",5.67
1142,2025,17,1,1,"1","55","carlos-sainz-jr","williams","mercedes","pirelli",28.57
1142,2025,17,2,2,"2","1","max-verstappen","red-bull","honda-rbpt","pirelli",18.45
1142,2025,17,3,3,"3","63","george-russell","mercedes","mercedes","pirelli",8.34
1142,2025,17,4,3,"3","44","lewis-hamilton","ferrari","ferrari","pirelli",8.34
1142,2025,17,5,4,"4","30","liam-lawson","racing-bulls","honda-rbpt","pirelli",7.42
1142,2025,17,6,5,"5","12","kimi-antonelli","mercedes","mercedes","pirelli",7.27
1143,2025,18,1,1,"1","14","fernando-alonso","aston-martin","mercedes","pirelli",22.48
1143,2025,18,2,2,"2","63","george-russell","mercedes","mercedes","pirelli",16.4
1143,2025,18,3,3,"3","1","max-verstappen","red-bull","honda-rbpt","pirelli",14.52
1143,2025,18,4,4,"4","4","lando-norris","mclaren","mercedes","pirelli",8.73
1143,2025,18,5,5,"5","44","lewis-hamilton","ferrari","ferrari","pirelli",7.63
1144,2025,19,1,1,"1","16","charles-leclerc","ferrari","ferrari","pirelli",35.01
1144,2025,19,2,2,"2","1","max-verstappen","red-bull","honda-rbpt","pirelli",18.21
1144,2025,19,3,3,"3","4","lando-norris","mclaren","mercedes","pirelli",8.91
1144,2025,19,4,4,"4","44","lewis-hamilton","ferrari","ferrari","pirelli",7.81
1144,2025,19,5,5,"5","22","yuki-tsunoda","red-bull","honda-rbpt","pirelli",6.04
1145,2025,20,1,1,"1","87","oliver-bearman","haas","ferrari","pirelli",41.34
1145,2025,20,2,2,"2","1","max-verstappen","red-bull","honda-rbpt","pirelli",14.54
1145,2025,20,3,3,"3","4","lando-norris","mclaren","mercedes","pirelli",11.21
1145,2025,20,4,4,"4","44","lewis-hamilton","ferrari","ferrari","pirelli",6.57
1145,2025,20,5,5,"5","16","charles-leclerc","ferrari","ferrari","pirelli",6.5
1146,2025,21,1,1,"1","1","max-verstappen","red-bull","honda-rbpt","pirelli",56.69
1146,2025,21,2,2,"2","12","kimi-antonelli","mercedes","mercedes","pirelli",9.98
1146,2025,21,3,3,"3","4","lando-norris","mclaren","mercedes","pirelli",8.53
1146,2025,21,4,4,"4","87","oliver-bearman","haas","ferrari","pirelli",6.2
1146,2025,21,5,5,"5","81","oscar-piastri","mclaren","mercedes","pirelli",3.83
1147,2025,22,1,1,"1","1","max-verstappen","red-bull","honda-rbpt","pirelli",26.19
1147,2025,22,2,2,"2","12","kimi-antonelli","mercedes","mercedes","pirelli",16.36
1147,2025,22,3,3,"3","44","lewis-hamilton","ferrari","ferrari","pirelli",14.47
1147,2025,22,4,4,"4","16","charles-leclerc","ferrari","ferrari","pirelli",13.51
1147,2025,22,5,5,"5","4","lando-norris","mclaren","mercedes","pirelli",7.54
1148,2025,23,1,1,"1","1","max-verstappen","red-bull","honda-rbpt","pirelli",31.24
1148,2025,23,2,2,"2","55","carlos-sainz-jr","williams","mercedes","pirelli",29.99
1148,2025,23,3,3,"3","81","oscar-piastri","mclaren","mercedes","pirelli",10.24
1148,2025,23,4,4,"4","12","kimi-antonelli","mercedes","mercedes","pirelli",6.68
1148,2025,23,5,5,"5","4","lando-norris","mclaren","mercedes","pirelli",5.6
1149,2025,24,1,1,"1","1","max-verstappen","red-bull","honda-rbpt","pirelli",18.99
1149,2025,24,2,2,"2","4","lando-norris","mclaren","mercedes","pirelli",16.27
1149,2025,24,3,3,"3","44","lewis-hamilton","ferrari","ferrari","pirelli",13.39
1149,2025,24,4,4,"4","16","charles-leclerc","ferrari","ferrari","pirelli",12.23
1149,2025,24,5,5,"5","22","yuki-tsunoda","red-bull","honda-rbpt","pirelli",11.27
1150,2026,1,1,1,"1","3","max-verstappen","red-bull","red-bull-ford","pirelli",30
1150,2026,1,2,2,"2","16","charles-leclerc","ferrari","ferrari","pirelli",14.23
1150,2026,1,3,3,"3","41","arvid-lindblad","racing-bulls","red-bull-ford","pirelli",10.54
1150,2026,1,4,4,"4","63","george-russell","mercedes","mercedes","pirelli",10.24
1150,2026,1,5,5,"5","44","lewis-hamilton","ferrari","ferrari","pirelli",9.62
1151,2026,2,1,1,"1","12","kimi-antonelli","mercedes","mercedes","pirelli",23.43
1151,2026,2,2,2,"2","44","lewis-hamilton","ferrari","ferrari","pirelli",22.28
1151,2026,2,3,3,"3","43","franco-colapinto","alpine","mercedes","pirelli",11.4
1151,2026,2,4,4,"4","87","oliver-bearman","haas","ferrari","pirelli",10.15
1151,2026,2,5,5,"5","3","max-verstappen","red-bull","red-bull-ford","pirelli",7.11
1152,2026,3,1,1,"1","81","oscar-piastri","mclaren","mercedes","pirelli",27.36
1152,2026,3,2,2,"2","12","kimi-antonelli","mercedes","mercedes","pirelli",18.94
1152,2026,3,3,3,"3","16","charles-leclerc","ferrari","ferrari","pirelli",12.65
1152,2026,3,4,4,"4","44","lewis-hamilton","ferrari","ferrari","pirelli",7.04
1152,2026,3,5,5,"5","3","max-verstappen","red-bull","red-bull-ford","pirelli",6.84
1153,2026,4,1,1,"1","3","max-verstappen","red-bull","red-bull-ford","pirelli",26.32
1153,2026,4,2,2,"2","12","kimi-antonelli","mercedes","mercedes","pirelli",18.29
1153,2026,4,3,3,"3","16","charles-leclerc","ferrari","ferrari","pirelli",13.22
1153,2026,4,4,4,"4","43","franco-colapinto","alpine","mercedes","pirelli",10.98
1153,2026,4,5,5,"5","1","lando-norris","mclaren","mercedes","pirelli",9.22
1154,2026,5,1,1,"1","44","lewis-hamilton","ferrari","ferrari","pirelli",27.73
1154,2026,5,2,2,"2","12","kimi-antonelli","mercedes","mercedes","pirelli",17.06
1154,2026,5,3,3,"3","3","max-verstappen","red-bull","red-bull-ford","pirelli",15.74
1154,2026,5,4,4,"4","43","franco-colapinto","alpine","mercedes","pirelli",9.71
1154,2026,5,5,5,"5","63","george-russell","mercedes","mercedes","pirelli",6.22
1155,2026,6,1,1,"1","12","kimi-antonelli","mercedes","mercedes","pirelli",22.37
1155,2026,6,2,2,"2","16","charles-leclerc","ferrari","ferrari","pirelli",14.09
1155,2026,6,3,3,"3","44","lewis-hamilton","ferrari","ferrari","pirelli",14.06
1155,2026,6,4,4,"4","6","isack-hadjar","red-bull","red-bull-ford","pirelli",11.23
1155,2026,6,5,5,"5","10","pierre-gasly","alpine","mercedes","pirelli",5.25
1156,2026,7,1,1,"1","44","lewis-hamilton","ferrari","ferrari","pirelli",51.86
1156,2026,7,2,2,"2","3","max-verstappen","red-bull","red-bull-ford","pirelli",8.25
1156,2026,7,3,3,"3","12","kimi-antonelli","mercedes","mercedes","pirelli",7.5
1156,2026,7,4,4,"4","16","charles-leclerc","ferrari","ferrari","pirelli",6.07
1156,2026,7,5,5,"5","1","lando-norris","mclaren","mercedes","pirelli",5.55
1157,2026,8,1,1,"1","3","max-verstappen","red-bull","red-bull-ford","pirelli",39.61
1157,2026,8,2,2,"2","63","george-russell","mercedes","mercedes","pirelli",11.37
1157,2026,8,3,3,"3","44","lewis-hamilton","ferrari","ferrari","pirelli",10.32
1157,2026,8,4,4,"4","12","kimi-antonelli","mercedes","mercedes","pirelli",10
1157,2026,8,5,5,"5","81","oscar-piastri","mclaren","mercedes","pirelli",8.26
1158,2026,9,1,1,"1","16","charles-leclerc","ferrari","ferrari","pirelli",26.82
1158,2026,9,2,2,"2","44","lewis-hamilton","ferrari","ferrari","pirelli",19.04
1158,2026,9,3,3,"3","3","max-verstappen","red-bull","red-bull-ford","pirelli",16.08
1158,2026,9,4,4,"4","12","kimi-antonelli","mercedes","mercedes","pirelli",11.85
1158,2026,9,5,5,"5","63","george-russell","mercedes","mercedes","pirelli",4.54
1159,2026,10,1,1,"1","16","charles-leclerc","ferrari","ferrari","pirelli",17.7
1159,2026,10,2,2,"2","12","kimi-antonelli","mercedes","mercedes","pirelli",13.75
1159,2026,10,3,3,"3","6","isack-hadjar","red-bull","red-bull-ford","pirelli",13.36
1159,2026,10,4,4,"4","3","max-verstappen","red-bull","red-bull-ford","pirelli",12.8
1159,2026,10,5,5,"5","1","lando-norris","mclaren","mercedes","pirelli",11.6
1160,2026,11,1,1,"1","3","max-verstappen","red-bull","red-bull-ford","pirelli",18.85
1160,2026,11,2,2,"2","1","lando-norris","mclaren","mercedes","pirelli",17.06
1160,2026,11,3,3,"3","12","kimi-antonelli","mercedes","mercedes","pirelli",11.16
1160,2026,11,4,4,"4","63","george-russell","mercedes","mercedes","pirelli",11.04
1160,2026,11,5,5,"5","81","oscar-piastri","mclaren","mercedes","pirelli",8.85
