year,positionNumber,driverId,constructorId,points,championshipWon,starts,wins,podiums,poles,fastestLaps,retirements
2017,1,charles-leclerc,prema-racing,282,True,22,7,10,8,5,3
2017,2,artem-markelov,russian-time,210,False,22,5,7,3,3,1
2017,3,oliver-rowland,dams,191,False,22,2,10,1,1,2
2017,4,luca-ghiotto,russian-time,185,False,22,1,7,0,0,0
2017,5,nicholas-latifi,dams,178,False,21,1,9,1,2,1
2017,6,nobuharu-matsushita,art-grand-prix,131,False,22,2,4,2,2,1
2017,7,nyck-de-vries,rapax,114,False,13,1,4,0,0,2
2017,8,antonio-fuoco,prema-racing,98,False,22,1,5,0,1,3
2017,9,norman-nato,arden-international,91,False,22,1,3,1,0,4
2017,10,alexander-albon,art-grand-prix,86,False,20,0,2,1,1,0
2017,11,jordan-king,mp-motorsport,62,False,22,0,0,1,3,4
2017,12,sergio-sette-camara,mp-motorsport,47,False,,,,,,
2017,13,gustav-malja,racing-engineering,44,False,22,0,1,1,0,1
2017,14,sergio-canamasas,trident-motorsport,21,False,,,,,,
2017,15,sean-gelael,arden-international,17,False,,,,,,
2017,16,johnny-cecotto-jr,rapax,16,False,8,0,1,1,0,1
2017,17,louis-deletraz,racing-engineering,16,False,14,0,0,0,0,1
2017,18,roberto-merhi,campos-racing,16,False,,,,,,
2017,19,ralph-boschung,campos-racing,11,False,,,,,,
2017,20,sergey-sirotkin,art-grand-prix,9,False,,,,,,
2017,21,alex-palou,campos-racing,5,False,4,0,0,1,0,0
2017,22,santino-ferrucci,trident-motorsport,4,False,,,,,,
2017,23,nabil-jeffri,trident-motorsport,2,False,22,0,0,0,0,2
2017,24,robert-visoiu,campos-racing,1,False,,,,,,
2017,25,lando-norris,campos-racing,0,False,2,0,0,0,0,1
2017,26,callum-ilott,trident-motorsport,0,False,2,0,0,0,0,0
2017,27,stefano-coletti,campos-racing,0,False,,,,,,
2017,28,rene-binder,rapax,0,False,,,,,,
2017,29,raffaele-marciello,trident-motorsport,0,False,,,,,,
2018,1,george-russell,art-grand-prix,287,True,24,7,11,5,5,3
2018,2,lando-norris,carlin,219,False,24,1,9,1,1,2
2018,3,alexander-albon,dams,212,False,24,4,8,3,0,4
2018,4,nyck-de-vries,prema-racing,202,False,24,3,6,2,4,4
2018,5,artem-markelov,russian-time,186,False,24,3,7,3,2,2
2018,6,sergio-sette-camara,carlin,164,False,,,,,,
2018,7,antonio-fuoco,charouz-racing-system,141,False,23,2,6,1,1,1
2018,8,luca-ghiotto,campos-racing,111,False,24,0,4,0,1,3
2018,9,nicholas-latifi,dams,91,False,24,1,3,1,3,3
2018,10,louis-deletraz,charouz-racing-system,74,False,24,0,2,0,0,4
2018,11,jack-aitken,art-grand-prix,63,False,23,1,2,0,1,3
2018,12,roberto-merhi,mp-motorsport,61,False,4,0,1,1,0,0
2018,13,tadasuke-makino,russian-time,48,False,,,,,,
2018,14,maximilian-gunther,arden-international,41,False,22,1,2,2,1,3
2018,15,sean-gelael,prema-racing,29,False,,,,,,
2018,16,arjun-maini,trident-motorsport,24,False,23,0,0,0,0,4
2018,17,nirei-fukuzumi,arden-international,17,False,23,0,0,1,0,4
2018,18,ralph-boschung,mp-motorsport,17,False,20,0,0,1,2,9
2018,19,santino-ferrucci,trident-motorsport,7,False,,,,,,
2018,20,alessio-lorandi,trident-motorsport,6,False,10,0,0,0,0,2
2018,21,dorian-boccolacci,mp-motorsport,3,False,8,0,0,0,0,1
2018,22,roy-nissany,campos-racing,1,False,,,,,,
2018,23,daniel-ticktum,arden-international,0,False,2,0,0,0,0,1
2018,24,niko-kari,mp-motorsport,0,False,4,0,0,0,0,3
2019,1,nyck-de-vries,art-grand-prix,266,True,,,,,,
2019,2,nicholas-latifi,dams,214,False,22,4,8,0,3,0
2019,3,luca-ghiotto,virtuosi-racing,207,False,22,4,9,2,2,3
2019,4,sergio-sette-camara,dams,204,False,,,,,,
2019,5,jack-aitken,campos-racing,159,False,22,3,7,1,1,1
2019,6,nobuharu-matsushita,carlin,144,False,,,,,,
2019,7,zhou-guanyu,virtuosi-racing,140,False,,,,,,
2019,8,louis-deletraz,carlin,92,False,22,0,3,0,0,5
2019,9,jordan-king,mp-motorsport,79,False,20,0,2,1,2,1
2019,10,anthoine-hubert,arden-international,77,False,16,2,2,2,0,0
2019,11,callum-ilott,sauber-junior-team-by-charouz,74,False,21,0,2,3,0,2
2019,12,mick-schumacher,prema-racing,53,False,22,1,1,2,2,6
2019,13,juan-manuel-correa,sauber-junior-team-by-charouz,36,False,16,0,2,0,0,2
2019,14,dorian-boccolacci,campos-racing,30,False,2,0,0,0,0,1
2019,15,giuliano-alesi,trident-motorsport,20,False,22,0,0,1,0,6
2019,16,artem-markelov,mp-motorsport,16,False,4,0,0,0,0,3
2019,17,sean-gelael,prema-racing,15,False,,,,,,
2019,18,nikita-mazepin,art-grand-prix,11,False,22,0,0,2,0,3
2019,19,ralph-boschung,trident-motorsport,3,False,,,,,,
2019,20,mahaveer-raghunathan,mp-motorsport,1,False,20,0,0,0,0,2
2019,21,marino-sato,campos-racing,0,False,6,0,0,0,0,0
2019,22,tatiana-calderon,arden-international,0,False,,,,,,
2019,23,christian-lundgaard,trident-motorsport,0,False,2,0,0,0,0,0
2019,24,arjun-maini,campos-racing,0,False,6,0,0,0,0,1
2019,25,matevos-isaakyan,sauber-junior-team-by-charouz,0,False,4,0,0,0,0,1
2019,26,pato-o-ward,mp-motorsport,0,False,,,,,,
2019,27,ryan-tveter,trident-motorsport,0,False,,,,,,
2020,1,mick-schumacher,prema-racing,215,True,24,2,10,0,2,1
2020,2,callum-ilott,virtuosi-racing,201,False,24,3,6,6,0,2
2020,3,yuki-tsunoda,carlin,200,False,,,,,,
2020,4,robert-shwartzman,prema-racing,177,False,,,,,,
2020,5,nikita-mazepin,hitech-racing,164,False,24,2,6,0,2,0
2020,6,zhou-guanyu,virtuosi-racing,151.5,False,,,,,,
2020,7,christian-lundgaard,art-grand-prix,149,False,24,2,6,1,2,2
2020,8,louis-deletraz,charouz-racing-system,134,False,24,0,5,1,2,0
2020,9,felipe-drugovich,mp-motorsport,121,False,24,3,4,2,1,2
2020,10,luca-ghiotto,hitech-racing,106,False,23,1,4,1,2,3
2020,11,daniel-ticktum,dams,96.5,False,24,1,4,3,1,1
2020,12,jehan-daruvala,carlin,72,False,24,1,2,0,1,1
2020,13,marcus-armstrong,art-grand-prix,52,False,24,0,2,0,0,4
2020,14,jack-aitken,campos-racing,48,False,22,0,2,0,1,1
2020,15,nobuharu-matsushita,mp-motorsport,42,False,17,1,1,0,1,1
2020,16,juri-vips,dams,16,False,8,0,1,0,0,1
2020,17,giuliano-alesi,hwa,12,False,6,0,0,0,0,0
2020,18,artem-markelov,hwa,5,False,23,0,0,1,0,2
2020,19,roy-nissany,trident-motorsport,5,False,,,,,,
2020,20,pedro-piquet,charouz-racing-system,3,False,24,0,0,0,0,0
2020,21,sean-gelael,dams,3,False,,,,,,
2020,22,marino-sato,trident-motorsport,1,False,24,0,0,0,0,4
2020,23,jake-hughes,hwa,0,False,2,0,0,0,0,1
2020,24,guilherme-samaia,campos-racing,0,False,24,0,0,0,0,2
2020,25,ralph-boschung,campos-racing,0,False,,,,,,
2020,26,theo-pourchaire,hwa,0,False,,,,,,
2021,1,oscar-piastri,prema-racing,252.5,True,,,,,,
2021,2,robert-shwartzman,prema-racing,192,False,,,,,,
2021,3,zhou-guanyu,virtuosi-racing,183,False,,,,,,
2021,4,daniel-ticktum,carlin,159.5,False,23,2,7,1,1,3
2021,5,theo-pourchaire,art-grand-prix,140,False,,,,,,
2021,6,juri-vips,hitech-racing,120,False,23,2,6,1,1,4
2021,7,jehan-daruvala,carlin,113,False,23,2,5,2,1,1
2021,8,felipe-drugovich,virtuosi-racing,105,False,21,0,4,0,0,1
2021,9,liam-lawson,hitech-racing,103,False,23,1,3,3,2,6
2021,10,ralph-boschung,campos-racing,59.5,False,,,,,,
2021,11,richard-verschoor,mp-motorsport,56,False,,,,,,
2021,12,christian-lundgaard,art-grand-prix,50,False,23,0,3,1,0,3
2021,13,marcus-armstrong,dams,49,False,23,1,2,2,0,7
2021,14,bent-viscaal,trident-motorsport,34,False,23,0,2,1,0,4
2021,15,david-beckmann,charouz-racing-system,32,False,12,0,2,0,0,1
2021,16,roy-nissany,dams,16,False,,,,,,
2021,17,lirim-zendeli,mp-motorsport,13,False,17,0,0,0,1,4
2021,18,jake-hughes,hwa,8,False,8,0,0,0,0,3
2021,19,jack-doohan,mp-motorsport,7,False,6,0,0,0,0,1
2021,20,enzo-fittipaldi,charouz-racing-system,2,False,8,0,0,0,0,2
2021,21,marino-sato,trident-motorsport,1,False,,,,,,
2021,22,matteo-nannini,hwa,1,False,,,,,,
2021,23,jack-aitken,hwa,0,False,9,0,0,0,0,1
2021,24,guilherme-samaia,charouz-racing-system,0,False,23,0,0,0,0,6
2021,25,alessio-deledda,hwa,0,False,23,0,0,0,0,9
2021,26,oliver-olli-caldwell,campos-racing,0,False,,,,,,
2021,27,gianluca-petecof,campos-racing,0,False,6,0,0,0,0,3
2021,28,clement-novalak,mp-motorsport,0,False,6,0,0,0,0,1
2021,29,logan-sargeant,hwa,0,False,3,0,0,0,0,1
2022,1,felipe-drugovich,mp-motorsport,265,True,28,5,11,5,4,2
2022,2,theo-pourchaire,art-grand-prix,164,False,,,,,,
2022,3,liam-lawson,carlin,149,False,28,4,10,0,3,4
2022,4,logan-sargeant,carlin,148,False,28,2,4,3,0,6
2022,5,ayumu-iwasa,dams,141,False,28,2,6,2,1,0
2022,6,jack-doohan,virtuosi-racing,128,False,28,3,6,4,4,6
2022,7,jehan-daruvala,prema-racing,126,False,27,1,8,2,2,2
2022,8,enzo-fittipaldi,charouz-racing-system,126,False,28,0,6,0,0,3
2022,9,frederik-vesti,art-grand-prix,117,False,28,1,5,2,1,2
2022,10,dennis-hauger,prema-racing,115,False,28,2,4,1,3,4
2022,11,juri-vips,hitech-racing,114,False,28,1,5,2,4,3
2022,12,richard-verschoor,trident-motorsport,103,False,,,,,,
2022,13,marcus-armstrong,hitech-racing,93,False,,,,,,
2022,14,clement-novalak,mp-motorsport,40,False,28,0,1,1,1,6
2022,15,ralph-boschung,campos-racing,40,False,,,,,,
2022,16,jake-hughes,van-amersfoort-racing,26,False,16,0,0,2,0,1
2022,17,amaury-cordeel,van-amersfoort-racing,26,False,24,0,0,0,1,4
2022,18,david-beckmann,charouz-racing-system,25,False,2,0,0,0,0,1
2022,19,roy-nissany,dams,20,False,,,,,,
2022,20,roberto-merhi,campos-racing,15,False,,,,,,
2022,21,oliver-olli-caldwell,campos-racing,12,False,,,,,,
2022,22,marino-sato,virtuosi-racing,6,False,,,,,,
2022,23,calan-williams,trident-motorsport,5,False,26,0,0,1,0,2
2022,24,cem-bolukbasi,charouz-racing-system,0,False,16,0,0,0,0,5
2022,25,luca-ghiotto,dams,0,False,2,0,0,0,0,1
2022,26,zane-maloney,trident-motorsport,0,False,,,,,,
2022,27,juan-manuel-correa,van-amersfoort-racing,0,False,2,0,0,0,0,0
2022,28,tatiana-calderon,charouz-racing-system,0,False,,,,,,
2022,29,lirim-zendeli,campos-racing,0,False,2,0,0,0,0,0
2023,1,theo-pourchaire,art-grand-prix,203,True,,,,,,
2023,2,frederik-vesti,prema-racing,192,False,25,6,10,2,1,4
2023,3,jack-doohan,virtuosi-racing,168,False,26,3,5,2,3,4
2023,4,ayumu-iwasa,dams,165,False,26,3,6,1,3,3
2023,5,victor-martins,art-grand-prix,150,False,,,,,,
2023,6,oliver-bearman,prema-racing,130,False,26,4,6,3,2,4
2023,7,enzo-fittipaldi,carlin,124,False,25,1,5,1,0,3
2023,8,dennis-hauger,mp-motorsport,113,False,26,2,4,1,1,2
2023,9,richard-verschoor,van-amersfoort-racing,108,False,26,1,3,1,2,4
2023,10,zane-maloney,carlin,96,False,,,,,,
2023,11,kush-maini,campos-racing,62,False,26,0,1,1,0,4
2023,12,jehan-daruvala,mp-motorsport,59,False,24,0,3,1,0,4
2023,13,jak-crawford,hitech-racing,57,False,26,1,5,3,0,5
2023,14,isack-hadjar,hitech-racing,55,False,26,1,2,1,1,2
2023,15,arthur-leclerc,dams,49,False,26,0,1,0,1,4
2023,16,ralph-boschung,campos-racing,37,False,25,1,2,2,0,6
2023,17,clement-novalak,trident-motorsport,28,False,24,1,1,0,2,3
2023,18,roman-stanek,trident-motorsport,15,False,,,,,,
2023,19,juan-manuel-correa,van-amersfoort-racing,13,False,26,0,0,0,0,2
2023,20,amaury-cordeel,virtuosi-racing,8,False,26,0,0,1,0,4
2023,21,roy-nissany,charouz-racing-system,0,False,,,,,,
2023,22,brad-benavides,charouz-racing-system,0,False,18,0,0,0,0,4
2023,23,josh-mason,charouz-racing-system,0,False,8,0,0,0,0,1
2023,24,paul-aron,trident-motorsport,0,False,2,0,0,0,0,0
2023,25,franco-colapinto,mp-motorsport,0,False,2,0,0,0,0,1
2024,1,gabriel-bortoleto,invicta-racing,214.5,True,26,2,8,2,2,2
2024,2,isack-hadjar,campos-racing,192,False,26,4,8,1,0,4
2024,3,paul-aron,hitech-racing,163,False,,,,,,
2024,4,zane-maloney,rodin-motorsport,140,False,,,,,,
2024,5,jak-crawford,dams,125,False,26,1,6,1,1,4
2024,6,andrea-kimi-antonelli,prema-racing,113,False,24,2,3,1,4,3
2024,7,victor-martins,art-grand-prix,107,False,,,,,,
2024,8,richard-verschoor,trident-motorsport,106,False,,,,,,
2024,9,franco-colapinto,mp-motorsport,96,False,18,1,3,0,3,2
2024,10,joshua-durksen,phm-racing,87,False,26,2,4,0,0,5
2024,11,dennis-hauger,mp-motorsport,85.5,False,22,0,3,2,2,4
2024,12,oliver-bearman,prema-racing,75,False,,,,,,
2024,13,kush-maini,invicta-racing,74,False,26,1,4,3,1,2
2024,14,pepe-marti,campos-racing,62,False,,,,,,
2024,15,enzo-fittipaldi,van-amersfoort-racing,61,False,22,1,1,1,2,3
2024,16,zak-o-sullivan,art-grand-prix,59,False,,,,,,
2024,17,amaury-cordeel,hitech-racing,39,False,26,0,0,2,0,5
2024,18,juan-manuel-correa,dams,31,False,22,0,1,0,0,3
2024,19,ritomo-miyata,rodin-motorsport,31,False,,,,,,
2024,20,dino-beganovic,dams,22,False,4,0,1,0,0,0
2024,21,taylor-barnard,phm-racing,18,False,,,,,,
2024,22,roman-stanek,trident-motorsport,14,False,,,,,,
2024,23,oliver-goethe,mp-motorsport,14,False,,,,,,
2024,24,rafael-villagomez,van-amersfoort-racing,13,False,,,,,,
2024,25,christian-mansell,trident-motorsport,10,False,6,0,0,1,0,0
2024,26,luke-browning,art-grand-prix,7,False,6,0,0,0,0,0
2024,27,gabriele-mini,prema-racing,6,False,2,0,1,0,0,1
2024,28,john-bennett,van-amersfoort-racing,4,False,4,0,0,0,0,0
2024,29,leonardo-fornaroli,rodin-motorsport,0,False,2,0,0,0,0,0
2024,30,cian-shields,phm-racing,0,False,4,0,0,0,0,0
2024,31,maxwell-esterson,trident-motorsport,0,False,4,0,0,0,0,0
2024,32,niels-koolen,phm-racing,0,False,4,0,0,0,0,1
2025,1,leonardo-fornaroli,invicta-racing,211,True,27,4,9,6,0,1
2025,2,jak-crawford,dams,175,False,27,4,8,2,1,3
2025,3,richard-verschoor,mp-motorsport,170,False,27,4,7,1,2,4
2025,4,luke-browning,hitech-racing,162,False,27,1,9,1,3,2
2025,5,alex-dunne,rodin-motorsport,150,False,27,2,8,2,2,5
2025,6,arvid-lindblad,campos-racing,134,False,27,3,5,2,2,2
2025,7,dino-beganovic,hitech-racing,116,False,27,1,4,2,5,2
2025,8,pepe-marti,campos-racing,112,False,23,3,5,1,0,3
2025,9,joshua-durksen,phm-racing,107,False,27,2,8,1,1,3
2025,10,roman-stanek,invicta-racing,105,False,27,2,5,2,1,4
2025,11,victor-martins,art-grand-prix,97,False,25,1,5,1,1,5
2025,12,sebastian-montoya,prema-racing,91,False,27,0,3,0,2,4
2025,13,gabriele-mini,prema-racing,72,False,27,0,3,0,3,5
2025,14,rafael-villagomez,van-amersfoort-racing,43,False,27,0,1,0,0,4
2025,15,oliver-goethe,mp-motorsport,37,False,27,0,0,1,2,3
2025,16,kush-maini,dams,32,False,27,1,1,1,2,3
2025,17,ritomo-miyata,art-grand-prix,30,False,27,0,1,0,0,2
2025,18,nikola-tsolov,campos-racing,12,False,4,0,1,0,0,0
2025,19,amaury-cordeel,rodin-motorsport,3,False,23,0,0,0,0,4
2025,20,martinius-stenshorne,rodin-motorsport,2,False,6,0,0,0,0,2
2025,21,sami-meguetounif,trident-motorsport,2,False,21,0,0,0,0,4
2025,22,john-bennett,van-amersfoort-racing,1,False,27,0,0,1,0,5
2025,23,maxwell-esterson,trident-motorsport,0,False,21,0,0,0,0,4
2025,24,cian-shields,phm-racing,0,False,27,0,0,0,0,6
2025,25,laurens-van-hoepen,trident-motorsport,0,False,5,0,0,0,0,0
2025,26,tasanapol-inthraphuvasak,trident-motorsport,0,False,2,0,0,0,0,0
2025,27,james-wharton,trident-motorsport,0,False,2,0,0,0,0,1
2026,1,nikola-tsolov,campos-racing,35,False,4,2,2,1,0,1
2026,2,gabriele-mini,mp-motorsport,34,False,4,1,1,0,0,0
2026,3,rafael-camara,invicta-racing,34,False,4,0,2,0,1,0
2026,4,laurens-van-hoepen,trident-motorsport,26,False,4,0,2,0,0,0
2026,5,ritomo-miyata,hitech-racing,22,False,4,0,0,0,0,0
2026,6,noel-leon,campos-racing,21,False,4,0,1,0,1,0
2026,7,dino-beganovic,dams,21,False,4,0,1,1,1,1
2026,8,joshua-durksen,invicta-racing,16,False,4,1,1,0,0,0
2026,9,tasanapol-inthraphuvasak,art-grand-prix,13,False,,,,,,
2026,10,alex-dunne,rodin-motorsport,12,False,4,0,2,0,0,2
2026,11,oliver-goethe,mp-motorsport,12,False,4,0,0,0,0,1
2026,12,kush-maini,art-grand-prix,12,False,4,0,0,1,0,1
2026,13,colton-herta,hitech-racing,10,False,4,0,0,0,0,0
2026,14,mari-boya,prema-racing,6,False,4,0,0,0,0,1
2026,15,nicolas-varrone,van-amersfoort-racing,5,False,4,0,0,0,0,0
2026,16,martinius-stenshorne,rodin-motorsport,4,False,4,0,0,0,1,2
2026,17,sebastian-montoya,prema-racing,4,False,,,,,,
2026,18,roman-bilinski,dams,1,False,3,0,0,0,0,0
2026,19,rafael-villagomez,van-amersfoort-racing,0,False,4,0,0,0,0,2
2026,20,emerson-fanucchi-fittipaldi-jr,phm-racing,0,False,4,0,0,0,0,1
2026,21,john-bennett,trident-motorsport,0,False,4,0,0,0,0,0
2026,22,cian-shields,phm-racing,0,False,4,0,0,0,0,1
