id,name,firstName,lastName,abbreviation,countryCode,pictureUrl
alejandro-garcia-2,Alejandro García,Alejandro,García,GARC,mx,
alessandro-famularo,Alessandro Famularo,Alessandro,Famularo,FAM,ve,https://content.motorsportstats.com/driverProfilePicture/driverProfilePicture-f06f8557-6c84-40b1-b46f-a4de4c6564dc.jpg
alessandro-giusti,Alessandro Giusti,Alessandro,Giusti,GIU,fr,
alessio-deledda,Alessio Deledda,Alessio,Deledda,DELE,it,https://content.motorsportstats.com/driverProfilePicture/driverProfilePicture-6ea15d3b-593c-4280-98a1-a4c0fcfbd3f4.jpg
alex-dunne,Alex Dunne,Alex,Dunne,DUN,ie,https://content.motorsportstats.com/driverProfilePicture/driverProfilePicture-212c7823-ba2e-4ba4-85f4-44ad384abba5.jpg
alex-peroni,Alex Peroni,Alex,Peroni,PERA,au,https://content.motorsportstats.com/driverProfilePicture/driverProfilePicture-1e417aaa-578a-4839-9595-2fb7ea22af26.jpg
alexander-smolyar,Alexander Smolyar,Alexander,Smolyar,SMO,ru,https://content.motorsportstats.com/driverProfilePicture/driverProfilePicture-616fd9f3-2b5d-4315-853c-2bf6d87a2e60.jpg
amaury-cordeel,Amaury Cordeel,Amaury,Cordeel,COR,be,https://content.motorsportstats.com/driverProfilePicture/driverProfilePicture-5ef33c7e-4790-4ae4-b567-d65b2bb44aac.jpg
andreas-estner,Andreas Estner,Andreas,Estner,ESTN,de,https://content.motorsportstats.com/driverProfilePicture/driverProfilePicture-434fc1ca-afc5-4001-8cee-74f466f1fdf6.jpg
artem-petrov,Artem Petrov,Artem,Petrov,PETR,ru,https://content.motorsportstats.com/driverProfilePicture/driverProfilePicture-9fb86c6e-ba98-4c2f-9921-1a40119ea9ee.jpg
arthur-leclerc,Arthur Leclerc,Arthur,Leclerc,LEC,mc,https://content.motorsportstats.com/driverProfilePicture/driverProfilePicture-4006012d-6826-49b0-8206-08857101ea5e.jpg
arvid-lindblad,Arvid Lindblad,Arvid,Lindblad,LIND,gb,
ayrton-simmons,Ayrton Simmons,Ayrton,Simmons,SIMA,gb,https://content.motorsportstats.com/driverProfilePicture/driverProfilePicture-cc7af031-0550-44aa-86e8-b45a6e5269c2.jpg
ayumu-iwasa,Ayumu Iwasa,Ayumu,Iwasa,IWAS,jp,
ben-barnicoat,Ben Barnicoat,Ben,Barnicoat,BARN,gb,https://content.motorsportstats.com/driverProfilePicture/driverProfilePicture-0c4a5c90-76b4-4d58-85ab-918465fe030b.jpg
bent-viscaal,Bent Viscaal,Bent,Viscaal,VIS,nl,https://content.motorsportstats.com/driverProfilePicture/driverProfilePicture-6c2262bd-1a70-4d89-bc9a-9994305ec7bd.jpg
brad-benavides,Brad Benavides,Brad,Benavides,BENA,gt,
brando-badoer,Brando Badoer,Brando,Badoer,BADO,it,
bruno-del-pino,Bruno del Pino,Bruno,del Pino,PINO,es,
caio-collet,Caio Collet,Caio,Collet,COL,br,https://content.motorsportstats.com/driverProfilePicture/driverProfilePicture-29ac82cd-3774-434d-9c0b-7d7788367a1b.jpg
calan-williams,Calan Williams,Calan,Williams,WLCA,au,https://content.motorsportstats.com/driverProfilePicture/driverProfilePicture-26057dd4-1cbd-45c4-bd28-1ab6b22c7eea.jpg
callum-voisin,Callum Voisin,Callum,Voisin,VOIS,ch,
cameron-das,Cameron Das,Cameron,Das,DASC,us,https://content.motorsportstats.com/driverProfilePicture/driverProfilePicture-62d117a6-a941-44de-b404-f3fd87eaba1d.jpg
charles-leong,Charles Leong,Charles,Leong,LEON,mo,
charlie-wurz,Charlie Wurz,Charlie,Wurz,WURZ,at,
christian-ho,Christian Ho,Christian,Ho,HOCH,sg,
christian-lundgaard,Christian Lundgaard,Christian,Lundgaard,LUND,dk,https://content.motorsportstats.com/driverProfilePicture/driverProfilePicture-c2c41d2b-84ad-4a75-be22-14e04fff2875.jpg
christian-mansell,Christian Mansell,Christian,Mansell,CMA,au,https://content.motorsportstats.com/driverProfilePicture/driverProfilePicture-f75c05b3-22c5-4103-ae5f-39d733545f7f.jpg
cian-shields,Cian Shields,Cian,Shields,SHIE,gb,
clement-novalak,Clément Novalak,Clément,Novalak,NOV,gb,https://content.motorsportstats.com/driverProfilePicture/driverProfilePicture-a0f6e1c1-158f-4a55-978b-1bcb1ef186b2.jpg
david-beckmann,David Beckmann,David,Beckmann,BECD,de,https://content.motorsportstats.com/driverProfilePicture/driverProfilePicture-b0263ca4-de18-41be-90b1-49381346e72e.jpg
david-schumacher,David Schumacher,David,Schumacher,SCH,de,https://content.motorsportstats.com/driverProfilePicture/driverProfilePicture-086d9b3a-1450-4ae2-9059-ecb46404a7b6.jpg
david-vidales,David Vidales,David,Vidales,VID,es,https://content.motorsportstats.com/driverProfilePicture/driverProfilePicture-8899dea7-d16d-4e92-9430-cfb7e836a6fb.jpg
dennis-hauger,Dennis Hauger,Dennis,Hauger,HAU,no,https://content.motorsportstats.com/driverProfilePicture/driverProfilePicture-df05881c-10df-4aca-9ef1-5f7b26a0baeb.jpg
devlin-defrancesco,Devlin Defrancesco,Devlin,Defrancesco,DEFD,ca,https://content.motorsportstats.com/driverProfilePicture/driverProfilePicture-413b72b0-93ef-41a6-93d6-69507dcfb337.jpg
dino-beganovic,Dino Beganovic,Dino,Beganovic,BEG,se,https://content.motorsportstats.com/driverProfilePicture/driverProfilePicture-41cb8b4c-bd03-4c91-b6a8-3af1260ac22a.jpg
enaam-ahmed,Enaam Ahmed,Enaam,Ahmed,AHME,gb,https://content.motorsportstats.com/driverProfilePicture/driverProfilePicture-57caf196-5cd0-4fda-87b6-f32034ca5733.jpg
enzo-deligny,Enzo Deligny,Enzo,Deligny,DELI,fr,
enzo-fittipaldi,Enzo Fittipaldi,Enzo,Fittipaldi,FITT,br,https://content.motorsportstats.com/driverProfilePicture/driverProfilePicture-630b903d-6e55-408e-baaf-734b7bb5b019.jpg
enzo-trulli,Enzo Trulli,Enzo,Trulli,TRUE,it,
ernesto-rivera,Ernesto Rivera,Ernesto,Rivera,RIVE,mx,
fabio-scherer,Fabio Scherer,Fabio,Scherer,SCHF,ch,https://content.motorsportstats.com/driverProfilePicture/driverProfilePicture-e6b39946-a381-40d7-ad70-59a049b0ce8d.jpg
federico-malvestiti,Federico Malvestiti,Federico,Malvestiti,MAL,it,https://content.motorsportstats.com/driverProfilePicture/driverProfilePicture-7483c534-645c-46ea-bc8d-4f5784c239a2.jpg
felipe-drugovich,Felipe Drugovich,Felipe,Drugovich,DRUF,br,https://content.motorsportstats.com/driverProfilePicture/driverProfilePicture-becb8594-9b00-4a46-8234-8bd54dfeeead.jpg
fernando-barrichello,Fernando Barrichello,Fernando,Barrichello,BARR,br,
filip-ugran,Filip Ugran,Filip,Ugran,UGR,ro,https://content.motorsportstats.com/driverProfilePicture/driverProfilePicture-c773ac9d-b037-46ba-8ddc-b885cf0d5847.jpg
fionn-mclaughlin,Fionn McLaughlin,Fionn,McLaughlin,LAUG,gb,
francesco-pizzi,Francesco Pizzi,Francesco,Pizzi,PIZ,it,
francesco-simonazzi,Francesco Simonazzi,Francesco,Simonazzi,SIM,it,
francisco-javier-sagrera,Francisco Javier Sagrera,Francisco Javier,Sagrera,SAG,es,
franco-colapinto,Franco Colapinto,Franco,Colapinto,COL,ar,https://content.motorsportstats.com/driverProfilePicture/driverProfilePicture-177d9ddb-223c-4087-aea3-0df94ca36b41.jpg
freddie-slater,Freddie Slater,Freddie,Slater,SLAT,gb,
frederik-vesti,Frederik Vesti,Frederik,Vesti,VEST,dk,https://content.motorsportstats.com/driverProfilePicture/driverProfilePicture-96efa8d9-c3db-4b24-bf6a-3b5e3ccd6d25.jpg
gabriel-bortoleto,Gabriel Bortoleto,Gabriel,Bortoleto,BOR,br,https://content.motorsportstats.com/driverProfilePicture/driverProfilePicture-7628e584-7374-45b5-a80f-86d9f5f5c761.jpg
gabriele-mini,Gabriele Minì,Gabriele,Minì,MIN,it,https://content.motorsportstats.com/driverProfilePicture/driverProfilePicture-d207826b-4f20-4735-bb1c-001941933a9a.jpg
giorgio-carrara,Giorgio Carrara,Giorgio,Carrara,CAR,ar,https://content.motorsportstats.com/driverProfilePicture/driverProfilePicture-51e99af3-cf81-4e5c-9631-4b5e7a5da67c.jpg
gregoire-saucy,Grégoire Saucy,Grégoire,Saucy,SAU,ch,https://content.motorsportstats.com/driverProfilePicture/driverProfilePicture-e07a8d2a-6a80-467d-b431-d5cd80f6e696.jpg
hiyu-yamakoshi,Hiyu Yamakoshi,Hiyu,Yamakoshi,YAMA,jp,
hugh-barter,Hugh Barter,Hugh,Barter,BART,au,
hunter-yeany,Hunter Yeany,Hunter,Yeany,YEA,us,https://content.motorsportstats.com/driverProfilePicture/driverProfilePicture-b1e47620-f31a-4676-a862-1022a8804345.jpg
ido-cohen,Ido Cohen,Ido,Cohen,COH,il,https://content.motorsportstats.com/driverProfilePicture/driverProfilePicture-6993413d-1496-4a15-9131-6b1547e7be25.jpg
igor-fraga,Igor Fraga,Igor,Fraga,FRAI,br,https://content.motorsportstats.com/driverProfilePicture/driverProfilePicture-cce26717-3e84-43ad-91d9-7a649fee01c8.jpg
isack-hadjar,Isack Hadjar,Isack,Hadjar,HADJ,fr,https://content.motorsportstats.com/driverProfilePicture/driverProfilePicture-24fbe72a-083b-4940-bac6-7aacf7ba2036.jpg
ivan-franco-domingues,Ivan Franco Domingues,Ivan Franco,Domingues,DOMI,pt,
jack-doohan,Jack Doohan,Jack,Doohan,DOO,au,https://content.motorsportstats.com/driverProfilePicture/driverProfilePicture-1ec645a6-8304-4773-8a48-62979672e9c1.jpg
jak-crawford,Jak Crawford,Jak,Crawford,CRA,us,https://content.motorsportstats.com/driverProfilePicture/driverProfilePicture-3823980e-1f39-4cd6-bc8c-027181fd83ae.jpg
jake-hughes,Jake Hughes,Jake,Hughes,HUGJ,gb,https://content.motorsportstats.com/driverProfilePicture/driverProfilePicture-edc81eea-42ae-47f7-a78c-60f984f7a230.jpg
james-hedley,James Hedley,James,Hedley,HED,gb,
james-wharton,James Wharton,James,Wharton,WHAR,au,
jehan-daruvala,Jehan Daruvala,Jehan,Daruvala,DARJ,in,https://content.motorsportstats.com/driverProfilePicture/driverProfilePicture-61cdcd66-f979-4f88-8568-646af56f53ce.jpg
jesse-carrasquedo,Jesse Carrasquedo,Jesse,Carrasquedo,CARR,mx,
jin-nakamura,Jin Nakamura,Jin,Nakamura,NAKA,jp,
johnathan-hoggard,Johnathan Hoggard,Johnathan,Hoggard,HOGJ,gb,https://content.motorsportstats.com/driverProfilePicture/driverProfilePicture-ffbc99cc-cf41-49aa-9af8-bddeecb5281b.jpg
jonny-edgar,Jonny Edgar,Jonny,Edgar,EDG,gb,https://content.motorsportstats.com/driverProfilePicture/driverProfilePicture-e079b4f7-a835-47a0-98d8-005af2f719c8.jpg
jose-garfias,José Garfias,José,Garfias,GAR,mx,
joseph-loake,Joseph Loake,Joseph,Loake,LOA,gb,https://content.motorsportstats.com/driverProfilePicture/driverProfilePicture-a0264bdd-3c10-4f83-93a1-144c9f95c4b5.jpg
josh-dufek,Josh Dufek,Josh,Dufek,DUF,ch,https://content.motorsportstats.com/driverProfilePicture/driverProfilePicture-ea7f0b2c-0e13-4ba7-8f19-9b43c6e3c674.jpg
juan-manuel-correa,Juan Manuel Correa,Juan,Correa,COR,us,https://content.motorsportstats.com/driverProfilePicture/driverProfilePicture-8aa04f1c-e691-4e20-8ed6-c0ae64f0e0e4.jpg
juri-vips,Jüri Vips,Jüri,Vips,VIPS,ee,https://content.motorsportstats.com/driverProfilePicture/driverProfilePicture-12fbcf18-2d78-4fc5-a68a-07cfa881dbc2.jpg
kacper-sztuka,Kacper Sztuka,Kacper,Sztuka,SZT,pl,
kanato-le,Kanato Le,Kanato,Le,LEKA,jp,
kaylen-frederick,Kaylen Frederick,Kaylen,Frederick,FREK,us,https://content.motorsportstats.com/driverProfilePicture/driverProfilePicture-c03ef1eb-b76e-48ff-95d7-9b0ef2fa31c1.jpg
keyvan-andres,Keyvan Andres,Keyvan,Andres,ANDR,de,https://content.motorsportstats.com/driverProfilePicture/driverProfilePicture-9b99ae87-1ae1-4deb-bd42-089f017a6160.jpg
kush-maini,Kush Maini,Kush,Maini,MAIK,in,https://content.motorsportstats.com/driverProfilePicture/driverProfilePicture-647de433-17c1-4a5a-8479-5d63d98a46f7.jpg
laszlo-toth,Laszlo Toth,Laszlo,Toth,TOTH,hu,
laurens-van-hoepen,Laurens Van Hoepen,Laurens,Van Hoepen,VHOE,nl,
leonardo-fornaroli,Leonardo Fornaroli,Leonardo,Fornaroli,FOR,it,https://content.motorsportstats.com/driverProfilePicture/driverProfilePicture-1a69dc56-702a-4176-966b-d56129fdf3a2.jpg
leonardo-pulcini,Leonardo Pulcini,Leonardo,Pulcini,PULL,it,https://content.motorsportstats.com/driverProfilePicture/driverProfilePicture-00d5fa1f-9f9d-496a-9e46-b828ab9eb29f.jpg
liam-lawson,Liam Lawson,Liam,Lawson,LAW,nz,https://content.motorsportstats.com/driverProfilePicture/driverProfilePicture-304db7f2-70e5-40c9-a93d-702d45b732d5.jpg
lirim-zendeli,Lirim Zendeli,Lirim,Zendeli,ZEND,de,https://content.motorsportstats.com/driverProfilePicture/driverProfilePicture-ec739639-c604-4264-bb2a-abf6ffd59848.jpg
logan-sargeant,Logan Sargeant,Logan,Sargeant,SARL,us,https://content.motorsportstats.com/driverProfilePicture/driverProfilePicture-37701e7a-589e-4a3e-b90a-b2b2e6a3377a.jpg
lorenzo-colombo,Lorenzo Colombo,Lorenzo,Colombo,COLL,it,
louis-sharp,Louis Sharp,Louis,Sharp,SHAR,nz,
lukas-dunner,Lukas Dunner,Lukas,Dunner,DUNL,at,https://content.motorsportstats.com/driverProfilePicture/driverProfilePicture-f051e259-49fe-4ed5-9117-52620a38be2b.jpg
luke-browning,Luke Browning,Luke,Browning,BRO,gb,https://content.motorsportstats.com/driverProfilePicture/driverProfilePicture-b5c9920a-e9b9-457b-981f-beb357c166c7.jpg
maciej-gladysz,Maciej Gladysz,Maciej,Gladysz,GLAD,pl,
marcus-armstrong,Marcus Armstrong,Marcus,Armstrong,ARMM,nz,https://content.motorsportstats.com/driverProfilePicture/driverProfilePicture-75e0d730-ee29-4dae-80c9-eb16af6f6d21.jpg
mari-boya,Mari Boya,Mari,Boya,BOYA,es,
martinius-stenshorne,Martinius Stenshorne,Martinius,Stenshorne,STEN,no,
matias-zagazeta,Matías Zagazeta,Matías,Zagazeta,ZAG,pe,
matteo-de-palo,Matteo De Palo,Matteo,De Palo,PALO,it,
matteo-nannini,Matteo Nannini,Matteo,Nannini,NAN,it,https://content.motorsportstats.com/driverProfilePicture/driverProfilePicture-c9ff6f8f-2751-41af-bcf0-b88bb3a3ca37.jpg
mattia-colnaghi,Mattia Colnaghi,Mattia,Colnaghi,COLN,it,
max-fewtrell,Max Fewtrell,Max,Fewtrell,FEWM,gb,https://content.motorsportstats.com/driverProfilePicture/driverProfilePicture-af355944-d7be-48f9-ac08-627c74894727.jpg
maxwell-esterson,Maxwell Esterson,Maxwell,Esterson,ESTE,us,
mckenzy-cresswell,McKenzy Cresswell,McKenzy,Cresswell,CRE,gb,https://content.motorsportstats.com/driverProfilePicture/driverProfilePicture-36478646-4e66-4ac4-91c0-62ec0e18d085.jpg
michael-belov,Michael Belov,Michael,Belov,BEL,ru,
michael-shin,Michael Shin,Michael,Shin,SHIN,kr,
nandhavud-bhirombhakdi,Nandhavud Bhirombhakdi,Nandhavud,Bhirombhakdi,BHIR,th,
nazim-azman,Nazim Azman,Nazim,Azman,AZM,my,
nicola-lacorte,Nicola Lacorte,Nicola,Lacorte,LACO,it,
nicola-marinangeli,Nicola Marinangeli,Nicola,Marinangeli,MAR,it,
nikita-bedrin,Nikita Bedrin,Nikita,Bedrin,BED,ru,
nikita-johnson,Nikita Johnson,Nikita,Johnson,JOHN,us,
niko-kari,Niko Kari,Niko,Kari,KARN,fi,https://content.motorsportstats.com/driverProfilePicture/driverProfilePicture-3cd10274-a34d-4602-a99d-487018f2de60.jpg
nikola-tsolov,Nikola Tsolov,Nikola,Tsolov,TSOL,bg,
noah-stromsted,Noah Strømsted,Noah,Strømsted,STRO,dk,
noel-leon,Noel Leon,Noel,Leon,LEO,mx,
oliver-bearman,Oliver Bearman,Oliver,Bearman,BEA,gb,http://content.motorsportstats.com/driverProfilePicture/driverProfilePicture-b9466969-cd8f-409c-97f5-d207ef466a36.jpg
oliver-goethe,Oliver Goethe,Oliver,Goethe,OGO,dk,https://content.motorsportstats.com/driverProfilePicture/driverProfilePicture-7a17ae13-25ec-42cf-877f-3b99354f6e0e.jpg
oliver-gray,Oliver Gray,Oliver,Gray,GRAY,gb,
oliver-olli-caldwell,Oliver Olli Caldwell,Olli,Caldwell,CAL,gb,https://content.motorsportstats.com/driverProfilePicture/driverProfilePicture-6ea6006d-d97e-4086-a358-5656127ac70c.jpg
oliver-rasmussen,Oliver Rasmussen,Oliver,Rasmussen,RAS,dk,
oscar-piastri,Oscar Piastri,Oscar,Piastri,PIAO,au,https://content.motorsportstats.com/driverProfilePicture/driverProfilePicture-6d2d46e8-d947-4311-a436-95fea51c2a1c.jpg
patrick-heuzenroeder,Patrick Heuzenroeder,Patrick,Heuzenroeder,HEUZ,au,
paul-aron,Paul Aron,Paul,Aron,ARO,ee,https://content.motorsportstats.com/driverProfilePicture/driverProfilePicture-7cc13892-47a6-41c7-acb9-ace28a8222fa.jpg
pedro-clerot,Pedro Clerot,Pedro,Clerot,CLER,br,
pedro-piquet,Pedro Piquet,Pedro,Piquet,PIQU,br,https://content.motorsportstats.com/driverProfilePicture/driverProfilePicture-bf50c7be-1f7c-4edf-a0c8-83f871ee5bed.jpg
pepe-marti,Pepe Martí,Pepe,Martí,MART,es,
pierre-louis-chovet,Pierre-Louis Chovet,Pierre-Louis,Chovet,CHO,fr,
piotr-wisnicki,Piotr Wisnicki,Piotr,Wisnicki,WIS,pl,
rafael-camara,Rafael Câmara,Rafael,Câmara,CAMA,br,
rafael-villagomez,Rafael Villagómez,Rafael,Villagómez,VIL,mx,
raoul-hyman,Raoul Hyman,Raoul,Hyman,HYMR,za,https://content.motorsportstats.com/driverProfilePicture/driverProfilePicture-be37207c-8e41-4870-a58f-78b2513ee6fb.jpg
reece-ushijima,Reece Ushijima,Reece,Ushijima,USH,us,
reshad-de-gerus,Reshad De Gerus,Reshad,De Gerus,DE ,fr,
ricardo-escotto,Ricardo Escotto,Ricardo,Escotto,ESCO,mx,
richard-verschoor,Richard Verschoor,Richard,Verschoor,VERR,nl,https://content.motorsportstats.com/driverProfilePicture/driverProfilePicture-2b080edf-8b42-4eeb-8278-ee95a113522e.jpg
robert-shwartzman,Robert Shwartzman,Robert,Shwartzman,SHWR,il,https://content.motorsportstats.com/driverProfilePicture/driverProfilePicture-6fa4e498-af74-4470-bd87-6e366264a54e.jpg
roberto-faria,Roberto Faria,Roberto,Faria,FAR,br,
roman-bilinski,Roman Bilinski,Roman,Bilinski,BIL,pl,
roman-stanek,Roman Stanek,Roman,Stanek,STA,cz,https://content.motorsportstats.com/driverProfilePicture/driverProfilePicture-52d8a840-bd29-4721-9503-69f8cd3d1ccf.jpg
salim-hanna,Salim Hanna,Salim,Hanna,HANN,co,
sami-meguetounif,Sami Meguetounif,Sami,Meguetounif,MEG,fr,https://content.motorsportstats.com/driverProfilePicture/driverProfilePicture-304a2072-618b-432c-a095-de27d631991d.jpg
santiago-ramos,Santiago Ramos,Santiago,Ramos,RAMS,mx,
sebastian-fernandez,Sebastian Fernandez,Sebastian,Fernandez,FERN,ve,https://content.motorsportstats.com/driverProfilePicture/driverProfilePicture-376ada9f-ca05-470c-9446-87d4662da80f.jpg
sebastian-montoya,Sebastian Montoya,Sebastian,Montoya,MON,co,https://content.motorsportstats.com/driverProfilePicture/driverProfilePicture-5d804fa0-ffd0-4848-973f-ce3cf96a3aac.jpg
simo-laaksonen,Simo Laaksonen,Simo,Laaksonen,LAAK,fi,https://content.motorsportstats.com/driverProfilePicture/driverProfilePicture-88cb91fb-9db2-4cc2-a4ca-0a20ed5885c3.jpg
sophia-florsch,Sophia Flörsch,Sophia,Flörsch,FLOR,de,https://content.motorsportstats.com/driverProfilePicture/driverProfilePicture-61a6e501-ac07-4763-bebd-81eb1ca0f7e4.jpg
taito-kato,Taito Kato,Taito,Kato,KATO,jp,
tasanapol-inthraphuvasak,Tasanapol Inthraphuvasak,Tasanapol,Inthraphuvasak,INT,th,https://content.motorsportstats.com/driverProfilePicture/driverProfilePicture-90d66661-c422-49c7-87f2-8d4730a07c55.jpg
taylor-barnard,Taylor Barnard,Taylor,Barnard,BAR,gb,https://content.motorsportstats.com/driverProfilePicture/driverProfilePicture-ac4926e8-848f-4b77-af86-e1cd3905dead.jpg
teppei-natori,Teppei Natori,Teppei,Natori,NATO,jp,https://content.motorsportstats.com/driverProfilePicture/driverProfilePicture-a8b07f08-7f77-4200-8e8d-17432d39c4db.jpg
theo-pourchaire,Théo Pourchaire,Théo,Pourchaire,POU,fr,https://content.motorsportstats.com/driverProfilePicture/driverProfilePicture-31d2b3e2-a74d-4bc5-b48f-0855579e210a.jpg
theophile-nael,Théophile Naël,Théophile,Naël,NAEL,fr,
tijmen-van-der-helm,Tijmen van der Helm,Tijmen,van der Helm,VDH,nl,https://content.motorsportstats.com/driverProfilePicture/driverProfilePicture-48e84fa3-67a7-42d0-8ee9-9d686d1f28b7.jpg
tim-tramnitz,Tim Tramnitz,Tim,Tramnitz,TRA,de,https://content.motorsportstats.com/driverProfilePicture/driverProfilePicture-f8a9a56c-af2b-4b44-abfb-a7b62247feb6.jpg
tom-smith,Tom Smith,Tom,Smith,SMI,au,
tuukka-taponen,Tuukka Taponen,Tuukka,Taponen,TAPO,fi,
ugo-ugochukwu,Ugo Ugochukwu,Ugo,Ugochukwu,UGO,us,https://content.motorsportstats.com/driverProfilePicture/driverProfilePicture-65b8158f-628d-4f88-8433-03848efd313b.jpg
victor-martins,Victor Martins,Victor,Martins,MARV,fr,https://content.motorsportstats.com/driverProfilePicture/driverProfilePicture-4699e735-5319-4902-a5d0-0d2ec421db62.jpg
william-alatalo,William Alatalo,William,Alatalo,ALA,fi,
wing-lam-gerrard-xie,Wing Lam Gerrard Xie,Wing,Lam Gerrard Xie,XIEW,hk,
yevan-david,Yevan David,Yevan,David,DAVI,lk,
yifei-ye,Yifei Ye,Yifei,Ye,YE,cn,https://content.motorsportstats.com/driverProfilePicture/driverProfilePicture-91e97ed0-4dbc-4ded-8f30-bdafb350ec27.jpg
yuki-tsunoda,Yuki Tsunoda,Yuki,Tsunoda,TSU,jp,https://content.motorsportstats.com/driverProfilePicture/driverProfilePicture-5592bc19-3695-4f36-b12c-5c82bbb586be.jpg
zak-o-sullivan,Zak O'Sullivan,Zak,O'Sullivan,OSUL,gb,https://content.motorsportstats.com/driverProfilePicture/driverProfilePicture-a279b536-35b1-4cad-8c91-f109404c0aa7.jpg
zane-maloney,Zane Maloney,Zane,Maloney,MAL,bb,https://content.motorsportstats.com/driverProfilePicture/driverProfilePicture-5285afd8-4f90-46e8-8f33-9377097617c7.jpg
zdenek-chovanec,Zdenek Chovanec,Zdenek,Chovanec,CHO,ve,
