raceId,year,round,driverNumber,driverId,constructorId,chassisId,engineId
fa-1,2023,1,10,abbi-pulling,rodin-carlin,tatuus-f4-t421,autotecnica-motori-14t
fa-1,2023,1,15,marta-garcia,prema-racing,tatuus-f4-t421,autotecnica-motori-14t
fa-1,2023,1,7,lena-buhler,art-grand-prix,tatuus-f4-t421,autotecnica-motori-14t
fa-1,2023,1,12,megan-gilkes,rodin-carlin,tatuus-f4-t421,autotecnica-motori-14t
fa-1,2023,1,2,lola-lovinfosse,campos-racing,tatuus-f4-t421,autotecnica-motori-14t
fa-1,2023,1,11,jessica-edgar,rodin-carlin,tatuus-f4-t421,autotecnica-motori-14t
fa-1,2023,1,1,nerea-marti,campos-racing,tatuus-f4-t421,autotecnica-motori-14t
fa-1,2023,1,9,chloe-grant,art-grand-prix,tatuus-f4-t421,autotecnica-motori-14t
fa-1,2023,1,16,bianca-bustamante,prema-racing,tatuus-f4-t421,autotecnica-motori-14t
fa-1,2023,1,8,carrie-schreiner,art-grand-prix,tatuus-f4-t421,autotecnica-motori-14t
fa-1,2023,1,14,chloe-chong,prema-racing,tatuus-f4-t421,autotecnica-motori-14t
fa-1,2023,1,3,maite-caceres,campos-racing,tatuus-f4-t421,autotecnica-motori-14t
fa-1,2023,1,4,hamda-al-qubaisi,mp-motorsport,tatuus-f4-t421,autotecnica-motori-14t
fa-1,2023,1,5,emely-de-heus,mp-motorsport,tatuus-f4-t421,autotecnica-motori-14t
fa-1,2023,1,6,amna-al-qubaisi,mp-motorsport,tatuus-f4-t421,autotecnica-motori-14t
fa-2,2023,2,1,nerea-marti,campos-racing,tatuus-f4-t421,autotecnica-motori-14t
fa-2,2023,2,10,abbi-pulling,rodin-carlin,tatuus-f4-t421,autotecnica-motori-14t
fa-2,2023,2,7,lena-buhler,art-grand-prix,tatuus-f4-t421,autotecnica-motori-14t
fa-2,2023,2,4,hamda-al-qubaisi,mp-motorsport,tatuus-f4-t421,autotecnica-motori-14t
fa-2,2023,2,16,bianca-bustamante,prema-racing,tatuus-f4-t421,autotecnica-motori-14t
fa-2,2023,2,8,carrie-schreiner,art-grand-prix,tatuus-f4-t421,autotecnica-motori-14t
fa-2,2023,2,9,chloe-grant,art-grand-prix,tatuus-f4-t421,autotecnica-motori-14t
fa-2,2023,2,3,maite-caceres,campos-racing,tatuus-f4-t421,autotecnica-motori-14t
fa-2,2023,2,6,amna-al-qubaisi,mp-motorsport,tatuus-f4-t421,autotecnica-motori-14t
fa-2,2023,2,2,lola-lovinfosse,campos-racing,tatuus-f4-t421,autotecnica-motori-14t
fa-2,2023,2,5,emely-de-heus,mp-motorsport,tatuus-f4-t421,autotecnica-motori-14t
fa-2,2023,2,12,megan-gilkes,rodin-carlin,tatuus-f4-t421,autotecnica-motori-14t
fa-2,2023,2,14,chloe-chong,prema-racing,tatuus-f4-t421,autotecnica-motori-14t
fa-2,2023,2,11,jessica-edgar,rodin-carlin,tatuus-f4-t421,autotecnica-motori-14t
fa-2,2023,2,15,marta-garcia,prema-racing,tatuus-f4-t421,autotecnica-motori-14t
fa-3,2023,3,4,hamda-al-qubaisi,mp-motorsport,tatuus-f4-t421,autotecnica-motori-14t
fa-3,2023,3,1,nerea-marti,campos-racing,tatuus-f4-t421,autotecnica-motori-14t
fa-3,2023,3,16,bianca-bustamante,prema-racing,tatuus-f4-t421,autotecnica-motori-14t
fa-3,2023,3,15,marta-garcia,prema-racing,tatuus-f4-t421,autotecnica-motori-14t
fa-3,2023,3,7,lena-buhler,art-grand-prix,tatuus-f4-t421,autotecnica-motori-14t
fa-3,2023,3,5,emely-de-heus,mp-motorsport,tatuus-f4-t421,autotecnica-motori-14t
fa-3,2023,3,2,lola-lovinfosse,campos-racing,tatuus-f4-t421,autotecnica-motori-14t
fa-3,2023,3,10,abbi-pulling,rodin-carlin,tatuus-f4-t421,autotecnica-motori-14t
fa-3,2023,3,14,chloe-chong,prema-racing,tatuus-f4-t421,autotecnica-motori-14t
fa-3,2023,3,8,carrie-schreiner,art-grand-prix,tatuus-f4-t421,autotecnica-motori-14t
fa-3,2023,3,6,amna-al-qubaisi,mp-motorsport,tatuus-f4-t421,autotecnica-motori-14t
fa-3,2023,3,9,chloe-grant,art-grand-prix,tatuus-f4-t421,autotecnica-motori-14t
fa-3,2023,3,11,jessica-edgar,rodin-carlin,tatuus-f4-t421,autotecnica-motori-14t
fa-3,2023,3,3,maite-caceres,campos-racing,tatuus-f4-t421,autotecnica-motori-14t
fa-3,2023,3,12,megan-gilkes,rodin-carlin,tatuus-f4-t421,autotecnica-motori-14t
fa-4,2023,4,4,hamda-al-qubaisi,mp-motorsport,tatuus-f4-t421,autotecnica-motori-14t
fa-4,2023,4,10,abbi-pulling,rodin-carlin,tatuus-f4-t421,autotecnica-motori-14t
fa-4,2023,4,7,lena-buhler,art-grand-prix,tatuus-f4-t421,autotecnica-motori-14t
fa-4,2023,4,5,emely-de-heus,mp-motorsport,tatuus-f4-t421,autotecnica-motori-14t
fa-4,2023,4,15,marta-garcia,prema-racing,tatuus-f4-t421,autotecnica-motori-14t
fa-4,2023,4,9,chloe-grant,art-grand-prix,tatuus-f4-t421,autotecnica-motori-14t
fa-4,2023,4,1,nerea-marti,campos-racing,tatuus-f4-t421,autotecnica-motori-14t
fa-4,2023,4,8,carrie-schreiner,art-grand-prix,tatuus-f4-t421,autotecnica-motori-14t
fa-4,2023,4,16,bianca-bustamante,prema-racing,tatuus-f4-t421,autotecnica-motori-14t
fa-4,2023,4,6,amna-al-qubaisi,mp-motorsport,tatuus-f4-t421,autotecnica-motori-14t
fa-4,2023,4,11,jessica-edgar,rodin-carlin,tatuus-f4-t421,autotecnica-motori-14t
fa-4,2023,4,2,lola-lovinfosse,campos-racing,tatuus-f4-t421,autotecnica-motori-14t
fa-4,2023,4,14,chloe-chong,prema-racing,tatuus-f4-t421,autotecnica-motori-14t
fa-4,2023,4,12,megan-gilkes,rodin-carlin,tatuus-f4-t421,autotecnica-motori-14t
fa-4,2023,4,3,maite-caceres,campos-racing,tatuus-f4-t421,autotecnica-motori-14t
fa-5,2023,5,7,lena-buhler,art-grand-prix,tatuus-f4-t421,autotecnica-motori-14t
fa-5,2023,5,10,abbi-pulling,rodin-carlin,tatuus-f4-t421,autotecnica-motori-14t
fa-5,2023,5,15,marta-garcia,prema-racing,tatuus-f4-t421,autotecnica-motori-14t
fa-5,2023,5,4,hamda-al-qubaisi,mp-motorsport,tatuus-f4-t421,autotecnica-motori-14t
fa-5,2023,5,16,bianca-bustamante,prema-racing,tatuus-f4-t421,autotecnica-motori-14t
fa-5,2023,5,8,carrie-schreiner,art-grand-prix,tatuus-f4-t421,autotecnica-motori-14t
fa-5,2023,5,1,nerea-marti,campos-racing,tatuus-f4-t421,autotecnica-motori-14t
fa-5,2023,5,11,jessica-edgar,rodin-carlin,tatuus-f4-t421,autotecnica-motori-14t
fa-5,2023,5,12,megan-gilkes,rodin-carlin,tatuus-f4-t421,autotecnica-motori-14t
fa-5,2023,5,6,amna-al-qubaisi,mp-motorsport,tatuus-f4-t421,autotecnica-motori-14t
fa-5,2023,5,14,chloe-chong,prema-racing,tatuus-f4-t421,autotecnica-motori-14t
fa-5,2023,5,9,chloe-grant,art-grand-prix,tatuus-f4-t421,autotecnica-motori-14t
fa-5,2023,5,5,emely-de-heus,mp-motorsport,tatuus-f4-t421,autotecnica-motori-14t
fa-5,2023,5,2,lola-lovinfosse,campos-racing,tatuus-f4-t421,autotecnica-motori-14t
fa-5,2023,5,3,maite-caceres,campos-racing,tatuus-f4-t421,autotecnica-motori-14t
fa-6,2023,6,1,nerea-marti,campos-racing,tatuus-f4-t421,autotecnica-motori-14t
fa-6,2023,6,10,abbi-pulling,rodin-carlin,tatuus-f4-t421,autotecnica-motori-14t
fa-6,2023,6,4,hamda-al-qubaisi,mp-motorsport,tatuus-f4-t421,autotecnica-motori-14t
fa-6,2023,6,6,amna-al-qubaisi,mp-motorsport,tatuus-f4-t421,autotecnica-motori-14t
fa-6,2023,6,15,marta-garcia,prema-racing,tatuus-f4-t421,autotecnica-motori-14t
fa-6,2023,6,11,jessica-edgar,rodin-carlin,tatuus-f4-t421,autotecnica-motori-14t
fa-6,2023,6,2,lola-lovinfosse,campos-racing,tatuus-f4-t421,autotecnica-motori-14t
fa-6,2023,6,7,lena-buhler,art-grand-prix,tatuus-f4-t421,autotecnica-motori-14t
fa-6,2023,6,8,carrie-schreiner,art-grand-prix,tatuus-f4-t421,autotecnica-motori-14t
fa-6,2023,6,3,maite-caceres,campos-racing,tatuus-f4-t421,autotecnica-motori-14t
fa-6,2023,6,5,emely-de-heus,mp-motorsport,tatuus-f4-t421,autotecnica-motori-14t
fa-6,2023,6,12,megan-gilkes,rodin-carlin,tatuus-f4-t421,autotecnica-motori-14t
fa-6,2023,6,14,chloe-chong,prema-racing,tatuus-f4-t421,autotecnica-motori-14t
fa-6,2023,6,9,chloe-grant,art-grand-prix,tatuus-f4-t421,autotecnica-motori-14t
fa-6,2023,6,16,bianca-bustamante,prema-racing,tatuus-f4-t421,autotecnica-motori-14t
fa-7,2023,7,15,marta-garcia,prema-racing,tatuus-f4-t421,autotecnica-motori-14t
fa-7,2023,7,1,nerea-marti,campos-racing,tatuus-f4-t421,autotecnica-motori-14t
fa-7,2023,7,10,abbi-pulling,rodin-carlin,tatuus-f4-t421,autotecnica-motori-14t
fa-7,2023,7,11,jessica-edgar,rodin-carlin,tatuus-f4-t421,autotecnica-motori-14t
fa-7,2023,7,4,hamda-al-qubaisi,mp-motorsport,tatuus-f4-t421,autotecnica-motori-14t
fa-7,2023,7,16,bianca-bustamante,prema-racing,tatuus-f4-t421,autotecnica-motori-14t
fa-7,2023,7,7,lena-buhler,art-grand-prix,tatuus-f4-t421,autotecnica-motori-14t
fa-7,2023,7,2,lola-lovinfosse,campos-racing,tatuus-f4-t421,autotecnica-motori-14t
fa-7,2023,7,14,chloe-chong,prema-racing,tatuus-f4-t421,autotecnica-motori-14t
fa-7,2023,7,9,chloe-grant,art-grand-prix,tatuus-f4-t421,autotecnica-motori-14t
fa-7,2023,7,5,emely-de-heus,mp-motorsport,tatuus-f4-t421,autotecnica-motori-14t
fa-7,2023,7,6,amna-al-qubaisi,mp-motorsport,tatuus-f4-t421,autotecnica-motori-14t
fa-7,2023,7,12,megan-gilkes,rodin-carlin,tatuus-f4-t421,autotecnica-motori-14t
fa-7,2023,7,8,carrie-schreiner,art-grand-prix,tatuus-f4-t421,autotecnica-motori-14t
fa-7,2023,7,3,maite-caceres,campos-racing,tatuus-f4-t421,autotecnica-motori-14t
fa-8,2024,1,28,doriane-pin,prema-racing,tatuus-f4-t421,autotecnica-motori-14t
fa-8,2024,1,9,abbi-pulling,rodin-motorsport,tatuus-f4-t421,autotecnica-motori-14t
fa-8,2024,1,57,lia-block,art-grand-prix,tatuus-f4-t421,autotecnica-motori-14t
fa-8,2024,1,30,nerea-marti,campos-racing,tatuus-f4-t421,autotecnica-motori-14t
fa-8,2024,1,64,maya-weug,prema-racing,tatuus-f4-t421,autotecnica-motori-14t
fa-8,2024,1,3,lola-lovinfosse,rodin-motorsport,tatuus-f4-t421,autotecnica-motori-14t
fa-8,2024,1,14,chloe-chambers,campos-racing,tatuus-f4-t421,autotecnica-motori-14t
fa-8,2024,1,15,carrie-schreiner,campos-racing,tatuus-f4-t421,autotecnica-motori-14t
fa-8,2024,1,19,tina-hausmann,prema-racing,tatuus-f4-t421,autotecnica-motori-14t
fa-8,2024,1,17,jessica-edgar,rodin-motorsport,tatuus-f4-t421,autotecnica-motori-14t
fa-8,2024,1,88,amna-al-qubaisi,mp-motorsport,tatuus-f4-t421,autotecnica-motori-14t
fa-8,2024,1,22,aurelia-nobels,art-grand-prix,tatuus-f4-t421,autotecnica-motori-14t
fa-8,2024,1,16,bianca-bustamante,art-grand-prix,tatuus-f4-t421,autotecnica-motori-14t
fa-8,2024,1,7,emely-de-heus,mp-motorsport,tatuus-f4-t421,autotecnica-motori-14t
fa-8,2024,1,8,hamda-al-qubaisi,mp-motorsport,tatuus-f4-t421,autotecnica-motori-14t
fa-8,2024,1,18,reema-juffali,prema-racing,tatuus-f4-t421,autotecnica-motori-14t
fa-9,2024,2,28,doriane-pin,prema-racing,tatuus-f4-t421,autotecnica-motori-14t
fa-9,2024,2,9,abbi-pulling,rodin-motorsport,tatuus-f4-t421,autotecnica-motori-14t
fa-9,2024,2,16,bianca-bustamante,art-grand-prix,tatuus-f4-t421,autotecnica-motori-14t
fa-9,2024,2,30,nerea-marti,campos-racing,tatuus-f4-t421,autotecnica-motori-14t
fa-9,2024,2,64,maya-weug,prema-racing,tatuus-f4-t421,autotecnica-motori-14t
fa-9,2024,2,14,chloe-chambers,campos-racing,tatuus-f4-t421,autotecnica-motori-14t
fa-9,2024,2,7,emely-de-heus,mp-motorsport,tatuus-f4-t421,autotecnica-motori-14t
fa-9,2024,2,17,jessica-edgar,rodin-motorsport,tatuus-f4-t421,autotecnica-motori-14t
fa-9,2024,2,22,aurelia-nobels,art-grand-prix,tatuus-f4-t421,autotecnica-motori-14t
fa-9,2024,2,57,lia-block,art-grand-prix,tatuus-f4-t421,autotecnica-motori-14t
fa-9,2024,2,15,carrie-schreiner,campos-racing,tatuus-f4-t421,autotecnica-motori-14t
fa-9,2024,2,88,amna-al-qubaisi,mp-motorsport,tatuus-f4-t421,autotecnica-motori-14t
fa-9,2024,2,3,lola-lovinfosse,rodin-motorsport,tatuus-f4-t421,autotecnica-motori-14t
fa-9,2024,2,19,tina-hausmann,prema-racing,tatuus-f4-t421,autotecnica-motori-14t
fa-9,2024,2,8,hamda-al-qubaisi,mp-motorsport,tatuus-f4-t421,autotecnica-motori-14t
fa-9,2024,2,77,courtney-crone,prema-racing,tatuus-f4-t421,autotecnica-motori-14t
fa-10,2024,3,9,abbi-pulling,rodin-motorsport,tatuus-f4-t421,autotecnica-motori-14t
fa-10,2024,3,16,bianca-bustamante,art-grand-prix,tatuus-f4-t421,autotecnica-motori-14t
fa-10,2024,3,8,hamda-al-qubaisi,mp-motorsport,tatuus-f4-t421,autotecnica-motori-14t
fa-10,2024,3,30,nerea-marti,campos-racing,tatuus-f4-t421,autotecnica-motori-14t
fa-10,2024,3,57,lia-block,art-grand-prix,tatuus-f4-t421,autotecnica-motori-14t
fa-10,2024,3,17,jessica-edgar,rodin-motorsport,tatuus-f4-t421,autotecnica-motori-14t
fa-10,2024,3,15,carrie-schreiner,campos-racing,tatuus-f4-t421,autotecnica-motori-14t
fa-10,2024,3,88,amna-al-qubaisi,mp-motorsport,tatuus-f4-t421,autotecnica-motori-14t
fa-10,2024,3,22,aurelia-nobels,art-grand-prix,tatuus-f4-t421,autotecnica-motori-14t
fa-10,2024,3,28,doriane-pin,prema-racing,tatuus-f4-t421,autotecnica-motori-14t
fa-10,2024,3,14,chloe-chambers,campos-racing,tatuus-f4-t421,autotecnica-motori-14t
fa-10,2024,3,19,tina-hausmann,prema-racing,tatuus-f4-t421,autotecnica-motori-14t
fa-10,2024,3,64,maya-weug,prema-racing,tatuus-f4-t421,autotecnica-motori-14t
fa-10,2024,3,7,emely-de-heus,mp-motorsport,tatuus-f4-t421,autotecnica-motori-14t
fa-10,2024,3,3,lola-lovinfosse,rodin-motorsport,tatuus-f4-t421,autotecnica-motori-14t
fa-11,2024,4,9,abbi-pulling,rodin-motorsport,tatuus-f4-t421,autotecnica-motori-14t
fa-11,2024,4,28,doriane-pin,prema-racing,tatuus-f4-t421,autotecnica-motori-14t
fa-11,2024,4,16,bianca-bustamante,art-grand-prix,tatuus-f4-t421,autotecnica-motori-14t
fa-11,2024,4,8,hamda-al-qubaisi,mp-motorsport,tatuus-f4-t421,autotecnica-motori-14t
fa-11,2024,4,64,maya-weug,prema-racing,tatuus-f4-t421,autotecnica-motori-14t
fa-11,2024,4,30,nerea-marti,campos-racing,tatuus-f4-t421,autotecnica-motori-14t
fa-11,2024,4,4,nina-gademan,prema-racing,tatuus-f4-t421,autotecnica-motori-14t
fa-11,2024,4,7,emely-de-heus,mp-motorsport,tatuus-f4-t421,autotecnica-motori-14t
fa-11,2024,4,17,jessica-edgar,rodin-motorsport,tatuus-f4-t421,autotecnica-motori-14t
fa-11,2024,4,15,carrie-schreiner,campos-racing,tatuus-f4-t421,autotecnica-motori-14t
fa-11,2024,4,14,chloe-chambers,campos-racing,tatuus-f4-t421,autotecnica-motori-14t
fa-11,2024,4,57,lia-block,art-grand-prix,tatuus-f4-t421,autotecnica-motori-14t
fa-11,2024,4,88,amna-al-qubaisi,mp-motorsport,tatuus-f4-t421,autotecnica-motori-14t
fa-11,2024,4,19,tina-hausmann,prema-racing,tatuus-f4-t421,autotecnica-motori-14t
fa-11,2024,4,22,aurelia-nobels,art-grand-prix,tatuus-f4-t421,autotecnica-motori-14t
fa-11,2024,4,3,lola-lovinfosse,rodin-motorsport,tatuus-f4-t421,autotecnica-motori-14t
fa-12,2024,5,9,abbi-pulling,rodin-motorsport,tatuus-f4-t421,autotecnica-motori-14t
fa-12,2024,5,30,nerea-marti,campos-racing,tatuus-f4-t421,autotecnica-motori-14t
fa-12,2024,5,28,doriane-pin,prema-racing,tatuus-f4-t421,autotecnica-motori-14t
fa-12,2024,5,64,maya-weug,prema-racing,tatuus-f4-t421,autotecnica-motori-14t
fa-12,2024,5,15,carrie-schreiner,campos-racing,tatuus-f4-t421,autotecnica-motori-14t
fa-12,2024,5,57,lia-block,art-grand-prix,tatuus-f4-t421,autotecnica-motori-14t
fa-12,2024,5,14,chloe-chambers,campos-racing,tatuus-f4-t421,autotecnica-motori-14t
fa-12,2024,5,8,hamda-al-qubaisi,mp-motorsport,tatuus-f4-t421,autotecnica-motori-14t
fa-12,2024,5,3,lola-lovinfosse,rodin-motorsport,tatuus-f4-t421,autotecnica-motori-14t
fa-12,2024,5,22,aurelia-nobels,art-grand-prix,tatuus-f4-t421,autotecnica-motori-14t
fa-12,2024,5,5,ella-lloyd,prema-racing,tatuus-f4-t421,autotecnica-motori-14t
fa-12,2024,5,16,bianca-bustamante,art-grand-prix,tatuus-f4-t421,autotecnica-motori-14t
fa-12,2024,5,19,tina-hausmann,prema-racing,tatuus-f4-t421,autotecnica-motori-14t
fa-12,2024,5,7,emely-de-heus,mp-motorsport,tatuus-f4-t421,autotecnica-motori-14t
fa-12,2024,5,88,amna-al-qubaisi,mp-motorsport,tatuus-f4-t421,autotecnica-motori-14t
fa-12,2024,5,17,jessica-edgar,rodin-motorsport,tatuus-f4-t421,autotecnica-motori-14t
fa-13,2024,6,28,doriane-pin,prema-racing,tatuus-f4-t421,autotecnica-motori-14t
fa-13,2024,6,9,abbi-pulling,rodin-motorsport,tatuus-f4-t421,autotecnica-motori-14t
fa-13,2024,6,64,maya-weug,prema-racing,tatuus-f4-t421,autotecnica-motori-14t
fa-13,2024,6,17,jessica-edgar,rodin-motorsport,tatuus-f4-t421,autotecnica-motori-14t
fa-13,2024,6,16,bianca-bustamante,art-grand-prix,tatuus-f4-t421,autotecnica-motori-14t
fa-13,2024,6,8,hamda-al-qubaisi,mp-motorsport,tatuus-f4-t421,autotecnica-motori-14t
fa-13,2024,6,6,alisha-palmowski,prema-racing,tatuus-f4-t421,autotecnica-motori-14t
fa-13,2024,6,15,carrie-schreiner,campos-racing,tatuus-f4-t421,autotecnica-motori-14t
fa-13,2024,6,57,lia-block,art-grand-prix,tatuus-f4-t421,autotecnica-motori-14t
fa-13,2024,6,14,chloe-chambers,campos-racing,tatuus-f4-t421,autotecnica-motori-14t
fa-13,2024,6,30,nerea-marti,campos-racing,tatuus-f4-t421,autotecnica-motori-14t
fa-13,2024,6,22,aurelia-nobels,art-grand-prix,tatuus-f4-t421,autotecnica-motori-14t
fa-13,2024,6,19,tina-hausmann,prema-racing,tatuus-f4-t421,autotecnica-motori-14t
fa-13,2024,6,7,emely-de-heus,mp-motorsport,tatuus-f4-t421,autotecnica-motori-14t
fa-13,2024,6,3,lola-lovinfosse,rodin-motorsport,tatuus-f4-t421,autotecnica-motori-14t
fa-13,2024,6,88,amna-al-qubaisi,mp-motorsport,tatuus-f4-t421,autotecnica-motori-14t
fa-14,2024,7,14,chloe-chambers,campos-racing,tatuus-f4-t421,autotecnica-motori-14t
fa-14,2024,7,9,abbi-pulling,rodin-motorsport,tatuus-f4-t421,autotecnica-motori-14t
fa-14,2024,7,28,doriane-pin,prema-racing,tatuus-f4-t421,autotecnica-motori-14t
fa-14,2024,7,8,hamda-al-qubaisi,mp-motorsport,tatuus-f4-t421,autotecnica-motori-14t
fa-14,2024,7,16,bianca-bustamante,art-grand-prix,tatuus-f4-t421,autotecnica-motori-14t
fa-14,2024,7,30,nerea-marti,campos-racing,tatuus-f4-t421,autotecnica-motori-14t
fa-14,2024,7,17,jessica-edgar,rodin-motorsport,tatuus-f4-t421,autotecnica-motori-14t
fa-14,2024,7,88,amna-al-qubaisi,mp-motorsport,tatuus-f4-t421,autotecnica-motori-14t
fa-14,2024,7,19,tina-hausmann,prema-racing,tatuus-f4-t421,autotecnica-motori-14t
fa-14,2024,7,22,aurelia-nobels,art-grand-prix,tatuus-f4-t421,autotecnica-motori-14t
fa-14,2024,7,7,emely-de-heus,mp-motorsport,tatuus-f4-t421,autotecnica-motori-14t
fa-14,2024,7,15,carrie-schreiner,campos-racing,tatuus-f4-t421,autotecnica-motori-14t
fa-14,2024,7,57,lia-block,art-grand-prix,tatuus-f4-t421,autotecnica-motori-14t
fa-14,2024,7,64,maya-weug,prema-racing,tatuus-f4-t421,autotecnica-motori-14t
fa-14,2024,7,3,lola-lovinfosse,rodin-motorsport,tatuus-f4-t421,autotecnica-motori-14t
fa-14,2024,7,54,logan-hannah,prema-racing,tatuus-f4-t421,autotecnica-motori-14t
fa-15,2025,1,28,doriane-pin,prema-racing,tatuus-f4-t421,autotecnica-motori-14t
fa-15,2025,1,78,tina-hausmann,prema-racing,tatuus-f4-t421,autotecnica-motori-14t
fa-15,2025,1,14,chloe-chambers,campos-racing,tatuus-f4-t421,autotecnica-motori-14t
fa-15,2025,1,64,maya-weug,mp-motorsport,tatuus-f4-t421,autotecnica-motori-14t
fa-15,2025,1,3,nina-gademan,prema-racing,tatuus-f4-t421,autotecnica-motori-14t
fa-15,2025,1,20,ella-lloyd,rodin-motorsport,tatuus-f4-t421,autotecnica-motori-14t
fa-15,2025,1,25,joanne-ciconte,mp-motorsport,tatuus-f4-t421,autotecnica-motori-14t
fa-15,2025,1,5,emma-felbermayr,rodin-motorsport,tatuus-f4-t421,autotecnica-motori-14t
fa-15,2025,1,21,alisha-palmowski,campos-racing,tatuus-f4-t421,autotecnica-motori-14t
fa-15,2025,1,27,chloe-chong,rodin-motorsport,tatuus-f4-t421,autotecnica-motori-14t
fa-15,2025,1,12,alba-larsen,mp-motorsport,tatuus-f4-t421,autotecnica-motori-14t
fa-15,2025,1,22,aurelia-nobels,art-grand-prix,tatuus-f4-t421,autotecnica-motori-14t
fa-15,2025,1,11,aiva-anagnostiadis,hitech-tgr,tatuus-f4-t421,autotecnica-motori-14t
fa-15,2025,1,2,nicole-havrda,hitech-tgr,tatuus-f4-t421,autotecnica-motori-14t
fa-15,2025,1,7,courtney-crone,art-grand-prix,tatuus-f4-t421,autotecnica-motori-14t
fa-15,2025,1,24,wei-shi-wcd,hitech-tgr,tatuus-f4-t421,autotecnica-motori-14t
fa-15,2025,1,57,lia-block,art-grand-prix,tatuus-f4-t421,autotecnica-motori-14t
fa-15,2025,1,18,rafaela-ferreira,campos-racing,tatuus-f4-t421,autotecnica-motori-14t
fa-16,2025,2,64,maya-weug,mp-motorsport,tatuus-f4-t421,autotecnica-motori-14t
fa-16,2025,2,21,alisha-palmowski,campos-racing,tatuus-f4-t421,autotecnica-motori-14t
fa-16,2025,2,28,doriane-pin,prema-racing,tatuus-f4-t421,autotecnica-motori-14t
fa-16,2025,2,14,chloe-chambers,campos-racing,tatuus-f4-t421,autotecnica-motori-14t
fa-16,2025,2,57,lia-block,art-grand-prix,tatuus-f4-t421,autotecnica-motori-14t
fa-16,2025,2,20,ella-lloyd,rodin-motorsport,tatuus-f4-t421,autotecnica-motori-14t
fa-16,2025,2,22,aurelia-nobels,art-grand-prix,tatuus-f4-t421,autotecnica-motori-14t
fa-16,2025,2,78,tina-hausmann,prema-racing,tatuus-f4-t421,autotecnica-motori-14t
fa-16,2025,2,27,chloe-chong,rodin-motorsport,tatuus-f4-t421,autotecnica-motori-14t
fa-16,2025,2,5,emma-felbermayr,rodin-motorsport,tatuus-f4-t421,autotecnica-motori-14t
fa-16,2025,2,3,nina-gademan,prema-racing,tatuus-f4-t421,autotecnica-motori-14t
fa-16,2025,2,7,courtney-crone,art-grand-prix,tatuus-f4-t421,autotecnica-motori-14t
fa-16,2025,2,18,rafaela-ferreira,campos-racing,tatuus-f4-t421,autotecnica-motori-14t
fa-16,2025,2,25,joanne-ciconte,mp-motorsport,tatuus-f4-t421,autotecnica-motori-14t
fa-16,2025,2,12,alba-larsen,mp-motorsport,tatuus-f4-t421,autotecnica-motori-14t
fa-16,2025,2,11,aiva-anagnostiadis,hitech-tgr,tatuus-f4-t421,autotecnica-motori-14t
fa-16,2025,2,2,nicole-havrda,hitech-tgr,tatuus-f4-t421,autotecnica-motori-14t
fa-16,2025,2,4,farah-alyousef-wcd,hitech-tgr,tatuus-f4-t421,autotecnica-motori-14t
fa-17,2025,3,28,doriane-pin,prema-racing,tatuus-f4-t421,autotecnica-motori-14t
fa-17,2025,3,21,alisha-palmowski,campos-racing,tatuus-f4-t421,autotecnica-motori-14t
fa-17,2025,3,64,maya-weug,mp-motorsport,tatuus-f4-t421,autotecnica-motori-14t
fa-17,2025,3,20,ella-lloyd,rodin-motorsport,tatuus-f4-t421,autotecnica-motori-14t
fa-17,2025,3,14,chloe-chambers,campos-racing,tatuus-f4-t421,autotecnica-motori-14t
fa-17,2025,3,3,nina-gademan,prema-racing,tatuus-f4-t421,autotecnica-motori-14t
fa-17,2025,3,22,aurelia-nobels,art-grand-prix,tatuus-f4-t421,autotecnica-motori-14t
fa-17,2025,3,57,lia-block,art-grand-prix,tatuus-f4-t421,autotecnica-motori-14t
fa-17,2025,3,78,tina-hausmann,prema-racing,tatuus-f4-t421,autotecnica-motori-14t
fa-17,2025,3,27,chloe-chong,rodin-motorsport,tatuus-f4-t421,autotecnica-motori-14t
fa-17,2025,3,5,emma-felbermayr,rodin-motorsport,tatuus-f4-t421,autotecnica-motori-14t
fa-17,2025,3,18,rafaela-ferreira,campos-racing,tatuus-f4-t421,autotecnica-motori-14t
fa-17,2025,3,12,alba-larsen,mp-motorsport,tatuus-f4-t421,autotecnica-motori-14t
fa-17,2025,3,7,courtney-crone,art-grand-prix,tatuus-f4-t421,autotecnica-motori-14t
fa-17,2025,3,2,nicole-havrda,hitech-tgr,tatuus-f4-t421,autotecnica-motori-14t
fa-17,2025,3,25,joanne-ciconte,mp-motorsport,tatuus-f4-t421,autotecnica-motori-14t
fa-17,2025,3,90,ava-dobson-wcd,hitech-tgr,tatuus-f4-t421,autotecnica-motori-14t
fa-17,2025,3,11,aiva-anagnostiadis,hitech-tgr,tatuus-f4-t421,autotecnica-motori-14t
fa-18,2025,4,21,alisha-palmowski,campos-racing,tatuus-f4-t421,autotecnica-motori-14t
fa-18,2025,4,14,chloe-chambers,campos-racing,tatuus-f4-t421,autotecnica-motori-14t
fa-18,2025,4,12,alba-larsen,mp-motorsport,tatuus-f4-t421,autotecnica-motori-14t
fa-18,2025,4,27,chloe-chong,rodin-motorsport,tatuus-f4-t421,autotecnica-motori-14t
fa-18,2025,4,20,ella-lloyd,rodin-motorsport,tatuus-f4-t421,autotecnica-motori-14t
fa-18,2025,4,3,nina-gademan,prema-racing,tatuus-f4-t421,autotecnica-motori-14t
fa-18,2025,4,18,rafaela-ferreira,campos-racing,tatuus-f4-t421,autotecnica-motori-14t
fa-18,2025,4,28,doriane-pin,prema-racing,tatuus-f4-t421,autotecnica-motori-14t
fa-18,2025,4,57,lia-block,art-grand-prix,tatuus-f4-t421,autotecnica-motori-14t
fa-18,2025,4,22,aurelia-nobels,art-grand-prix,tatuus-f4-t421,autotecnica-motori-14t
fa-18,2025,4,78,tina-hausmann,prema-racing,tatuus-f4-t421,autotecnica-motori-14t
fa-18,2025,4,5,emma-felbermayr,rodin-motorsport,tatuus-f4-t421,autotecnica-motori-14t
fa-18,2025,4,7,courtney-crone,art-grand-prix,tatuus-f4-t421,autotecnica-motori-14t
fa-18,2025,4,2,nicole-havrda,hitech-tgr,tatuus-f4-t421,autotecnica-motori-14t
fa-18,2025,4,25,joanne-ciconte,mp-motorsport,tatuus-f4-t421,autotecnica-motori-14t
fa-18,2025,4,8,mathilda-paatz-wcd,hitech-tgr,tatuus-f4-t421,autotecnica-motori-14t
fa-18,2025,4,11,aiva-anagnostiadis,hitech-tgr,tatuus-f4-t421,autotecnica-motori-14t
fa-18,2025,4,64,maya-weug,mp-motorsport,tatuus-f4-t421,autotecnica-motori-14t
fa-19,2025,5,21,alisha-palmowski,campos-racing,tatuus-f4-t421,autotecnica-motori-14t
fa-19,2025,5,64,maya-weug,mp-motorsport,tatuus-f4-t421,autotecnica-motori-14t
fa-19,2025,5,14,chloe-chambers,campos-racing,tatuus-f4-t421,autotecnica-motori-14t
fa-19,2025,5,28,doriane-pin,prema-racing,tatuus-f4-t421,autotecnica-motori-14t
fa-19,2025,5,27,chloe-chong,rodin-motorsport,tatuus-f4-t421,autotecnica-motori-14t
fa-19,2025,5,12,alba-larsen,mp-motorsport,tatuus-f4-t421,autotecnica-motori-14t
fa-19,2025,5,3,nina-gademan,prema-racing,tatuus-f4-t421,autotecnica-motori-14t
fa-19,2025,5,57,lia-block,art-grand-prix,tatuus-f4-t421,autotecnica-motori-14t
fa-19,2025,5,18,rafaela-ferreira,campos-racing,tatuus-f4-t421,autotecnica-motori-14t
fa-19,2025,5,78,tina-hausmann,prema-racing,tatuus-f4-t421,autotecnica-motori-14t
fa-19,2025,5,25,joanne-ciconte,mp-motorsport,tatuus-f4-t421,autotecnica-motori-14t
fa-19,2025,5,22,aurelia-nobels,art-grand-prix,tatuus-f4-t421,autotecnica-motori-14t
fa-19,2025,5,20,ella-lloyd,rodin-motorsport,tatuus-f4-t421,autotecnica-motori-14t
fa-19,2025,5,86,esmee-kosterman-wcd,hitech-tgr,tatuus-f4-t421,autotecnica-motori-14t
fa-19,2025,5,5,emma-felbermayr,rodin-motorsport,tatuus-f4-t421,autotecnica-motori-14t
fa-19,2025,5,7,courtney-crone,art-grand-prix,tatuus-f4-t421,autotecnica-motori-14t
fa-19,2025,5,2,nicole-havrda,hitech-tgr,tatuus-f4-t421,autotecnica-motori-14t
fa-19,2025,5,11,aiva-anagnostiadis,hitech-tgr,tatuus-f4-t421,autotecnica-motori-14t
fa-20,2025,6,28,doriane-pin,prema-racing,tatuus-f4-t421,autotecnica-motori-14t
fa-20,2025,6,64,maya-weug,mp-motorsport,tatuus-f4-t421,autotecnica-motori-14t
fa-20,2025,6,21,alisha-palmowski,campos-racing,tatuus-f4-t421,autotecnica-motori-14t
fa-20,2025,6,14,chloe-chambers,campos-racing,tatuus-f4-t421,autotecnica-motori-14t
fa-20,2025,6,20,ella-lloyd,rodin-motorsport,tatuus-f4-t421,autotecnica-motori-14t
fa-20,2025,6,60,lisa-billard-wcd,hitech-tgr,tatuus-f4-t421,autotecnica-motori-14t
fa-20,2025,6,22,aurelia-nobels,art-grand-prix,tatuus-f4-t421,autotecnica-motori-14t
fa-20,2025,6,78,tina-hausmann,prema-racing,tatuus-f4-t421,autotecnica-motori-14t
fa-20,2025,6,3,nina-gademan,prema-racing,tatuus-f4-t421,autotecnica-motori-14t
fa-20,2025,6,5,emma-felbermayr,rodin-motorsport,tatuus-f4-t421,autotecnica-motori-14t
fa-20,2025,6,27,chloe-chong,rodin-motorsport,tatuus-f4-t421,autotecnica-motori-14t
fa-20,2025,6,2,nicole-havrda,hitech-tgr,tatuus-f4-t421,autotecnica-motori-14t
fa-20,2025,6,7,courtney-crone,art-grand-prix,tatuus-f4-t421,autotecnica-motori-14t
fa-20,2025,6,57,lia-block,art-grand-prix,tatuus-f4-t421,autotecnica-motori-14t
fa-20,2025,6,12,alba-larsen,mp-motorsport,tatuus-f4-t421,autotecnica-motori-14t
fa-20,2025,6,25,joanne-ciconte,mp-motorsport,tatuus-f4-t421,autotecnica-motori-14t
fa-20,2025,6,9,megan-bruce,hitech-tgr,tatuus-f4-t421,autotecnica-motori-14t
fa-20,2025,6,18,rafaela-ferreira,campos-racing,tatuus-f4-t421,autotecnica-motori-14t
fa-21,2025,7,28,doriane-pin,prema-racing,tatuus-f4-t421,autotecnica-motori-14t
fa-21,2025,7,64,maya-weug,mp-motorsport,tatuus-f4-t421,autotecnica-motori-14t
fa-21,2025,7,14,chloe-chambers,campos-racing,tatuus-f4-t421,autotecnica-motori-14t
fa-21,2025,7,12,alba-larsen,mp-motorsport,tatuus-f4-t421,autotecnica-motori-14t
fa-21,2025,7,21,alisha-palmowski,campos-racing,tatuus-f4-t421,autotecnica-motori-14t
fa-21,2025,7,78,tina-hausmann,prema-racing,tatuus-f4-t421,autotecnica-motori-14t
fa-21,2025,7,20,ella-lloyd,rodin-motorsport,tatuus-f4-t421,autotecnica-motori-14t
fa-21,2025,7,3,nina-gademan,prema-racing,tatuus-f4-t421,autotecnica-motori-14t
fa-21,2025,7,18,rafaela-ferreira,campos-racing,tatuus-f4-t421,autotecnica-motori-14t
fa-21,2025,7,27,chloe-chong,rodin-motorsport,tatuus-f4-t421,autotecnica-motori-14t
fa-21,2025,7,57,lia-block,art-grand-prix,tatuus-f4-t421,autotecnica-motori-14t
fa-21,2025,7,22,aurelia-nobels,art-grand-prix,tatuus-f4-t421,autotecnica-motori-14t
fa-21,2025,7,15,payton-westcott-wcd,hitech-tgr,tatuus-f4-t421,autotecnica-motori-14t
fa-21,2025,7,5,emma-felbermayr,rodin-motorsport,tatuus-f4-t421,autotecnica-motori-14t
fa-21,2025,7,56,rachel-robertson,hitech-tgr,tatuus-f4-t421,autotecnica-motori-14t
fa-21,2025,7,7,courtney-crone,art-grand-prix,tatuus-f4-t421,autotecnica-motori-14t
fa-21,2025,7,25,joanne-ciconte,mp-motorsport,tatuus-f4-t421,autotecnica-motori-14t
fa-21,2025,7,2,nicole-havrda,hitech-tgr,tatuus-f4-t421,autotecnica-motori-14t
fa-22,2026,1,21,alisha-palmowski,campos-racing,tatuus-f4-t421,autotecnica-motori-14t
fa-22,2026,1,12,alba-larsen,mp-motorsport,tatuus-f4-t421,autotecnica-motori-14t
fa-22,2026,1,9,payton-westcott,prema-racing,tatuus-f4-t421,autotecnica-motori-14t
fa-22,2026,1,18,rafaela-ferreira,campos-racing,tatuus-f4-t421,autotecnica-motori-14t
fa-22,2026,1,14,lisa-billard,art-grand-prix,tatuus-f4-t421,autotecnica-motori-14t
fa-22,2026,1,8,mathilda-paatz,prema-racing,tatuus-f4-t421,autotecnica-motori-14t
fa-22,2026,1,20,ella-lloyd,rodin-motorsport,tatuus-f4-t421,autotecnica-motori-14t
fa-22,2026,1,5,emma-felbermayr,rodin-motorsport,tatuus-f4-t421,autotecnica-motori-14t
fa-22,2026,1,4,megan-bruce,campos-racing,tatuus-f4-t421,autotecnica-motori-14t
fa-22,2026,1,3,nina-gademan,mp-motorsport,tatuus-f4-t421,autotecnica-motori-14t
fa-22,2026,1,19,natalia-granada,prema-racing,tatuus-f4-t421,autotecnica-motori-14t
fa-22,2026,1,56,rachel-robertson,hitech,tatuus-f4-t421,autotecnica-motori-14t
fa-22,2026,1,28,ella-stevens,rodin-motorsport,tatuus-f4-t421,autotecnica-motori-14t
fa-22,2026,1,91,kaylee-countryman,art-grand-prix,tatuus-f4-t421,autotecnica-motori-14t
fa-22,2026,1,55,ava-dobson,hitech,tatuus-f4-t421,autotecnica-motori-14t
fa-22,2026,1,95,jade-jacquet,art-grand-prix,tatuus-f4-t421,autotecnica-motori-14t
fa-22,2026,1,32,esmee-kosterman,mp-motorsport,tatuus-f4-t421,autotecnica-motori-14t
fa-22,2026,1,24,wei-shi-wcd,hitech,tatuus-f4-t421,autotecnica-motori-14t
fa-24,2026,2,21,alisha-palmowski,campos-racing,tatuus-f4-t421,autotecnica-motori-14t
fa-24,2026,2,5,emma-felbermayr,rodin-motorsport,tatuus-f4-t421,autotecnica-motori-14t
fa-24,2026,2,4,megan-bruce,campos-racing,tatuus-f4-t421,autotecnica-motori-14t
fa-24,2026,2,14,lisa-billard,art-grand-prix,tatuus-f4-t421,autotecnica-motori-14t
fa-24,2026,2,9,payton-westcott,prema-racing,tatuus-f4-t421,autotecnica-motori-14t
fa-24,2026,2,12,alba-larsen,mp-motorsport,tatuus-f4-t421,autotecnica-motori-14t
fa-24,2026,2,20,ella-lloyd,rodin-motorsport,tatuus-f4-t421,autotecnica-motori-14t
fa-24,2026,2,18,rafaela-ferreira,campos-racing,tatuus-f4-t421,autotecnica-motori-14t
fa-24,2026,2,56,rachel-robertson,hitech,tatuus-f4-t421,autotecnica-motori-14t
fa-24,2026,2,3,nina-gademan,mp-motorsport,tatuus-f4-t421,autotecnica-motori-14t
fa-24,2026,2,91,kaylee-countryman,art-grand-prix,tatuus-f4-t421,autotecnica-motori-14t
fa-24,2026,2,19,natalia-granada,prema-racing,tatuus-f4-t421,autotecnica-motori-14t
fa-24,2026,2,28,ella-stevens,rodin-motorsport,tatuus-f4-t421,autotecnica-motori-14t
fa-24,2026,2,8,mathilda-paatz,prema-racing,tatuus-f4-t421,autotecnica-motori-14t
fa-24,2026,2,55,ava-dobson,hitech,tatuus-f4-t421,autotecnica-motori-14t
fa-24,2026,2,95,jade-jacquet,art-grand-prix,tatuus-f4-t421,autotecnica-motori-14t
fa-24,2026,2,77,autumn-fisher-wcd,hitech,tatuus-f4-t421,autotecnica-motori-14t
fa-24,2026,2,32,esmee-kosterman,mp-motorsport,tatuus-f4-t421,autotecnica-motori-14t
fa-25,2026,3,6,chiara-battig-wcd,hitech,tatuus-f4-t421,autotecnica-motori-14t
fa-25,2026,3,21,alisha-palmowski,campos-racing,tatuus-f4-t421,autotecnica-motori-14t
fa-25,2026,3,3,nina-gademan,mp-motorsport,tatuus-f4-t421,autotecnica-motori-14t
fa-25,2026,3,5,emma-felbermayr,rodin-motorsport,tatuus-f4-t421,autotecnica-motori-14t
fa-25,2026,3,28,ella-stevens,rodin-motorsport,tatuus-f4-t421,autotecnica-motori-14t
fa-25,2026,3,55,ava-dobson,hitech,tatuus-f4-t421,autotecnica-motori-14t
fa-25,2026,3,56,rachel-robertson,hitech,tatuus-f4-t421,autotecnica-motori-14t
fa-25,2026,3,9,payton-westcott,prema-racing,tatuus-f4-t421,autotecnica-motori-14t
fa-25,2026,3,14,lisa-billard,art-grand-prix,tatuus-f4-t421,autotecnica-motori-14t
fa-25,2026,3,4,megan-bruce,campos-racing,tatuus-f4-t421,autotecnica-motori-14t
fa-25,2026,3,20,ella-lloyd,rodin-motorsport,tatuus-f4-t421,autotecnica-motori-14t
fa-25,2026,3,32,esmee-kosterman,mp-motorsport,tatuus-f4-t421,autotecnica-motori-14t
fa-25,2026,3,12,alba-larsen,mp-motorsport,tatuus-f4-t421,autotecnica-motori-14t
fa-25,2026,3,8,mathilda-paatz,prema-racing,tatuus-f4-t421,autotecnica-motori-14t
fa-25,2026,3,19,natalia-granada,prema-racing,tatuus-f4-t421,autotecnica-motori-14t
fa-25,2026,3,91,kaylee-countryman,art-grand-prix,tatuus-f4-t421,autotecnica-motori-14t
fa-25,2026,3,18,rafaela-ferreira,campos-racing,tatuus-f4-t421,autotecnica-motori-14t
fa-25,2026,3,95,jade-jacquet,art-grand-prix,tatuus-f4-t421,autotecnica-motori-14t
fa-26,2026,4,3,nina-gademan,mp-motorsport,tatuus-f4-t421,autotecnica-motori-14t
fa-26,2026,4,18,rafaela-ferreira,campos-racing,tatuus-f4-t421,autotecnica-motori-14t
fa-26,2026,4,12,alba-larsen,mp-motorsport,tatuus-f4-t421,autotecnica-motori-14t
fa-26,2026,4,20,ella-lloyd,rodin-motorsport,tatuus-f4-t421,autotecnica-motori-14t
fa-26,2026,4,19,natalia-granada,prema-racing,tatuus-f4-t421,autotecnica-motori-14t
fa-26,2026,4,5,emma-felbermayr,rodin-motorsport,tatuus-f4-t421,autotecnica-motori-14t
fa-26,2026,4,14,lisa-billard,art-grand-prix,tatuus-f4-t421,autotecnica-motori-14t
fa-26,2026,4,56,rachel-robertson,hitech,tatuus-f4-t421,autotecnica-motori-14t
fa-26,2026,4,8,mathilda-paatz,prema-racing,tatuus-f4-t421,autotecnica-motori-14t
fa-26,2026,4,21,alisha-palmowski,campos-racing,tatuus-f4-t421,autotecnica-motori-14t
fa-26,2026,4,15,zoe-florescu-wcd,hitech,tatuus-f4-t421,autotecnica-motori-14t
fa-26,2026,4,32,esmee-kosterman,mp-motorsport,tatuus-f4-t421,autotecnica-motori-14t
fa-26,2026,4,9,payton-westcott,prema-racing,tatuus-f4-t421,autotecnica-motori-14t
fa-26,2026,4,28,ella-stevens,rodin-motorsport,tatuus-f4-t421,autotecnica-motori-14t
fa-26,2026,4,4,megan-bruce,campos-racing,tatuus-f4-t421,autotecnica-motori-14t
fa-26,2026,4,91,kaylee-countryman,art-grand-prix,tatuus-f4-t421,autotecnica-motori-14t
fa-26,2026,4,95,jade-jacquet,art-grand-prix,tatuus-f4-t421,autotecnica-motori-14t
fa-26,2026,4,55,ava-dobson,hitech,tatuus-f4-t421,autotecnica-motori-14t
fa-27,2026,5,21,alisha-palmowski,campos-racing,tatuus-f4-t421,autotecnica-motori-14t
fa-27,2026,5,5,emma-felbermayr,rodin-motorsport,tatuus-f4-t421,autotecnica-motori-14t
fa-27,2026,5,3,nina-gademan,mp-motorsport,tatuus-f4-t421,autotecnica-motori-14t
fa-27,2026,5,9,payton-westcott,prema-racing,tatuus-f4-t421,autotecnica-motori-14t
fa-27,2026,5,20,ella-lloyd,rodin-motorsport,tatuus-f4-t421,autotecnica-motori-14t
fa-27,2026,5,4,megan-bruce,campos-racing,tatuus-f4-t421,autotecnica-motori-14t
fa-27,2026,5,8,mathilda-paatz,prema-racing,tatuus-f4-t421,autotecnica-motori-14t
fa-27,2026,5,12,alba-larsen,mp-motorsport,tatuus-f4-t421,autotecnica-motori-14t
fa-27,2026,5,18,rafaela-ferreira,campos-racing,tatuus-f4-t421,autotecnica-motori-14t
fa-27,2026,5,19,natalia-granada,prema-racing,tatuus-f4-t421,autotecnica-motori-14t
fa-27,2026,5,6,chiara-battig-wcd,hitech,tatuus-f4-t421,autotecnica-motori-14t
fa-27,2026,5,56,rachel-robertson,hitech,tatuus-f4-t421,autotecnica-motori-14t
fa-27,2026,5,14,lisa-billard,art-grand-prix,tatuus-f4-t421,autotecnica-motori-14t
fa-27,2026,5,91,kaylee-countryman,art-grand-prix,tatuus-f4-t421,autotecnica-motori-14t
fa-27,2026,5,55,ava-dobson,hitech,tatuus-f4-t421,autotecnica-motori-14t
fa-27,2026,5,32,esmee-kosterman,mp-motorsport,tatuus-f4-t421,autotecnica-motori-14t
fa-27,2026,5,28,ella-stevens,rodin-motorsport,tatuus-f4-t421,autotecnica-motori-14t
fa-27,2026,5,77,autumn-fisher-wcd,hitech,tatuus-f4-t421,autotecnica-motori-14t
fa-27,2026,5,15,zoe-florescu-wcd,hitech,tatuus-f4-t421,autotecnica-motori-14t
fa-27,2026,5,95,jade-jacquet,art-grand-prix,tatuus-f4-t421,autotecnica-motori-14t
fa-27,2026,5,24,wei-shi-wcd,hitech,tatuus-f4-t421,autotecnica-motori-14t
fa-28,2026,6,21,alisha-palmowski,campos-racing,tatuus-f4-t421,autotecnica-motori-14t
fa-28,2026,6,5,emma-felbermayr,rodin-motorsport,tatuus-f4-t421,autotecnica-motori-14t
fa-28,2026,6,3,nina-gademan,mp-motorsport,tatuus-f4-t421,autotecnica-motori-14t
fa-28,2026,6,9,payton-westcott,prema-racing,tatuus-f4-t421,autotecnica-motori-14t
fa-28,2026,6,20,ella-lloyd,rodin-motorsport,tatuus-f4-t421,autotecnica-motori-14t
fa-28,2026,6,4,megan-bruce,campos-racing,tatuus-f4-t421,autotecnica-motori-14t
fa-28,2026,6,8,mathilda-paatz,prema-racing,tatuus-f4-t421,autotecnica-motori-14t
fa-28,2026,6,12,alba-larsen,mp-motorsport,tatuus-f4-t421,autotecnica-motori-14t
fa-28,2026,6,18,rafaela-ferreira,campos-racing,tatuus-f4-t421,autotecnica-motori-14t
fa-28,2026,6,19,natalia-granada,prema-racing,tatuus-f4-t421,autotecnica-motori-14t
fa-28,2026,6,6,chiara-battig-wcd,hitech,tatuus-f4-t421,autotecnica-motori-14t
fa-28,2026,6,56,rachel-robertson,hitech,tatuus-f4-t421,autotecnica-motori-14t
fa-28,2026,6,14,lisa-billard,art-grand-prix,tatuus-f4-t421,autotecnica-motori-14t
fa-28,2026,6,91,kaylee-countryman,art-grand-prix,tatuus-f4-t421,autotecnica-motori-14t
fa-28,2026,6,55,ava-dobson,hitech,tatuus-f4-t421,autotecnica-motori-14t
fa-28,2026,6,32,esmee-kosterman,mp-motorsport,tatuus-f4-t421,autotecnica-motori-14t
fa-28,2026,6,28,ella-stevens,rodin-motorsport,tatuus-f4-t421,autotecnica-motori-14t
fa-28,2026,6,77,autumn-fisher-wcd,hitech,tatuus-f4-t421,autotecnica-motori-14t
fa-28,2026,6,15,zoe-florescu-wcd,hitech,tatuus-f4-t421,autotecnica-motori-14t
fa-28,2026,6,95,jade-jacquet,art-grand-prix,tatuus-f4-t421,autotecnica-motori-14t
fa-28,2026,6,24,wei-shi-wcd,hitech,tatuus-f4-t421,autotecnica-motori-14t
