id,name,firstName,lastName,abbreviation,countryCode,nationalityCode,pictureUrl
adam-carroll,Adam Carroll,Adam,Carroll,CAR,gb,GBR,
alex-fontana,Alex Fontana,Alex,Fontana,,ch,CHE,
alex-lynn,Alex Lynn,Alex,Lynn,LYN,gb,GBR,
alexander-sims,Alexander Sims,Alexander,Sims,SIM,gb,GBR,
andre-lotterer,André Lotterer,André,Lotterer,LOT,de,DEU,https://images.ctfassets.net/eag9z2l5md8w/12SGgeOpSZ8ELvZjFa0z3w/646babf92fc8c3e1a3e67c15a4631273/ndDb2Xh0.jpg?w=1200&h=630&fit=crop&f=face
antonio-felix-da-costa,António Félix Da Costa,António Félix Da,Costa,DAC,pt,POR,https://images.ctfassets.net/eag9z2l5md8w/139g2BygGsASmQc1c57LBj/47039d7de1705564829bec5c52ff1c94/fqZGSA3d.jpg?w=1200&h=630&fit=crop&f=face
antonio-garcia,Antonio García,Antonio,García,,es,ESP,
antonio-giovinazzi,Antonio Giovinazzi,Antonio,Giovinazzi,GIO,it,ITA,
brendon-hartley,Brendon Hartley,Brendon,Hartley,HAR,nz,NZL,https://images.ctfassets.net/eag9z2l5md8w/12SGgeOpSZ8ELvZjFa0z3w/646babf92fc8c3e1a3e67c15a4631273/ndDb2Xh0.jpg?w=1200&h=630&fit=crop&f=face
bruno-senna,Bruno Senna,Bruno,Senna,,br,BRA,
caio-collet,Caio Collet,Caio,Collet,COL,br,BRA,
charles-pic,Charles Pic,Charles,Pic,,fr,FRA,
dan-ticktum,Dan Ticktum,Dan,Ticktum,TIC,gb,GBR,https://images.ctfassets.net/eag9z2l5md8w/5OD7Hj2j9Phx2HKhE8j4so/6af4d5525f7139c45a6ae1e4a06b7761/4ZezC9Ed.jpg?w=1200&h=630&fit=crop&f=face
daniel-abt,Daniel Abt,Daniel,Abt,ABT,de,DEU,https://images.ctfassets.net/eag9z2l5md8w/12SGgeOpSZ8ELvZjFa0z3w/646babf92fc8c3e1a3e67c15a4631273/ndDb2Xh0.jpg?w=1200&h=630&fit=crop&f=face
david-beckmann,David Beckmann,David,Beckmann,BEC,de,GER,
edoardo-mortara,Edoardo Mortara,Edoardo,Mortara,MOR,ch,SUI,https://images.ctfassets.net/eag9z2l5md8w/12SGgeOpSZ8ELvZjFa0z3w/646babf92fc8c3e1a3e67c15a4631273/ndDb2Xh0.jpg?w=1200&h=630&fit=crop&f=face
esteban-gutierrez,Esteban Gutiérrez,Esteban,Gutiérrez,,mx,MEX,
fabio-leimer,Fabio Leimer,Fabio,Leimer,,ch,CHE,
felipe-drugovich,Felipe Drugovich,Felipe,Drugovich,DRU,br,BRA,https://images.ctfassets.net/eag9z2l5md8w/1Tw9wVWPVmmmWuYQ1VCUQT/5724773580db70d3b73de0e25a2e892f/BDH01334_V31i3fXC_20251029033317.jpeg?w=1200&h=630&fit=crop&f=face
felipe-massa,Felipe Massa,Felipe,Massa,MAS,br,BRA,https://images.ctfassets.net/eag9z2l5md8w/12SGgeOpSZ8ELvZjFa0z3w/646babf92fc8c3e1a3e67c15a4631273/ndDb2Xh0.jpg?w=1200&h=630&fit=crop&f=face
felipe-nasr,Felipe Nasr,Felipe,Nasr,NAS,br,BRA,
felix-rosenqvist,Felix Rosenqvist,Felix,Rosenqvist,FRO,se,SWE,
franck-montagny,Franck Montagny,Franck,Montagny,,fr,FRA,
gary-paffett,Gary Paffett,Gary,Paffett,PAF,gb,GBR,https://images.ctfassets.net/eag9z2l5md8w/12SGgeOpSZ8ELvZjFa0z3w/646babf92fc8c3e1a3e67c15a4631273/ndDb2Xh0.jpg?w=1200&h=630&fit=crop&f=face
ho-pin-tung,Ho-Pin Tung,Ho-Pin,Tung,,cn,CHN,
jacques-villeneuve,Jacques Villeneuve,Jacques,Villeneuve,,ca,CAN,
jaime-alguersuari,Jaime Alguersuari,Jaime,Alguersuari,,es,ESP,
jake-dennis,Jake Dennis,Jake,Dennis,DEN,gb,GBR,https://images.ctfassets.net/eag9z2l5md8w/3lJXQF9w2Zl3GJA2W3hgoG/d8027d4277ef3887b4e16fc4eb0c023c/dennis-monaco-2023.jpeg?w=1200&h=630&fit=crop&f=face
jake-hughes,Jake Hughes,Jake,Hughes,HUG,gb,GBR,https://images.ctfassets.net/eag9z2l5md8w/12SGgeOpSZ8ELvZjFa0z3w/646babf92fc8c3e1a3e67c15a4631273/ndDb2Xh0.jpg?w=1200&h=630&fit=crop&f=face
james-calado,James Calado,James,Calado,CAL,gb,GBR,https://images.ctfassets.net/eag9z2l5md8w/12SGgeOpSZ8ELvZjFa0z3w/646babf92fc8c3e1a3e67c15a4631273/ndDb2Xh0.jpg?w=1200&h=630&fit=crop&f=face
jarno-trulli,Jarno Trulli,Jarno,Trulli,,it,ITA,
jean-eric-vergne,Jean-Éric Vergne,Jean-Éric,Vergne,JEV,fr,FRA,https://images.ctfassets.net/eag9z2l5md8w/5bCJz5sAwOJM7IKscKcnEJ/78fa01ec6566338fa106a9833d90e869/g5890mH2.jpg?w=1200&h=630&fit=crop&f=face
jehan-daruvala,Jehan Daruvala,Jehan,Daruvala,DAR,in,IND,https://images.ctfassets.net/eag9z2l5md8w/12SGgeOpSZ8ELvZjFa0z3w/646babf92fc8c3e1a3e67c15a4631273/ndDb2Xh0.jpg?w=1200&h=630&fit=crop&f=face
jerome-d-ambrosio,Jérôme D'Ambrosio,Jérôme,D'Ambrosio,DAM,be,BEL,
joel-eriksson,Joel Eriksson,Joel,Eriksson,ERI,se,SWE,https://images.ctfassets.net/eag9z2l5md8w/2kdKE20BlJXjervSJP0um7/306f08e6df8840c672f59a24e05ce98a/_K7A1615-1-.jpg?w=1200&h=630&fit=crop&f=face
jordan-king,Jordan King,Jordan,King,KIN,gb,GBR,
jose-maria-lopez,José María López,José María,López,LOP,ar,ARG,
josep-maria-marti,Josep Maria Martí,Josep Maria,Martí,MAR,es,ESP,https://images.ctfassets.net/eag9z2l5md8w/Wj5lqtxlVZGVOZoozDadi/546db0da79a712609c4931c7e4aafd51/2267367567.jpg?w=1200&h=630&fit=crop&f=face
justin-wilson,Justin Wilson,Justin,Wilson,,gb,GBR,
kamui-kobayashi,Kamui Kobayashi,Kamui,Kobayashi,KOB,mc,MCO,
karun-chandhok,Karun Chandhok,Karun,Chandhok,,in,IND,
katherine-legge,Katherine Legge,Katherine,Legge,,gb,GBR,
kelvin-van-der-linde,Kelvin Van der Linde,Kelvin Van der,Linde,VDL,za,ZAF,https://images.ctfassets.net/eag9z2l5md8w/12SGgeOpSZ8ELvZjFa0z3w/646babf92fc8c3e1a3e67c15a4631273/ndDb2Xh0.jpg?w=1200&h=630&fit=crop&f=face
loic-duval,Loïc Duval,Loïc,Duval,DUV,fr,FRA,
luca-filippi,Luca Filippi,Luca,Filippi,FIL,it,ITA,
lucas-di-grassi,Lucas Di Grassi,Lucas Di,Grassi,DIG,br,BRA,https://images.ctfassets.net/eag9z2l5md8w/5KtoONyHU4Ja57TYNNF4aR/5ed548019291cf337f75c41434caa410/2259219579.jpg?w=1200&h=630&fit=crop&f=face
ma-qinghua,Ma Qinghua,Ma,Qinghua,QMA,cn,CHN,
marco-andretti,Marco Andretti,Marco,Andretti,,us,USA,
maro-engel,Maro Engel,Maro,Engel,ENG,de,DEU,
matthew-brabham,Matthew Brabham,Matthew,Brabham,,us,USA,
maximilian-gunther,Maximilian Günther,Maximilian,Günther,GUE,de,GER,https://images.ctfassets.net/eag9z2l5md8w/4G7qwaTDD9yYtMNLBuqB3s/7dcf09c17525511f2be633c63744c348/JL107978-min.jpg?w=1200&h=630&fit=crop&f=face
michela-cerruti,Michela Cerruti,Michela,Cerruti,,it,ITA,
mike-conway,Mike Conway,Mike,Conway,,gb,GBR,
mitch-evans,Mitch Evans,Mitch,Evans,EVA,nz,NZL,https://images.ctfassets.net/eag9z2l5md8w/3ivezIKYkjkmSt3ISzgpKu/729eb46c7b523a63a3c871a45b679281/Mitch_Evans.jpg?w=1200&h=630&fit=crop&f=face
nathanael-berthon,Nathanaël Berthon,Nathanaël,Berthon,,fr,FRA,
neel-jani,Neel Jani,Neel,Jani,JAN,ch,CHE,https://images.ctfassets.net/eag9z2l5md8w/12SGgeOpSZ8ELvZjFa0z3w/646babf92fc8c3e1a3e67c15a4631273/ndDb2Xh0.jpg?w=1200&h=630&fit=crop&f=face
nelson-piquet-jr,Nelson Piquet Jr.,Nelson Piquet,Jr.,PIQ,br,BRA,https://images.ctfassets.net/eag9z2l5md8w/12SGgeOpSZ8ELvZjFa0z3w/646babf92fc8c3e1a3e67c15a4631273/ndDb2Xh0.jpg?w=1200&h=630&fit=crop&f=face
nick-cassidy,Nick Cassidy,Nick,Cassidy,CAS,nz,NZL,https://images.ctfassets.net/eag9z2l5md8w/4X8GVQguvXB5tsOwcYA8xH/90717561952c2bc449fc00fc0f794f92/2255289958.jpg?w=1200&h=630&fit=crop&f=face
nick-heidfeld,Nick Heidfeld,Nick,Heidfeld,HEI,de,DEU,
nico-muller,Nico Müller,Nico,Müller,MUE,ch,SUI,https://images.ctfassets.net/eag9z2l5md8w/12SGgeOpSZ8ELvZjFa0z3w/646babf92fc8c3e1a3e67c15a4631273/ndDb2Xh0.jpg?w=1200&h=630&fit=crop&f=face
nicolas-prost,Nicolas Prost,Nicolas,Prost,PRO,fr,FRA,
norman-nato,Norman Nato,Norman,Nato,NAT,fr,FRA,https://contentfulproxy.stadion.io/eag9z2l5md8w/2MlELXzRoOtrKWamUEI3xk/6782f0070c3a73fe153b473492575c98/Norman_Nato_Profile.png?q=75&fm=webp&fit=crop&f=face&w=300&h=300
nyck-de-vries,Nyck De Vries,Nyck De,Vries,DEV,nl,NED,https://images.ctfassets.net/eag9z2l5md8w/1mtQQEpF18rmUstbbprPZn/86d552cf9556158e5521e6477753c924/JL209096-min.jpg?w=1200&h=630&fit=crop&f=face
oliver-askew,Oliver Askew,Oliver,Askew,ASK,us,USA,https://images.ctfassets.net/eag9z2l5md8w/12SGgeOpSZ8ELvZjFa0z3w/646babf92fc8c3e1a3e67c15a4631273/ndDb2Xh0.jpg?w=1200&h=630&fit=crop&f=face
oliver-rowland,Oliver Rowland,Oliver,Rowland,ROW,gb,GBR,https://contentfulproxy.stadion.io/eag9z2l5md8w/3WiDfcilpS0L8W2C8FfKE7/7f99141508e3da5d0f117044f0d38c7b/00098f8a-69be-4f84-a7ac-baedcc5f9e9c.png?q=75&fm=webp&fit=fill&f=faces&w=92&h=92
oliver-turvey,Oliver Turvey,Oliver,Turvey,TUR,gb,GBR,https://images.ctfassets.net/eag9z2l5md8w/12SGgeOpSZ8ELvZjFa0z3w/646babf92fc8c3e1a3e67c15a4631273/ndDb2Xh0.jpg?w=1200&h=630&fit=crop&f=face
oriol-servia,Oriol Servià,Oriol,Servià,,es,ESP,
pascal-wehrlein,Pascal Wehrlein,Pascal,Wehrlein,WEH,de,GER,https://images.ctfassets.net/eag9z2l5md8w/6ShDkZqY7prScZdhRUuwdI/acd3cd37b4eaf46932c7f715d79ff4e4/Wehrlein-2024-World-Champion-Formula-E.jpg?w=1200&h=630&fit=crop&f=face
paul-aron,Paul Aron,Paul,Aron,ARO,ee,EST,
pierre-gasly,Pierre Gasly,Pierre,Gasly,GAS,fr,FRA,
rene-rast,René Rast,René,Rast,RAS,de,DEU,https://images.ctfassets.net/eag9z2l5md8w/12SGgeOpSZ8ELvZjFa0z3w/646babf92fc8c3e1a3e67c15a4631273/ndDb2Xh0.jpg?w=1200&h=630&fit=crop&f=face
roberto-merhi,Roberto Merhi,Roberto,Merhi,MER,es,ESP,
robin-frijns,Robin Frijns,Robin,Frijns,FRI,nl,NED,https://images.ctfassets.net/eag9z2l5md8w/12SGgeOpSZ8ELvZjFa0z3w/646babf92fc8c3e1a3e67c15a4631273/ndDb2Xh0.jpg?w=1200&h=630&fit=crop&f=face
sacha-fenestraz,Sacha Fenestraz,Sacha,Fenestraz,FEN,fr,FRA,https://images.ctfassets.net/eag9z2l5md8w/12SGgeOpSZ8ELvZjFa0z3w/646babf92fc8c3e1a3e67c15a4631273/ndDb2Xh0.jpg?w=1200&h=630&fit=crop&f=face
sakon-yamamoto,Sakon Yamamoto,Sakon,Yamamoto,,jp,JPN,
salvador-duran,Salvador Durán,Salvador,Durán,,mx,MEX,
sam-bird,Sam Bird,Sam,Bird,BIR,gb,GBR,https://images.ctfassets.net/eag9z2l5md8w/12SGgeOpSZ8ELvZjFa0z3w/646babf92fc8c3e1a3e67c15a4631273/ndDb2Xh0.jpg?w=1200&h=630&fit=crop&f=face
scott-speed,Scott Speed,Scott,Speed,,us,USA,
sebastien-buemi,Sébastien Buemi,Sébastien,Buemi,BUE,ch,SUI,https://images.ctfassets.net/eag9z2l5md8w/6KgiLRSqniJjwIQr3JEXqm/f3c2f2bcb5d2515e22a67f9a2fb25094/D07ZwSWw.jpg?w=1200&h=630&fit=crop&f=face
sergio-sette-camara,Sérgio Sette Câmara,Sérgio Sette,Câmara,SET,br,BRA,https://images.ctfassets.net/eag9z2l5md8w/12SGgeOpSZ8ELvZjFa0z3w/646babf92fc8c3e1a3e67c15a4631273/ndDb2Xh0.jpg?w=1200&h=630&fit=crop&f=face
simona-de-silvestro,Simona de Silvestro,Simona de,Silvestro,,ch,CHE,
stephane-sarrazin,Stéphane Sarrazin,Stéphane,Sarrazin,SAR,fr,FRA,
stoffel-vandoorne,Stoffel Vandoorne,Stoffel,Vandoorne,VAN,be,BEL,https://images.ctfassets.net/eag9z2l5md8w/12SGgeOpSZ8ELvZjFa0z3w/646babf92fc8c3e1a3e67c15a4631273/ndDb2Xh0.jpg?w=1200&h=630&fit=crop&f=face
takuma-sato,Takuma Sato,Takuma,Sato,,jp,JPN,
taylor-barnard,Taylor Barnard,Taylor,Barnard,BAR,gb,GBR,https://images.ctfassets.net/eag9z2l5md8w/12SGgeOpSZ8ELvZjFa0z3w/646babf92fc8c3e1a3e67c15a4631273/ndDb2Xh0.jpg?w=1200&h=630&fit=crop&f=face
tom-blomqvist,Tom Blomqvist,Tom,Blomqvist,BLO,gb,GBR,https://images.ctfassets.net/eag9z2l5md8w/12SGgeOpSZ8ELvZjFa0z3w/646babf92fc8c3e1a3e67c15a4631273/ndDb2Xh0.jpg?w=1200&h=630&fit=crop&f=face
tom-dillmann,Tom Dillmann,Tom,Dillmann,DIL,fr,FRA,
vitantonio-liuzzi,Vitantonio Liuzzi,Vitantonio,Liuzzi,,it,ITA,
zane-maloney,Zane Maloney,Zane,Maloney,MAL,bb,BAR,https://images.ctfassets.net/eag9z2l5md8w/7lM3pUJxWNwwx9ttCaTktT/70c7e5ec76d44b04f75841a8fce9dea7/BA018776_N4gJBpvP_20251206125229.jpeg?w=1200&h=630&fit=crop&f=face
