id,seasonId,classId,carNumber,teamId,manufacturerId,carModelId,championshipEligible
wec-2012-lmp1-2,wec-2012,wec-2012-lmp1,2,audi-sport-team-joest,audi,audi-r18-e-tron-quattro,true
wec-2012-lmp1-3,wec-2012,wec-2012-lmp1,3,audi-sport-team-joest,audi,audi-r18-ultra,true
wec-2012-lmp2-44,wec-2012,wec-2012-lmp2,44,starworks-motorsports,hpd,hpd-arx-03b-honda,true
wec-2012-lmp2-24,wec-2012,wec-2012-lmp2,24,oak-racing,morgan,morgan-nissan,true
wec-2012-lmp1-16,wec-2012,wec-2012-lmp1,16,pescarolo-team,pescarolo,pescarolo-03-judd,true
wec-2012-lmp2-49,wec-2012,wec-2012-lmp2,49,pecom-racing,oreca,oreca-03-nissan,true
wec-2012-lmp2-41,wec-2012,wec-2012-lmp2,41,greaves-motorsport,zytek,zytek-z11sn-nissan,true
wec-2012-lmp1-21,wec-2012,wec-2012-lmp1,21,strakka-racing,hpd,hpd-arx-03a-honda,true
wec-2012-lmp2-25,wec-2012,wec-2012-lmp2,25,adr-delta,oreca,oreca-03-nissan,true
wec-2012-lmp2-31,wec-2012,wec-2012-lmp2,31,lotus,lola,lola-b12-80-coupe-lotus,true
wec-2012-lmp1-1,wec-2012,wec-2012-lmp1,1,audi-sport-team-joest,audi,audi-r18-e-tron-quattro,true
wec-2012-lmp1-22,wec-2012,wec-2012-lmp1,22,jrm,hpd,hpd-arx-03a-honda,true
wec-2012-lmgte-pro-71,wec-2012,wec-2012-lmgte-pro,71,af-corse,ferrari,ferrari-f458-italia,true
wec-2012-lmgte-pro-77,wec-2012,wec-2012-lmgte-pro,77,team-felbermayr-proton,porsche,porsche-911-rsr-997,true
wec-2012-lmgte-am-88,wec-2012,wec-2012-lmgte-am,88,team-felbermayr-proton,porsche,porsche-911-rsr-997,true
wec-2012-lmgte-am-70,wec-2012,wec-2012-lmgte-am,70,larbre-competition,chevrolet,chevrolet-corvette-c6-zr1,true
wec-2012-lmp1-12,wec-2012,wec-2012-lmp1,12,rebellion-racing,lola,lola-b12-60-coupe-toyota,true
wec-2012-lmgte-pro-97,wec-2012,wec-2012-lmgte-pro,97,aston-martin-racing,aston-martin,aston-martin-vantage-v8,true
wec-2012-lmp1-13,wec-2012,wec-2012-lmp1,13,rebellion-racing,lola,lola-b12-60-coupe-toyota,true
wec-2012-lmgte-am-50,wec-2012,wec-2012-lmgte-am,50,larbre-competition,chevrolet,chevrolet-corvette-c6-zr1,true
wec-2012-lmgte-am-61,wec-2012,wec-2012-lmgte-am,61,af-corse-waltrip,ferrari,ferrari-f458-italia,true
wec-2012-lmp2-28,wec-2012,wec-2012-lmp2,28,gulf-racing-middle-east,lola,lola-b12-80-coupe-nissan,true
wec-2012-lmgte-am-57,wec-2012,wec-2012-lmgte-am,57,krohn-racing,ferrari,ferrari-f458-italia,true
wec-2012-lmgte-am-55,wec-2012,wec-2012-lmgte-am,55,jwa-avila,porsche,porsche-911-rsr-997,true
wec-2012-lmp1-15,wec-2012,wec-2012-lmp1,15,oak-racing,oak,oak-pescarolo-honda,true
wec-2012-lmp2-23,wec-2012,wec-2012-lmp2,23,signatech-nissan,oreca,oreca-03-nissan,true
wec-2012-lmgte-pro-59,wec-2012,wec-2012-lmgte-pro,59,luxury-racing,ferrari,ferrari-458-italia,true
wec-2012-lmgte-am-58,wec-2012,wec-2012-lmgte-am,58,luxury-racing,ferrari,ferrari-458-italia,true
wec-2012-lmgte-pro-51,wec-2012,wec-2012-lmgte-pro,51,af-corse,ferrari,ferrari-f458-italia,true
wec-2012-lmp1-4,wec-2012,wec-2012-lmp1,4,audi-sport-north-america,audi,audi-r18-ultra,true
wec-2012-lmp2-38,wec-2012,wec-2012-lmp2,38,jota,zytek,zytek-z11sn-nissan,true
wec-2012-lmp2-48,wec-2012,wec-2012-lmp2,48,murphy-prototypes,oreca,oreca-03-nissan,true
wec-2012-lmp2-35,wec-2012,wec-2012-lmp2,35,oak-racing,morgan,morgan-nissan,true
wec-2012-lmp2-45,wec-2012,wec-2012-lmp2,45,boutsen-ginion-racing,oreca,oreca-03-nissan,true
wec-2012-lmp1-17,wec-2012,wec-2012-lmp1,17,pescarolo-team,dome,dome-judd,true
wec-2012-lmgte-am-67,wec-2012,wec-2012-lmgte-am,67,imsa-performance-matmut,porsche,porsche-911-rsr-997,true
wec-2012-lmp2-29,wec-2012,wec-2012-lmp2,29,gulf-racing-middle-east,lola,lola-b12-80-coupe-nissan,true
wec-2012-lmgte-am-81,wec-2012,wec-2012-lmgte-am,81,af-corse,ferrari,ferrari-458-italia,true
wec-2012-lmp2-32,wec-2012,wec-2012-lmp2,32,lotus,lola,lola-b12-80-coupe-lotus,true
wec-2012-lmp2-26,wec-2012,wec-2012-lmp2,26,signatech-nissan,oreca,oreca-03-nissan,true
wec-2012-lmp2-43,wec-2012,wec-2012-lmp2,43,extreme-limit-aric,norma,norma-mp-2000-judd,true
wec-2012-lmp2-40,wec-2012,wec-2012-lmp2,40,race-performance,oreca,oreca-03-judd,true
wec-2012-lmp2-30,wec-2012,wec-2012-lmp2,30,status-gp,lola,lola-b12-80-coupe-judd,true
wec-2012-lmp2-46,wec-2012,wec-2012-lmp2,46,thiriet-by-tds-racing,oreca,oreca-03-nissan,false
wec-2012-lmp2-42,wec-2012,wec-2012-lmp2,42,greaves-motorsport,zytek,zytek-z11sn-nissan,true
wec-2012-lmgte-pro-73,wec-2012,wec-2012-lmgte-pro,73,corvette-racing,chevrolet,chevrolet-corvette-c6-zr1,false
wec-2012-lmgte-am-79,wec-2012,wec-2012-lmgte-am,79,flying-lizard-motorsports,porsche,porsche-911-rsr-997,false
wec-2012-lmgte-am-83,wec-2012,wec-2012-lmgte-am,83,jmb-racing,ferrari,ferrari-458-italia,false
wec-2012-lmgte-pro-74,wec-2012,wec-2012-lmgte-pro,74,corvette-racing,chevrolet,chevrolet-corvette-c6-zr1,false
wec-2012-lmp2-33,wec-2012,wec-2012-lmp2,33,level-5-motorsport,hpd,hpd-arx-03b-honda,false
wec-2012-lmgte-pro-66,wec-2012,wec-2012-lmgte-pro,66,jmw-motorsport,ferrari,ferrari-f458-italia,true
wec-2012-lmgte-am-75,wec-2012,wec-2012-lmgte-am,75,prospeed-competition,porsche,porsche-911-rsr-997,false
wec-2012-lmp1-7,wec-2012,wec-2012-lmp1,7,toyota-racing,toyota,toyota-ts030-hybrid,true
wec-2012-lmgte-pro-80,wec-2012,wec-2012-lmgte-pro,80,flying-lizard-motorsports,porsche,porsche-911-rsr-997,false
wec-2012-lmp1-8,wec-2012,wec-2012-lmp1,8,toyota-racing,toyota,toyota-ts-030-hybrid,false
wec-2012-cdnt-0,wec-2012,wec-2012-cdnt,0,highcroft-racing,delta,delta-wing-nissan,false
wec-2012-lmgte-am-99,wec-2012,wec-2012-lmgte-am,99,aston-martin-racing,aston-martin,aston-martin-vantage-v8,true
wec-2012-lmgte-am-98,wec-2012,wec-2012-lmgte-am,98,aston-martin-racing,aston-martin,aston-martin-vantage-v8,false
wec-2013-lmp1-2,wec-2013,wec-2013-lmp1,2,audi-sport-team-joest,audi,audi-r18-e-tron-quattro,true
wec-2013-lmp1-1,wec-2013,wec-2013-lmp1,1,audi-sport-team-joest,audi,audi-r18-e-tron-quattro,true
wec-2013-lmp1-8,wec-2013,wec-2013-lmp1,8,toyota-racing,toyota,toyota-ts030-hybrid,true
wec-2013-lmp1-7,wec-2013,wec-2013-lmp1,7,toyota-racing,toyota,toyota-ts030-hybrid,true
wec-2013-lmp1-12,wec-2013,wec-2013-lmp1,12,rebellion-racing,lola,lola-b12-60-coupe-toyota,true
wec-2013-lmp1-13,wec-2013,wec-2013-lmp1,13,rebellion-racing,lola,lola-b12-60-coupe-toyota,true
wec-2013-lmp2-25,wec-2013,wec-2013-lmp2,25,delta-adr,oreca,oreca-03-nissan,true
wec-2013-lmp2-24,wec-2013,wec-2013-lmp2,24,oak-racing,morgan,morgan-nissan,true
wec-2013-lmp2-49,wec-2013,wec-2013-lmp2,49,pecom-racing,oreca,oreca-03-nissan,true
wec-2013-lmp2-35,wec-2013,wec-2013-lmp2,35,oak-racing,morgan,morgan-nissan,true
wec-2013-lmp2-41,wec-2013,wec-2013-lmp2,41,greaves-motorsport,zytek,zytek-z11sn-nissan,true
wec-2013-lmp2-47,wec-2013,wec-2013-lmp2,47,kcmg,morgan,morgan-nissan,true
wec-2013-lmp2-26,wec-2013,wec-2013-lmp2,26,g-drive-racing,oreca,oreca-03-nissan,true
wec-2013-lmgte-pro-97,wec-2013,wec-2013-lmgte-pro,97,aston-martin-racing,aston-martin,aston-martin-vantage-v8,true
wec-2013-lmgte-pro-71,wec-2013,wec-2013-lmgte-pro,71,af-corse,ferrari,ferrari-f458-italia,true
wec-2013-lmgte-pro-99,wec-2013,wec-2013-lmgte-pro,99,aston-martin-racing,aston-martin,aston-martin-vantage-v8,true
wec-2013-lmgte-pro-92,wec-2013,wec-2013-lmgte-pro,92,porsche-ag-team-manthey,porsche,porsche-911-rsr,true
wec-2013-lmgte-pro-51,wec-2013,wec-2013-lmgte-pro,51,af-corse,ferrari,ferrari-f458-italia,true
wec-2013-lmgte-am-95,wec-2013,wec-2013-lmgte-am,95,aston-martin-racing,aston-martin,aston-martin-vantage-v8,true
wec-2013-lmgte-pro-91,wec-2013,wec-2013-lmgte-pro,91,porsche-ag-team-manthey,porsche,porsche-911-rsr,true
wec-2013-lmgte-am-50,wec-2013,wec-2013-lmgte-am,50,larbre-competition,chevrolet,chevrolet-corvette-c6-zr1,true
wec-2013-lmgte-am-81,wec-2013,wec-2013-lmgte-am,81,8-star-motorsports,ferrari,ferrari-f458-italia,true
wec-2013-lmgte-am-96,wec-2013,wec-2013-lmgte-am,96,aston-martin-racing,aston-martin,aston-martin-vantage-v8,true
wec-2013-lmgte-am-88,wec-2013,wec-2013-lmgte-am,88,proton-competition,porsche,porsche-911-gt3-rsr,true
wec-2013-lmgte-am-57,wec-2013,wec-2013-lmgte-am,57,krohn-racing,ferrari,ferrari-f458-italia,true
wec-2013-lmgte-am-76,wec-2013,wec-2013-lmgte-am,76,imsa-performance-matmut,porsche,porsche-911-gt3-rsr,true
wec-2013-lmp2-45,wec-2013,wec-2013-lmp2,45,oak-racing,morgan,morgan-nissan,true
wec-2013-lmgte-am-61,wec-2013,wec-2013-lmgte-am,61,af-corse,ferrari,ferrari-f458-italia,true
wec-2013-lmp2-32,wec-2013,wec-2013-lmp2,32,lotus,lotus,lotus-t128,true
wec-2013-lmp1-21,wec-2013,wec-2013-lmp1,21,strakka-racing,hpd,hpd-arx-03c-honda,true
wec-2013-lmp2-31,wec-2013,wec-2013-lmp2,31,lotus,lotus,lotus-t128,true
wec-2013-lmp1-3,wec-2013,wec-2013-lmp1,3,audi-sport-team-joest,audi,audi-r18-e-tron-quattro,true
wec-2013-lmp2-38,wec-2013,wec-2013-lmp2,38,jota-sport,zytek,zytek-z11sn-nissan,true
wec-2013-lmgte-pro-98,wec-2013,wec-2013-lmgte-pro,98,aston-martin-racing,aston-martin,aston-martin-vantage-v8,true
wec-2013-lmp2-28,wec-2013,wec-2013-lmp2,28,gulf-racing-middle-east,lola,lola-b12-80-coupe-nissan,true
wec-2013-lmgte-am-54,wec-2013,wec-2013-lmgte-am,54,af-corse,ferrari,ferrari-458-italia,true
wec-2013-lmp2-42,wec-2013,wec-2013-lmp2,42,greaves-motorsport,zytek,zytek-z11sn-nissan,false
wec-2013-lmp2-43,wec-2013,wec-2013-lmp2,43,morand-racing,morgan,morgan-judd,false
wec-2013-lmp2-48,wec-2013,wec-2013-lmp2,48,murphy-prototypes,oreca,oreca-03-nissan,false
wec-2013-lmp2-36,wec-2013,wec-2013-lmp2,36,signatech-alpine,alpine,alpine-nissan,false
wec-2013-lmp2-34,wec-2013,wec-2013-lmp2,34,race-performance,oreca,oreca-03-judd,false
wec-2013-lmgte-pro-73,wec-2013,wec-2013-lmgte-pro,73,corvette-racing,chevrolet,chevrolet-corvette-c6-zr1,false
wec-2013-lmgte-pro-74,wec-2013,wec-2013-lmgte-pro,74,corvette-racing,chevrolet,chevrolet-corvette-c6-zr1,false
wec-2013-lmgte-pro-53,wec-2013,wec-2013-lmgte-pro,53,srt-motorsports,viper,viper-gts-r,false
wec-2013-lmgte-am-55,wec-2013,wec-2013-lmgte-am,55,af-corse,ferrari,ferrari-458-italia,false
wec-2013-lmgte-am-77,wec-2013,wec-2013-lmgte-am,77,dempsey-del-piero-proton,porsche,porsche-911-gt3-rsr,false
wec-2013-lmgte-pro-93,wec-2013,wec-2013-lmgte-pro,93,srt-motorsports,viper,viper-gts-r,false
wec-2013-lmp2-40,wec-2013,wec-2013-lmp2,40,boutsen-ginion-racing,oreca,oreca-03-nissan,false
wec-2013-lmgte-am-67,wec-2013,wec-2013-lmgte-am,67,imsa-performance-matmut,porsche,porsche-911-gt3-rsr,false
wec-2013-lmgte-pro-66,wec-2013,wec-2013-lmgte-pro,66,jmw-motorsport,ferrari,ferrari-458-italia,false
wec-2013-lmgte-am-75,wec-2013,wec-2013-lmgte-am,75,prospeed-racing,porsche,porsche-911-gt3-rsr,false
wec-2013-lmp2-39,wec-2013,wec-2013-lmp2,39,dkr-engineering,lola,lola-b11-40-judd,false
wec-2013-lmgte-am-70,wec-2013,wec-2013-lmgte-am,70,larbre-competition,chevrolet,chevrolet-corvette-c6-zr1,false
wec-2013-lmp2-33,wec-2013,wec-2013-lmp2,33,level-5-motorsports,hpd,hpd-arx-03b-honda,false
wec-2013-lmp2-46,wec-2013,wec-2013-lmp2,46,thiriet-by-tds-racing,oreca,oreca-03-nissan,false
wec-2013-lmp2-30,wec-2013,wec-2013-lmp2,30,hvm-status-gp,lola,lola-b12-80-coupe-judd,false
wec-2013-lmp2-27,wec-2013,wec-2013-lmp2,27,gainer-international,zytek,zytek-z11sn-nissan,false
wec-2014-lmp1-8,wec-2014,wec-2014-lmp1,8,toyota-racing,toyota,toyota-ts-040-hybrid,true
wec-2014-lmp1-7,wec-2014,wec-2014-lmp1,7,toyota-racing,toyota,toyota-ts-040-hybrid,true
wec-2014-lmp1-20,wec-2014,wec-2014-lmp1,20,porsche-team,porsche,porsche-919-hybrid,true
wec-2014-lmp1-12,wec-2014,wec-2014-lmp1,12,rebellion-racing,rebellion,rebellion-r-one-toyota,true
wec-2014-lmp2-26,wec-2014,wec-2014-lmp2,26,g-drive-racing,ligier,ligier-js-p2-nissan,true
wec-2014-lmp2-47,wec-2014,wec-2014-lmp2,47,kcmg,oreca,oreca-03r-nissan,true
wec-2014-lmgte-pro-92,wec-2014,wec-2014-lmgte-pro,92,porsche-team-manthey,porsche,porsche-911-rsr,true
wec-2014-lmgte-pro-91,wec-2014,wec-2014-lmgte-pro,91,porsche-team-manthey,porsche,porsche-911-rsr,true
wec-2014-lmgte-pro-97,wec-2014,wec-2014-lmgte-pro,97,aston-martin-racing,aston-martin,aston-martin-vantage-v8,true
wec-2014-lmgte-pro-51,wec-2014,wec-2014-lmgte-pro,51,af-corse,ferrari,ferrari-f458-italia,true
wec-2014-lmgte-pro-71,wec-2014,wec-2014-lmgte-pro,71,af-corse,ferrari,ferrari-f458-italia,true
wec-2014-lmgte-pro-52,wec-2014,wec-2014-lmgte-pro,52,ram-racing,ferrari,ferrari-458-italia,true
wec-2014-lmp2-27,wec-2014,wec-2014-lmp2,27,smp-racing,oreca,oreca-03r-nissan,true
wec-2014-lmgte-pro-99,wec-2014,wec-2014-lmgte-pro,99,aston-martin-racing,aston-martin,aston-martin-vantage-v8,true
wec-2014-lmgte-am-95,wec-2014,wec-2014-lmgte-am,95,aston-martin-racing,aston-martin,aston-martin-vantage-v8,true
wec-2014-lmgte-am-98,wec-2014,wec-2014-lmgte-am,98,aston-martin-racing,aston-martin,aston-martin-vantage-v8,true
wec-2014-lmgte-am-81,wec-2014,wec-2014-lmgte-am,81,af-corse,ferrari,ferrari-f458-italia,true
wec-2014-lmgte-am-88,wec-2014,wec-2014-lmgte-am,88,proton-competition,porsche,porsche-911-rsr,true
wec-2014-lmgte-am-53,wec-2014,wec-2014-lmgte-am,53,ram-racing,ferrari,ferrari-458-italia,true
wec-2014-lmgte-am-61,wec-2014,wec-2014-lmgte-am,61,af-corse,ferrari,ferrari-f458-italia,true
wec-2014-lmp1-2,wec-2014,wec-2014-lmp1,2,audi-sport-team-joest,audi,audi-r18-e-tron-quattro,true
wec-2014-lmgte-am-75,wec-2014,wec-2014-lmgte-am,75,prospeed-competition,porsche,porsche-911-rsr,true
wec-2014-lmp2-37,wec-2014,wec-2014-lmp2,37,smp-racing,oreca,oreca-03r-nissan,true
wec-2014-lmp1-14,wec-2014,wec-2014-lmp1,14,porsche-team,porsche,porsche-919-hybrid,true
wec-2014-lmp1-13,wec-2014,wec-2014-lmp1,13,rebellion-racing,rebellion,rebellion-r-one-toyota,true
wec-2014-lmp1-1,wec-2014,wec-2014-lmp1,1,audi-sport-team-joest,audi,audi-r18-e-tron-quattro,true
wec-2014-lmgte-am-90,wec-2014,wec-2014-lmgte-am,90,8-star-motorsports,ferrari,ferrari-f458-italia,true
wec-2014-lmp1-3,wec-2014,wec-2014-lmp1,3,audi-sport-team-joest,audi,audi-r18-e-tron-quattro,true
wec-2014-lmp2-38,wec-2014,wec-2014-lmp2,38,jota-sport,zytek,zytek-z11sn-nissan,true
wec-2014-lmgte-am-60,wec-2014,wec-2014-lmgte-am,60,af-corse,ferrari,ferrari-458-italia,true
wec-2014-lmp2-46,wec-2014,wec-2014-lmp2,46,thiriet-by-tds-racing,ligier,ligier-js-p2-nissan,false
wec-2014-lmp2-36,wec-2014,wec-2014-lmp2,36,signatech-alpine,alpine,alpine-a450b-nissan,false
wec-2014-lmp2-24,wec-2014,wec-2014-lmp2,24,sebastien-loeb-racing,oreca,oreca-03r-nissan,false
wec-2014-lmp2-35,wec-2014,wec-2014-lmp2,35,oak-racing,morgan,morgan-judd,true
wec-2014-lmp2-43,wec-2014,wec-2014-lmp2,43,newblood-by-morand-racing,morgan,morgan-judd,false
wec-2014-lmp2-33,wec-2014,wec-2014-lmp2,33,oak-racing-team-asia,ligier,ligier-js-p2-hpd,false
wec-2014-lmp2-34,wec-2014,wec-2014-lmp2,34,race-performance,oreca,oreca-03r-judd,false
wec-2014-lmp2-50,wec-2014,wec-2014-lmp2,50,larbre-competition,morgan,morgan-judd,false
wec-2014-lmgte-pro-73,wec-2014,wec-2014-lmgte-pro,73,corvette-racing,chevrolet,chevrolet-corvette-c7,false
wec-2014-lmp2-29,wec-2014,wec-2014-lmp2,29,pegasus-racing,morgan,morgan-nissan,false
wec-2014-lmgte-pro-74,wec-2014,wec-2014-lmgte-pro,74,corvette-racing,chevrolet,chevrolet-corvette-c7,false
wec-2014-lmgte-am-77,wec-2014,wec-2014-lmgte-am,77,dempsey-racing-proton,porsche,porsche-911-rsr,false
wec-2014-lmp2-42,wec-2014,wec-2014-lmp2,42,caterham-racing,zytek,zytek-z11sn-nissan,false
wec-2014-lmgte-am-66,wec-2014,wec-2014-lmgte-am,66,jmw-motorsport,ferrari,ferrari-458-italia,false
wec-2014-lmgte-am-70,wec-2014,wec-2014-lmgte-am,70,team-taisan,ferrari,ferrari-458-italia,false
wec-2014-lmgte-am-58,wec-2014,wec-2014-lmgte-am,58,team-sofrev-asp,ferrari,ferrari-458-italia,false
wec-2014-lmgte-am-57,wec-2014,wec-2014-lmgte-am,57,krohn-racing,ferrari,ferrari-458-italia,true
wec-2014-lmgte-am-76,wec-2014,wec-2014-lmgte-am,76,imsa-performance-matmut,porsche,porsche-911-gt3-rsr,false
wec-2014-lmgte-pro-79,wec-2014,wec-2014-lmgte-pro,79,prospeed-competition,porsche,porsche-911-gt3-rsr,false
wec-2014-lmgte-am-67,wec-2014,wec-2014-lmgte-am,67,imsa-performance-matmut,porsche,porsche-911-gt3-rsr,false
wec-2014-lmgte-am-62,wec-2014,wec-2014-lmgte-am,62,af-corse,ferrari,ferrari-458-italia,false
wec-2014-lmgte-am-72,wec-2014,wec-2014-lmgte-am,72,smp-racing,ferrari,ferrari-458-italia,false
wec-2014-lmp2-48,wec-2014,wec-2014-lmp2,48,murphy-prototypes,oreca,oreca-03r-nissan,false
wec-2014-lmp2-41,wec-2014,wec-2014-lmp2,41,greaves-motorsport,zytek,zytek-z11sn-nissan,false
wec-2014-cdnt-0,wec-2014,wec-2014-cdnt,0,nissan-motorsports-global,nissan,nissan-zeod-rc,false
wec-2014-lmp2-30,wec-2014,wec-2014-lmp2,30,extreme-speed-motorsports,hpd,hpd-arx-03b-honda,true
wec-2014-lmp1-9,wec-2014,wec-2014-lmp1,9,lotus,clm,clm-p1-01-aer,true
wec-2014-lmgte-pro-65,wec-2014,wec-2014-lmgte-pro,65,corvette-racing,chevrolet,corvette-c7-r,false
wec-2014-lmp2-31,wec-2014,wec-2014-lmp2,31,extreme-speed-motorsports,hpd,hpd-arx-03b-honda,false
wec-2015-lmp1-7,wec-2015,wec-2015-lmp1,7,audi-sport-team-joest,audi,audi-r18-e-tron-quattro,true
wec-2015-lmp1-18,wec-2015,wec-2015-lmp1,18,porsche-team,porsche,porsche-919-hybrid,true
wec-2015-lmp1-1,wec-2015,wec-2015-lmp1,1,toyota-racing,toyota,toyota-ts-040-hybrid,true
wec-2015-lmp1-2,wec-2015,wec-2015-lmp1,2,toyota-racing,toyota,toyota-ts-040-hybrid,true
wec-2015-lmp1-8,wec-2015,wec-2015-lmp1,8,audi-sport-team-joest,audi,audi-r18-e-tron-quattro,true
wec-2015-lmp2-26,wec-2015,wec-2015-lmp2,26,g-drive-racing,ligier,ligier-js-p2-nissan,true
wec-2015-lmp2-28,wec-2015,wec-2015-lmp2,28,g-drive-racing,ligier,ligier-js-p2-nissan,true
wec-2015-lmp2-42,wec-2015,wec-2015-lmp2,42,strakka-racing,gibson,gibson-015s-nissan,true
wec-2015-lmgte-pro-51,wec-2015,wec-2015-lmgte-pro,51,af-corse,ferrari,ferrari-f458-italia,true
wec-2015-lmgte-pro-91,wec-2015,wec-2015-lmgte-pro,91,porsche-team-manthey,porsche,porsche-911-rsr,true
wec-2015-lmgte-pro-71,wec-2015,wec-2015-lmgte-pro,71,af-corse,ferrari,ferrari-f458-italia,true
wec-2015-lmgte-pro-95,wec-2015,wec-2015-lmgte-pro,95,aston-martin-racing,aston-martin,aston-martin-vantage-v8,true
wec-2015-lmgte-pro-97,wec-2015,wec-2015-lmgte-pro,97,aston-martin-racing,aston-martin,aston-martin-vantage-v8,true
wec-2015-lmgte-pro-99,wec-2015,wec-2015-lmgte-pro,99,aston-martin-racing-v8,aston-martin,aston-martin-vantage-v8,true
wec-2015-lmgte-pro-92,wec-2015,wec-2015-lmgte-pro,92,porsche-team-manthey,porsche,porsche-911-rsr,true
wec-2015-lmgte-am-98,wec-2015,wec-2015-lmgte-am,98,aston-martin-racing,aston-martin,aston-martin-vantage-v8,true
wec-2015-lmgte-am-83,wec-2015,wec-2015-lmgte-am,83,af-corse,ferrari,ferrari-f458-italia,true
wec-2015-lmgte-am-72,wec-2015,wec-2015-lmgte-am,72,smp-racing,ferrari,ferrari-f458-italia,true
wec-2015-lmp2-47,wec-2015,wec-2015-lmp2,47,kcmg,oreca,oreca-05-nissan,true
wec-2015-lmgte-am-96,wec-2015,wec-2015-lmgte-am,96,aston-martin-racing,aston-martin,aston-martin-vantage-v8,true
wec-2015-lmgte-am-88,wec-2015,wec-2015-lmgte-am,88,abu-dhabi-proton-racing,porsche,porsche-911-rsr,true
wec-2015-lmp2-35,wec-2015,wec-2015-lmp2,35,oak-racing,ligier,ligier-js-p2-nissan,true
wec-2015-lmgte-am-77,wec-2015,wec-2015-lmgte-am,77,dempsey-proton-racing,porsche,porsche-911-rsr,true
wec-2015-lmp2-31,wec-2015,wec-2015-lmp2,31,extreme-speed-motorsports,ligier,ligier-js-p2-hpd,true
wec-2015-lmgte-am-50,wec-2015,wec-2015-lmgte-am,50,larbre-competition,chevrolet,chevrolet-corvette-c7,true
wec-2015-lmp1-4,wec-2015,wec-2015-lmp1,4,team-bykolles,clm,clm-p1-01-aer,true
wec-2015-lmp1-17,wec-2015,wec-2015-lmp1,17,porsche-team,porsche,porsche-919-hybrid,true
wec-2015-lmp2-36,wec-2015,wec-2015-lmp2,36,signatech-alpine,alpine,alpine-a450b-nissan,true
wec-2015-lmp2-30,wec-2015,wec-2015-lmp2,30,extreme-speed-motorsports,ligier,ligier-js-p2-hpd,true
wec-2015-lmp1-9,wec-2015,wec-2015-lmp1,9,audi-sport-team-joest,audi,audi-r18-e-tron-quattro,true
wec-2015-lmp1-19,wec-2015,wec-2015-lmp1,19,porsche-team,porsche,porsche-919-hybrid,true
wec-2015-lmp2-38,wec-2015,wec-2015-lmp2,38,jota-sport,gibson,gibson-015s-nissan,true
wec-2015-lmp2-43,wec-2015,wec-2015-lmp2,43,team-sard-morand,morgan,morgan-evo-sard,true
wec-2015-lmgte-am-55,wec-2015,wec-2015-lmgte-am,55,af-corse,ferrari,ferrari-458-italia,true
wec-2015-lmp2-48,wec-2015,wec-2015-lmp2,48,murphy-prototypes,oreca,oreca-03r-nissan,false
wec-2015-lmp2-27,wec-2015,wec-2015-lmp2,27,smp-racing,br01,br01-nissan,false
wec-2015-lmp2-45,wec-2015,wec-2015-lmp2,45,ibanez-racing,oreca,oreca-03r-nissan,false
wec-2015-lmgte-pro-64,wec-2015,wec-2015-lmgte-pro,64,corvette-racing-gm,chevrolet,chevrolet-corvette-c7r,false
wec-2015-lmp1-13,wec-2015,wec-2015-lmp1,13,rebellion-racing,rebellion,rebellion-r-one-aer,true
wec-2015-lmp2-29,wec-2015,wec-2015-lmp2,29,pegasus-racing,morgan,morgan-nissan,true
wec-2015-lmp1-12,wec-2015,wec-2015-lmp1,12,rebellion-racing,rebellion,rebellion-r-one-aer,true
wec-2015-lmgte-am-62,wec-2015,wec-2015-lmgte-am,62,scuderia-corsa,ferrari,ferrari-458-italia,false
wec-2015-lmgte-am-61,wec-2015,wec-2015-lmgte-am,61,af-corse,ferrari,ferrari-458-italia,false
wec-2015-lmp2-40,wec-2015,wec-2015-lmp2,40,krohn-racing,ligier,ligier-js-p2-judd,false
wec-2015-lmp2-37,wec-2015,wec-2015-lmp2,37,smp-racing,br01,br01-nissan,false
wec-2015-lmgte-am-68,wec-2015,wec-2015-lmgte-am,68,team-aai,porsche,porsche-911-rsr,false
wec-2015-lmgte-am-66,wec-2015,wec-2015-lmgte-am,66,jmw-motorsport,ferrari,ferrari-458-italia,false
wec-2015-lmgte-am-67,wec-2015,wec-2015-lmgte-am,67,team-aai,porsche,porsche-911-gt3-rsr-997,false
wec-2015-lmp1-22,wec-2015,wec-2015-lmp1,22,nissan-motorsports,nissan,nissan-gt-r-lm-nismo,false
wec-2015-lmp2-34,wec-2015,wec-2015-lmp2,34,oak-racing,ligier,ligier-js-p2-hpd,false
wec-2015-lmgte-am-53,wec-2015,wec-2015-lmgte-am,53,riley-motorsports-ti-auto,srt,srt-viper-gts-r,false
wec-2015-lmp1-23,wec-2015,wec-2015-lmp1,23,nissan-motorsports,nissan,nissan-gt-r-lm-nismo,false
wec-2015-lmp2-46,wec-2015,wec-2015-lmp2,46,thiriet-by-tds-racing,oreca,oreca-05-nissan,false
wec-2015-lmp1-21,wec-2015,wec-2015-lmp1,21,nissan-motorsports,nissan,nissan-gt-r-lm-nismo,false
wec-2015-lmp2-41,wec-2015,wec-2015-lmp2,41,greaves-motorsport,gibson,gibson-015s-nissan,false
wec-2015-lmgte-pro-63,wec-2015,wec-2015-lmgte-pro,63,corvette-racing-gm,chevrolet,chevrolet-corvette-c7r,false
wec-2015-lmp2-44,wec-2015,wec-2015-lmp2,44,af-racing,br01,br01-nissan,false
wec-2016-lmp1-2,wec-2016,wec-2016-lmp1,2,porsche-team,porsche,porsche-919-hybrid,true
wec-2016-lmp1-6,wec-2016,wec-2016-lmp1,6,toyota-gazoo-racing,toyota,toyota-ts050-hybrid,true
wec-2016-lmp1-13,wec-2016,wec-2016-lmp1,13,rebellion-racing,rebellion,rebellion-r-one-aer,true
wec-2016-lmp1-12,wec-2016,wec-2016-lmp1,12,rebellion-racing,rebellion,rebellion-r-one-aer,true
wec-2016-lmp2-43,wec-2016,wec-2016-lmp2,43,rgr-sport-by-morand,ligier,ligier-js-p2-nissan,true
wec-2016-lmp2-31,wec-2016,wec-2016-lmp2,31,extreme-speed-motorsports,ligier,ligier-js-p2-nissan,true
wec-2016-lmp2-26,wec-2016,wec-2016-lmp2,26,g-drive-racing,oreca,oreca-05-nissan,true
wec-2016-lmp2-36,wec-2016,wec-2016-lmp2,36,signatech-alpine,alpine,alpine-a460-nissan,true
wec-2016-lmp2-42,wec-2016,wec-2016-lmp2,42,strakka-racing,gibson,gibson-015s-nissan,true
wec-2016-lmp2-45,wec-2016,wec-2016-lmp2,45,manor,oreca,oreca-05-nissan,true
wec-2016-lmp2-35,wec-2016,wec-2016-lmp2,35,baxi-dc-racing-alpine,alpine,alpine-a460-nissan,true
wec-2016-lmp2-37,wec-2016,wec-2016-lmp2,37,smp-racing,br01,br01-nissan,true
wec-2016-lmp2-30,wec-2016,wec-2016-lmp2,30,extreme-speed-motorsports,ligier,ligier-js-p2-nissan,true
wec-2016-lmp1-4,wec-2016,wec-2016-lmp1,4,bykolles-racing-team,clm,clm-p1-01-aer,true
wec-2016-lmp2-27,wec-2016,wec-2016-lmp2,27,smp-racing,br01,br01-nissan,true
wec-2016-lmp1-5,wec-2016,wec-2016-lmp1,5,toyota-gazoo-racing,toyota,toyota-ts050-hybrid,true
wec-2016-lmgte-pro-71,wec-2016,wec-2016-lmgte-pro,71,af-corse,ferrari,ferrari-488-gte,true
wec-2016-lmgte-pro-51,wec-2016,wec-2016-lmgte-pro,51,af-corse,ferrari,ferrari-488-gte,true
wec-2016-lmgte-pro-95,wec-2016,wec-2016-lmgte-pro,95,aston-martin-racing,aston-martin,aston-martin-vantage-v8,true
wec-2016-lmgte-pro-67,wec-2016,wec-2016-lmgte-pro,67,ford-chip-ganassi-team-uk,ford,ford-gt,true
wec-2016-lmgte-pro-66,wec-2016,wec-2016-lmgte-pro,66,ford-chip-ganassi-team-uk,ford,ford-gt,true
wec-2016-lmgte-am-83,wec-2016,wec-2016-lmgte-am,83,af-corse,ferrari,ferrari-f458-italia,true
wec-2016-lmgte-am-98,wec-2016,wec-2016-lmgte-am,98,aston-martin-racing,aston-martin,aston-martin-vantage-v8,true
wec-2016-lmgte-am-50,wec-2016,wec-2016-lmgte-am,50,larbre-competition,chevrolet,chevrolet-corvette-c7-z06,true
wec-2016-lmgte-pro-77,wec-2016,wec-2016-lmgte-pro,77,dempsey-proton-racing,porsche,porsche-911-rsr-2016,true
wec-2016-lmgte-am-78,wec-2016,wec-2016-lmgte-am,78,kcmg,porsche,porsche-911-rsr,true
wec-2016-lmgte-am-88,wec-2016,wec-2016-lmgte-am,88,abu-dhabi-proton-racing,porsche,porsche-911-rsr,true
wec-2016-lmgte-pro-97,wec-2016,wec-2016-lmgte-pro,97,aston-martin-racing,aston-martin,aston-martin-vantage-v8,true
wec-2016-lmp2-44,wec-2016,wec-2016-lmp2,44,manor,oreca,oreca-05-nissan,true
wec-2016-lmp1-1,wec-2016,wec-2016-lmp1,1,porsche-team,porsche,porsche-919-hybrid,true
wec-2016-lmp1-8,wec-2016,wec-2016-lmp1,8,audi-sport-team-joest,audi,audi-r18,true
wec-2016-lmgte-am-86,wec-2016,wec-2016-lmgte-am,86,gulf-racing,porsche,porsche-911-rsr,true
wec-2016-lmp1-7,wec-2016,wec-2016-lmp1,7,audi-sport-team-joest,audi,audi-r18,true
wec-2016-lmp2-38,wec-2016,wec-2016-lmp2,38,g-drive-racing,gibson,gibson-015s-nissan,true
wec-2016-lmp2-33,wec-2016,wec-2016-lmp2,33,eurasia-motorsport,oreca,oreca-05-nissan,false
wec-2016-lmp2-41,wec-2016,wec-2016-lmp2,41,greaves-motorsport,gibson,gibson-015s-nissan,true
wec-2016-lmp2-23,wec-2016,wec-2016-lmp2,23,panis-barthez-competition,ligier,ligier-js-p2-nissan,false
wec-2016-lmp2-49,wec-2016,wec-2016-lmp2,49,michael-shank-racing,ligier,ligier-js-p2-honda,false
wec-2016-lmp2-25,wec-2016,wec-2016-lmp2,25,algarve-pro-racing,ligier,ligier-js-p2-nissan,false
wec-2016-lmgte-pro-68,wec-2016,wec-2016-lmgte-pro,68,ford-chip-ganassi-team-usa,ford,ford-gt,false
wec-2016-lmgte-pro-82,wec-2016,wec-2016-lmgte-pro,82,risi-competizione,ferrari,ferrari-488-gte,false
wec-2016-lmgte-pro-69,wec-2016,wec-2016-lmgte-pro,69,ford-chip-ganassi-team-usa,ford,ford-gt,false
wec-2016-lmp2-40,wec-2016,wec-2016-lmp2,40,krohn-racing,ligier,ligier-js-p2-nissan,false
wec-2016-lmgte-pro-63,wec-2016,wec-2016-lmgte-pro,63,corvette-racing-gm,chevrolet,chevrolet-corvette-c7-r,false
wec-2016-lmgte-am-62,wec-2016,wec-2016-lmgte-am,62,scuderia-corsa,ferrari,ferrari-458-italia,false
wec-2016-lmgte-am-61,wec-2016,wec-2016-lmgte-am,61,clearwater-racing,ferrari,ferrari-458-italia,false
wec-2016-lmp2-22,wec-2016,wec-2016-lmp2,22,so24-by-lombard-racing,ligier,ligier-js-p2-judd,false
wec-2016-lmp2-48,wec-2016,wec-2016-lmp2,48,murphy-prototypes,oreca,oreca-03r-nissan,false
wec-2016-lmgte-am-60,wec-2016,wec-2016-lmgte-am,60,formula-racing,ferrari,ferrari-458-italia,false
wec-2016-lmgte-am-99,wec-2016,wec-2016-lmgte-am,99,aston-martin-racing,aston-martin,aston-martin-v8-vantage,false
wec-2016-cdnt-84,wec-2016,wec-2016-cdnt,84,srt41-by-oak-racing,morgan,morgan-lmp2-nissan,false
wec-2016-lmgte-am-57,wec-2016,wec-2016-lmgte-am,57,team-aai,chevrolet,chevrolet-corvette-c7-z06,false
wec-2016-lmgte-am-55,wec-2016,wec-2016-lmgte-am,55,af-corse,ferrari,ferrari-458-italia,false
wec-2016-lmp2-34,wec-2016,wec-2016-lmp2,34,race-performance,oreca,oreca-03r-judd,false
wec-2016-lmp2-28,wec-2016,wec-2016-lmp2,28,pegasus-racing,morgan,morgan-nissan,false
wec-2016-lmp2-46,wec-2016,wec-2016-lmp2,46,thiriet-by-tds-racing,oreca,oreca-05-nissan,false
wec-2016-lmgte-pro-64,wec-2016,wec-2016-lmgte-pro,64,corvette-racing-gm,chevrolet,chevrolet-corvette-c7-r,false
wec-2016-lmgte-pro-92,wec-2016,wec-2016-lmgte-pro,92,porsche-motorsport,porsche,porsche-911-rsr-2016,false
wec-2016-lmgte-pro-91,wec-2016,wec-2016-lmgte-pro,91,porsche-motorsport,porsche,porsche-911-rsr-2016,false
wec-2016-lmp2-47,wec-2016,wec-2016-lmp2,47,kcmg,oreca,oreca-05-nissan,false
wec-2016-lmgte-am-89,wec-2016,wec-2016-lmgte-am,89,proton-competition,porsche,porsche-911-rsr,false
wec-2017-lmp1-8,wec-2017,wec-2017-lmp1,8,toyota-gazoo-racing,toyota,toyota-ts050-hybrid,true
wec-2017-lmp1-2,wec-2017,wec-2017-lmp1,2,porsche-lmp-team,porsche,porsche-919-hybrid,true
wec-2017-lmp1-1,wec-2017,wec-2017-lmp1,1,porsche-lmp-team,porsche,porsche-919-hybrid,true
wec-2017-lmp2-38,wec-2017,wec-2017-lmp2,38,jackie-chan-dc-racing,oreca,oreca-07-gibson,true
wec-2017-lmp2-31,wec-2017,wec-2017-lmp2,31,vaillante-rebellion,oreca,oreca-07-gibson,true
wec-2017-lmp2-28,wec-2017,wec-2017-lmp2,28,tds-racing,oreca,oreca-07-gibson,true
wec-2017-lmp2-36,wec-2017,wec-2017-lmp2,36,signatech-alpine-matmut,alpine,alpine-a470-gibson,true
wec-2017-lmp2-26,wec-2017,wec-2017-lmp2,26,g-drive-racing,oreca,oreca-07-gibson,true
wec-2017-lmp2-24,wec-2017,wec-2017-lmp2,24,cefc-manor-trs-racing,oreca,oreca-07-gibson,true
wec-2017-lmp2-25,wec-2017,wec-2017-lmp2,25,cefc-manor-trs-racing,oreca,oreca-07-gibson,true
wec-2017-lmp2-37,wec-2017,wec-2017-lmp2,37,jackie-chan-dc-racing,oreca,oreca-07-gibson,true
wec-2017-lmp2-13,wec-2017,wec-2017-lmp2,13,vaillante-rebellion,oreca,oreca-07-gibson,true
wec-2017-lmgte-pro-67,wec-2017,wec-2017-lmgte-pro,67,ford-chip-ganassi-team-uk,ford,ford-gt,true
wec-2017-lmgte-pro-51,wec-2017,wec-2017-lmgte-pro,51,af-corse,ferrari,ferrari-488-gte,true
wec-2017-lmgte-pro-91,wec-2017,wec-2017-lmgte-pro,91,porsche-gt-team,porsche,porsche-911-rsr,true
wec-2017-lmgte-pro-66,wec-2017,wec-2017-lmgte-pro,66,ford-chip-ganassi-team-uk,ford,ford-gt,true
wec-2017-lmgte-pro-71,wec-2017,wec-2017-lmgte-pro,71,af-corse,ferrari,ferrari-488-gte,true
wec-2017-lmgte-pro-95,wec-2017,wec-2017-lmgte-pro,95,aston-martin-racing,aston-martin,aston-martin-vantage,true
wec-2017-lmgte-pro-97,wec-2017,wec-2017-lmgte-pro,97,aston-martin-racing,aston-martin,aston-martin-vantage,true
wec-2017-lmgte-am-61,wec-2017,wec-2017-lmgte-am,61,clearwater-racing,ferrari,ferrari-488-gte,true
wec-2017-lmgte-am-98,wec-2017,wec-2017-lmgte-am,98,aston-martin-racing,aston-martin,aston-martin-v8-vantage,true
wec-2017-lmgte-am-77,wec-2017,wec-2017-lmgte-am,77,dempsey-proton-racing,porsche,porsche-911-rsr-991,true
wec-2017-lmp1-7,wec-2017,wec-2017-lmp1,7,toyota-gazoo-racing,toyota,toyota-ts050-hybrid,true
wec-2017-lmgte-am-86,wec-2017,wec-2017-lmgte-am,86,gulf-racing-uk,porsche,porsche-911-rsr-991,true
wec-2017-lmgte-am-54,wec-2017,wec-2017-lmgte-am,54,spirit-of-race,ferrari,ferrari-488-gte,true
wec-2017-lmp1-4,wec-2017,wec-2017-lmp1,4,bykolles-racing-team,enso,enso-clm-p1-01-nismo,true
wec-2017-lmgte-pro-92,wec-2017,wec-2017-lmgte-pro,92,porsche-gt-team,porsche,porsche-911-rsr,true
wec-2017-lmp1-9,wec-2017,wec-2017-lmp1,9,toyota-gazoo-racing,toyota,toyota-ts050-hybrid,true
wec-2017-lmp2-35,wec-2017,wec-2017-lmp2,35,signatech-alpine-matmut,alpine,alpine-a470-gibson,true
wec-2017-lmp2-34,wec-2017,wec-2017-lmp2,34,tockwith-motorsports,ligier,ligier-jsp217-gibson,true
wec-2017-lmp2-32,wec-2017,wec-2017-lmp2,32,united-autosports,ligier,ligier-jsp217-gibson,false
wec-2017-lmp2-40,wec-2017,wec-2017-lmp2,40,graff,oreca,oreca-07-gibson,false
wec-2017-lmp2-47,wec-2017,wec-2017-lmp2,47,cetilar-villorba-corse,dallara,dallara-p217-gibson,false
wec-2017-lmp2-17,wec-2017,wec-2017-lmp2,17,idec-sport-racing,ligier,ligier-jsp217-gibson,false
wec-2017-lmp2-29,wec-2017,wec-2017-lmp2,29,racing-team-nederland,dallara,dallara-p217-gibson,false
wec-2017-lmp2-21,wec-2017,wec-2017-lmp2,21,dragonspeed-10-star,oreca,oreca-07-gibson,false
wec-2017-lmp2-33,wec-2017,wec-2017-lmp2,33,eurasia-motorsport,ligier,ligier-jsp217-gibson,false
wec-2017-lmgte-pro-63,wec-2017,wec-2017-lmgte-pro,63,corvette-racing-gm,chevrolet,chevrolet-corvette-c7-r,false
wec-2017-lmgte-pro-68,wec-2017,wec-2017-lmgte-pro,68,ford-chip-ganassi-team-usa,ford,ford-gt,false
wec-2017-lmgte-pro-69,wec-2017,wec-2017-lmgte-pro,69,ford-chip-ganassi-team-usa,ford,ford-gt,false
wec-2017-lmgte-pro-64,wec-2017,wec-2017-lmgte-pro,64,corvette-racing-gm,chevrolet,chevrolet-corvette-c7-r,false
wec-2017-lmgte-am-84,wec-2017,wec-2017-lmgte-am,84,jmw-motorsport,ferrari,ferrari-488-gte,false
wec-2017-lmgte-am-55,wec-2017,wec-2017-lmgte-am,55,spirit-of-race,ferrari,ferrari-488-gte,false
wec-2017-lmgte-am-62,wec-2017,wec-2017-lmgte-am,62,scuderia-corsa,ferrari,ferrari-488-gte,false
wec-2017-lmgte-am-99,wec-2017,wec-2017-lmgte-am,99,beechdean-amr,aston-martin,aston-martin-vantage,false
wec-2017-lmp2-45,wec-2017,wec-2017-lmp2,45,algarve-pro-racing,ligier,ligier-jsp217-gibson,false
wec-2017-lmp2-27,wec-2017,wec-2017-lmp2,27,smp-racing,dallara,dallara-p217-gibson,false
wec-2017-lmgte-am-90,wec-2017,wec-2017-lmgte-am,90,tf-sport,aston-martin,aston-martin-vantage,false
wec-2017-lmgte-am-93,wec-2017,wec-2017-lmgte-am,93,proton-competition,porsche,porsche-911-rsr-991,false
wec-2017-lmp2-22,wec-2017,wec-2017-lmp2,22,g-drive-racing,oreca,oreca-07-gibson,false
wec-2017-lmgte-am-60,wec-2017,wec-2017-lmgte-am,60,clearwater-racing,ferrari,ferrari-488-gte,false
wec-2017-lmgte-am-83,wec-2017,wec-2017-lmgte-am,83,dh-racing,ferrari,ferrari-488-gte,false
wec-2017-lmp2-39,wec-2017,wec-2017-lmp2,39,graff,oreca,oreca-07-gibson,false
wec-2017-lmgte-am-65,wec-2017,wec-2017-lmgte-am,65,scuderia-corsa,ferrari,ferrari-488-gte,false
wec-2017-lmp2-49,wec-2017,wec-2017-lmp2,49,arc-bratislava,ligier,ligier-jsp217-gibson,false
wec-2017-lmp2-43,wec-2017,wec-2017-lmp2,43,keating-motorsports,riley,riley-mk30-gibson,false
wec-2017-lmgte-am-50,wec-2017,wec-2017-lmgte-am,50,larbre-competition,chevrolet,chevrolet-corvette-c7-r,false
wec-2017-lmp2-23,wec-2017,wec-2017-lmp2,23,panis-barthez-competition,ligier,ligier-jsp217-gibson,false
wec-2017-lmgte-pro-82,wec-2017,wec-2017-lmgte-pro,82,risi-competizione,ferrari,ferrari-488-gte,false
wec-2017-lmgte-am-88,wec-2017,wec-2017-lmgte-am,88,proton-competition,porsche,porsche-911-rsr-991,false
wec-2018-2019-lmp1-8,wec-2018-2019,wec-2018-2019-lmp1,8,toyota-gazoo-racing,toyota,toyota-ts050-hybrid,true
wec-2018-2019-lmp1-7,wec-2018-2019,wec-2018-2019-lmp1,7,toyota-gazoo-racing,toyota,toyota-ts050-hybrid,true
wec-2018-2019-lmp1-3,wec-2018-2019,wec-2018-2019-lmp1,3,rebellion-racing,rebellion,rebellion-r13-gibson,true
wec-2018-2019-lmp1-4,wec-2018-2019,wec-2018-2019-lmp1,4,bykolles-racing-team,enso,enso-clm-p1-01-gibson,true
wec-2018-2019-lmp1-11,wec-2018-2019,wec-2018-2019-lmp1,11,smp-racing,br,br-engineering-br1-aer,true
wec-2018-2019-lmp2-26,wec-2018-2019,wec-2018-2019-lmp2,26,g-drive-racing,aurus,aurus-01-gibson,true
wec-2018-2019-lmp2-38,wec-2018-2019,wec-2018-2019-lmp2,38,jackie-chan-dc-racing,oreca,oreca-07-gibson,true
wec-2018-2019-lmp2-36,wec-2018-2019,wec-2018-2019-lmp2,36,signatech-alpine-matmut,alpine,alpine-a470-gibson,true
wec-2018-2019-lmp2-37,wec-2018-2019,wec-2018-2019-lmp2,37,jackie-chan-dc-racing,oreca,oreca-07-gibson,true
wec-2018-2019-lmp2-28,wec-2018-2019,wec-2018-2019-lmp2,28,tds-racing,oreca,oreca-07-gibson,true
wec-2018-2019-lmp2-31,wec-2018-2019,wec-2018-2019-lmp2,31,dragonspeed,oreca,oreca-07-gibson,true
wec-2018-2019-lmp2-50,wec-2018-2019,wec-2018-2019-lmp2,50,larbre-competition,ligier,ligier-jsp217-gibson,true
wec-2018-2019-lmgte-pro-66,wec-2018-2019,wec-2018-2019-lmgte-pro,66,ford-chip-ganassi-team-uk,ford,ford-gt,true
wec-2018-2019-lmgte-pro-92,wec-2018-2019,wec-2018-2019-lmgte-pro,92,porsche-gt-team,porsche,porsche-911-rsr,true
wec-2018-2019-lmgte-pro-71,wec-2018-2019,wec-2018-2019-lmgte-pro,71,af-corse,ferrari,ferrari-488-gte-evo,true
wec-2018-2019-lmgte-pro-91,wec-2018-2019,wec-2018-2019-lmgte-pro,91,porsche-gt-team,porsche,porsche-911-rsr,true
wec-2018-2019-lmgte-pro-82,wec-2018-2019,wec-2018-2019-lmgte-pro,82,bmw-team-mtek,bmw,bmw-m8-gte,true
wec-2018-2019-lmgte-pro-97,wec-2018-2019,wec-2018-2019-lmgte-pro,97,aston-martin-racing,aston-martin,aston-martin-vantage-amr,true
wec-2018-2019-lmgte-pro-95,wec-2018-2019,wec-2018-2019-lmgte-pro,95,aston-martin-racing,aston-martin,aston-martin-vantage-amr,true
wec-2018-2019-lmgte-pro-81,wec-2018-2019,wec-2018-2019-lmgte-pro,81,bmw-team-mtek,bmw,bmw-m8-gte,true
wec-2018-2019-lmgte-am-98,wec-2018-2019,wec-2018-2019-lmgte-am,98,aston-martin-racing,aston-martin,aston-martin-vantage,true
wec-2018-2019-lmgte-am-90,wec-2018-2019,wec-2018-2019-lmgte-am,90,tf-sport,aston-martin,aston-martin-vantage,true
wec-2018-2019-lmgte-am-61,wec-2018-2019,wec-2018-2019-lmgte-am,61,clearwater-racing,ferrari,ferrari-488-gte,true
wec-2018-2019-lmgte-am-77,wec-2018-2019,wec-2018-2019-lmgte-am,77,dempsey-proton-racing,porsche,porsche-911-rsr,true
wec-2018-2019-lmgte-am-70,wec-2018-2019,wec-2018-2019-lmgte-am,70,mr-racing,ferrari,ferrari-488-gte,true
wec-2018-2019-lmgte-am-88,wec-2018-2019,wec-2018-2019-lmgte-am,88,dempsey-proton-racing,porsche,porsche-911-rsr,true
wec-2018-2019-lmgte-pro-51,wec-2018-2019,wec-2018-2019-lmgte-pro,51,af-corse,ferrari,ferrari-488-gte-evo,true
wec-2018-2019-lmp2-29,wec-2018-2019,wec-2018-2019-lmp2,29,racing-team-nederland,dallara,dallara-p217-gibson,true
wec-2018-2019-lmgte-am-86,wec-2018-2019,wec-2018-2019-lmgte-am,86,gulf-racing,porsche,porsche-911-rsr,true
wec-2018-2019-lmgte-am-54,wec-2018-2019,wec-2018-2019-lmgte-am,54,spirit-of-race,ferrari,ferrari-488-gte,true
wec-2018-2019-lmgte-am-56,wec-2018-2019,wec-2018-2019-lmgte-am,56,team-project-1,porsche,porsche-911-rsr,true
wec-2018-2019-lmp1-17,wec-2018-2019,wec-2018-2019-lmp1,17,smp-racing,br,br-engineering-br1-aer,true
wec-2018-2019-lmgte-pro-67,wec-2018-2019,wec-2018-2019-lmgte-pro,67,ford-chip-ganassi-team-uk,ford,ford-gt,true
wec-2018-2019-lmp1-1,wec-2018-2019,wec-2018-2019-lmp1,1,rebellion-racing,rebellion,rebellion-r13-gibson,true
wec-2018-2019-lmp1-10,wec-2018-2019,wec-2018-2019-lmp1,10,dragonspeed,br,br-engineering-br1-gibson,true
wec-2018-2019-lmp1-5,wec-2018-2019,wec-2018-2019-lmp1,5,cefc-trsm-racing,ginetta,ginetta-g60-lt-p1-mecachrome,true
wec-2018-2019-lmp1-6,wec-2018-2019,wec-2018-2019-lmp1,6,cefc-trsm-racing,ginetta,ginetta-g60-lt-p1-mecachrome,true
wec-2018-2019-lmp2-39,wec-2018-2019,wec-2018-2019-lmp2,39,graff,oreca,oreca-07-gibson,true
wec-2018-2019-lmp2-32,wec-2018-2019,wec-2018-2019-lmp2,32,united-autosports,ligier,ligier-jsp217-gibson,true
wec-2018-2019-lmp2-33,wec-2018-2019,wec-2018-2019-lmp2,33,jackie-chan-dc-racing,ligier,ligier-jsp217-gibson,false
wec-2018-2019-lmp2-23,wec-2018-2019,wec-2018-2019-lmp2,23,panis-barthez-competition,ligier,ligier-jsp217-gibson,true
wec-2018-2019-lmp2-35,wec-2018-2019,wec-2018-2019-lmp2,35,smp-racing,dallara,dallara-p217-gibson,false
wec-2018-2019-lmgte-pro-68,wec-2018-2019,wec-2018-2019-lmgte-pro,68,ford-chip-ganassi-team-usa,ford,ford-gt,true
wec-2018-2019-lmgte-pro-63,wec-2018-2019,wec-2018-2019-lmgte-pro,63,corvette-racing,chevrolet,chevrolet-corvette-c7-r,true
wec-2018-2019-lmp2-47,wec-2018-2019,wec-2018-2019-lmp2,47,cetilar-r-villorba-corse,dallara,dallara-p217-gibson,true
wec-2018-2019-lmgte-pro-52,wec-2018-2019,wec-2018-2019-lmgte-pro,52,af-corse,ferrari,ferrari-488-gte-evo,false
wec-2018-2019-lmgte-pro-93,wec-2018-2019,wec-2018-2019-lmgte-pro,93,porsche-gt-team,porsche,porsche-911-rsr,true
wec-2018-2019-lmgte-am-85,wec-2018-2019,wec-2018-2019-lmgte-am,85,keating-motorsports,ford,ford-gt,true
wec-2018-2019-lmgte-am-99,wec-2018-2019,wec-2018-2019-lmgte-am,99,dempsey-proton-racing,porsche,porsche-911-rsr,true
wec-2018-2019-lmgte-am-84,wec-2018-2019,wec-2018-2019-lmgte-am,84,jmw-motorsport,ferrari,ferrari-488-gte,true
wec-2018-2019-lmgte-am-80,wec-2018-2019,wec-2018-2019-lmgte-am,80,ebimotors,porsche,porsche-911-rsr,false
wec-2018-2019-lmgte-pro-69,wec-2018-2019,wec-2018-2019-lmgte-pro,69,ford-chip-ganassi-team-usa,ford,ford-gt,true
wec-2018-2019-lmp2-44,wec-2018-2019,wec-2018-2019-lmp2,44,eurasia-motorsport,ligier,ligier-jsp217-gibson,false
wec-2018-2019-lmp2-48,wec-2018-2019,wec-2018-2019-lmp2,48,idec-sport,oreca,oreca-07-gibson,true
wec-2018-2019-lmp2-22,wec-2018-2019,wec-2018-2019-lmp2,22,united-autosports,ligier,ligier-jsp217-gibson,true
wec-2018-2019-lmgte-pro-64,wec-2018-2019,wec-2018-2019-lmgte-pro,64,corvette-racing,chevrolet,chevrolet-corvette-c7-r,true
wec-2018-2019-lmp2-25,wec-2018-2019,wec-2018-2019-lmp2,25,algarve-pro-racing,oreca,oreca-07-gibson,true
wec-2018-2019-lmp2-40,wec-2018-2019,wec-2018-2019-lmp2,40,g-drive-racing,oreca,oreca-07-gibson,false
wec-2018-2019-lmp2-34,wec-2018-2019,wec-2018-2019-lmp2,34,inter-europol-competition,ligier,ligier-jsp217-gibson,true
wec-2018-2019-lmgte-pro-94,wec-2018-2019,wec-2018-2019-lmgte-pro,94,porsche-gt-team,porsche,porsche-911-rsr,true
wec-2018-2019-lmp2-30,wec-2018-2019,wec-2018-2019-lmp2,30,duqueine-engineering,oreca,oreca-07-gibson,false
wec-2018-2019-lmp2-20,wec-2018-2019,wec-2018-2019-lmp2,20,high-class-racing,oreca,oreca-07-gibson,false
wec-2018-2019-lmgte-am-62,wec-2018-2019,wec-2018-2019-lmgte-am,62,weathertech-racing,ferrari,ferrari-488-gte,false
wec-2018-2019-lmgte-am-57,wec-2018-2019,wec-2018-2019-lmgte-am,57,car-guy-racing,ferrari,ferrari-488-gte,false
wec-2018-2019-lmgte-am-78,wec-2018-2019,wec-2018-2019-lmgte-am,78,proton-competition,porsche,porsche-911-rsr,false
wec-2018-2019-lmgte-am-83,wec-2018-2019,wec-2018-2019-lmgte-am,83,kessel-racing,ferrari,ferrari-488-gte,false
wec-2018-2019-lmgte-pro-89,wec-2018-2019,wec-2018-2019-lmgte-pro,89,risi-competizione,ferrari,ferrari-488-gte-evo,false
wec-2018-2019-lmgte-am-60,wec-2018-2019,wec-2018-2019-lmgte-am,60,kessel-racing,ferrari,ferrari-488-gte,false
wec-2018-2019-lmp2-43,wec-2018-2019,wec-2018-2019-lmp2,43,rlr-m-sport-tower-events,oreca,oreca-07-gibson,false
wec-2018-2019-lmp2-49,wec-2018-2019,wec-2018-2019-lmp2,49,arc-bratislava,ligier,ligier-jsp217-gibson,false
wec-2019-2020-lmp1-7,wec-2019-2020,wec-2019-2020-lmp1,7,toyota-gazoo-racing,toyota,toyota-ts050-hybrid,true
wec-2019-2020-lmp1-8,wec-2019-2020,wec-2019-2020-lmp1,8,toyota-gazoo-racing,toyota,toyota-ts050-hybrid,true
wec-2019-2020-lmp1-3,wec-2019-2020,wec-2019-2020-lmp1,3,rebellion-racing,rebellion,rebellion-r13-gibson,true
wec-2019-2020-lmp1-5,wec-2019-2020,wec-2019-2020-lmp1,5,team-lnt,ginetta,ginetta-g60-lt-p1-aer,true
wec-2019-2020-lmp2-42,wec-2019-2020,wec-2019-2020-lmp2,42,cool-racing,oreca,oreca-07-gibson,true
wec-2019-2020-lmp2-36,wec-2019-2020,wec-2019-2020-lmp2,36,signatech-alpine-elf,alpine,alpine-a470-gibson,true
wec-2019-2020-lmp2-29,wec-2019-2020,wec-2019-2020-lmp2,29,racing-team-nederland,oreca,oreca-07-gibson,true
wec-2019-2020-lmp2-37,wec-2019-2020,wec-2019-2020-lmp2,37,jackie-chan-dc-racing,oreca,oreca-07-gibson,true
wec-2019-2020-lmp2-38,wec-2019-2020,wec-2019-2020-lmp2,38,jota,oreca,oreca-07-gibson,true
wec-2019-2020-lmp1-1,wec-2019-2020,wec-2019-2020-lmp1,1,rebellion-racing,rebellion,rebellion-r13-gibson,true
wec-2019-2020-lmp2-47,wec-2019-2020,wec-2019-2020-lmp2,47,cetilar-racing,dallara,dallara-p217-gibson,true
wec-2019-2020-lmp2-33,wec-2019-2020,wec-2019-2020-lmp2,33,high-class-racing,oreca,oreca-07-gibson,true
wec-2019-2020-lmgte-pro-91,wec-2019-2020,wec-2019-2020-lmgte-pro,91,porsche-gt-team,porsche,porsche-911-rsr-19,true
wec-2019-2020-lmgte-pro-92,wec-2019-2020,wec-2019-2020-lmgte-pro,92,porsche-gt-team,porsche,porsche-911-rsr-19,true
wec-2019-2020-lmgte-pro-97,wec-2019-2020,wec-2019-2020-lmgte-pro,97,aston-martin-racing,aston-martin,aston-martin-vantage-amr,true
wec-2019-2020-lmgte-pro-51,wec-2019-2020,wec-2019-2020-lmgte-pro,51,af-corse,ferrari,ferrari-488-gte-evo,true
wec-2019-2020-lmgte-pro-95,wec-2019-2020,wec-2019-2020-lmgte-pro,95,aston-martin-racing,aston-martin,aston-martin-vantage-amr,true
wec-2019-2020-lmgte-am-83,wec-2019-2020,wec-2019-2020-lmgte-am,83,af-corse,ferrari,ferrari-488-gte-evo,true
wec-2019-2020-lmgte-am-98,wec-2019-2020,wec-2019-2020-lmgte-am,98,aston-martin-racing,aston-martin,aston-martin-vantage-amr,true
wec-2019-2020-lmgte-am-70,wec-2019-2020,wec-2019-2020-lmgte-am,70,mr-racing,ferrari,ferrari-488-gte-evo,true
wec-2019-2020-lmgte-am-86,wec-2019-2020,wec-2019-2020-lmgte-am,86,gulf-racing,porsche,porsche-911-rsr,true
wec-2019-2020-lmgte-am-77,wec-2019-2020,wec-2019-2020-lmgte-am,77,dempsey-proton-racing,porsche,porsche-911-rsr,true
wec-2019-2020-lmgte-am-56,wec-2019-2020,wec-2019-2020-lmgte-am,56,team-project-1,porsche,porsche-911-rsr,true
wec-2019-2020-lmgte-am-90,wec-2019-2020,wec-2019-2020-lmgte-am,90,tf-sport,aston-martin,aston-martin-vantage-amr,true
wec-2019-2020-lmgte-am-62,wec-2019-2020,wec-2019-2020-lmgte-am,62,red-river-sport,ferrari,ferrari-488-gte-evo,true
wec-2019-2020-lmgte-am-54,wec-2019-2020,wec-2019-2020-lmgte-am,54,af-corse,ferrari,ferrari-488-gte-evo,true
wec-2019-2020-lmgte-am-57,wec-2019-2020,wec-2019-2020-lmgte-am,57,team-project-1,porsche,porsche-911-rsr,true
wec-2019-2020-lmp1-6,wec-2019-2020,wec-2019-2020-lmp1,6,team-lnt,ginetta,ginetta-g60-lt-p1-aer,true
wec-2019-2020-lmgte-am-88,wec-2019-2020,wec-2019-2020-lmgte-am,88,dempsey-proton-racing,porsche,porsche-911-rsr,true
wec-2019-2020-lmgte-pro-71,wec-2019-2020,wec-2019-2020-lmgte-pro,71,af-corse,ferrari,ferrari-488-gte-evo,true
wec-2019-2020-lmp2-22,wec-2019-2020,wec-2019-2020-lmp2,22,united-autosports,oreca,oreca-07-gibson,true
wec-2019-2020-lmgte-am-78,wec-2019-2020,wec-2019-2020-lmgte-am,78,proton-competition,porsche,porsche-911-rsr,true
wec-2019-2020-lmp2-26,wec-2019-2020,wec-2019-2020-lmp2,26,g-drive-racing,aurus,aurus-01-gibson,true
wec-2019-2020-lmp2-21,wec-2019-2020,wec-2019-2020-lmp2,21,dragonspeed-usa,oreca,oreca-07-gibson,true
wec-2019-2020-lmgte-pro-63,wec-2019-2020,wec-2019-2020-lmgte-pro,63,weathertech-racing,ferrari,ferrari-488-gte-evo,true
wec-2019-2020-lmp1-4,wec-2019-2020,wec-2019-2020-lmp1,4,bykolles-racing-team,enso,enso-clm-p1-01-gibson,true
wec-2019-2020-lmp2-35,wec-2019-2020,wec-2019-2020-lmp2,35,eurasia-motorsport,ligier,ligier-jsp217-gibson,true
wec-2019-2020-lmp2-31,wec-2019-2020,wec-2019-2020-lmp2,31,panis-racing,oreca,oreca-07-gibson,false
wec-2019-2020-lmp2-28,wec-2019-2020,wec-2019-2020-lmp2,28,idec-sport,oreca,oreca-07-gibson,false
wec-2019-2020-lmp2-25,wec-2019-2020,wec-2019-2020-lmp2,25,algarve-pro-racing,oreca,oreca-07-gibson,false
wec-2019-2020-lmp2-50,wec-2019-2020,wec-2019-2020-lmp2,50,richard-mille-racing-team,oreca,oreca-07-gibson,false
wec-2019-2020-lmp2-17,wec-2019-2020,wec-2019-2020-lmp2,17,idec-sport,oreca,oreca-07-gibson,false
wec-2019-2020-lmp2-27,wec-2019-2020,wec-2019-2020-lmp2,27,dragonspeed-usa,oreca,oreca-07-gibson,false
wec-2019-2020-lmp2-32,wec-2019-2020,wec-2019-2020-lmp2,32,united-autosports,oreca,oreca-07-gibson,false
wec-2019-2020-lmgte-pro-82,wec-2019-2020,wec-2019-2020-lmgte-pro,82,risi-competizione,ferrari,ferrari-488-gte-evo,false
wec-2019-2020-lmp2-24,wec-2019-2020,wec-2019-2020-lmp2,24,nielsen-racing,oreca,oreca-07-gibson,false
wec-2019-2020-lmgte-am-66,wec-2019-2020,wec-2019-2020-lmgte-am,66,jmw-motorsport,ferrari,ferrari-488-gte-evo,false
wec-2019-2020-lmgte-am-61,wec-2019-2020,wec-2019-2020-lmgte-am,61,luzich-racing,ferrari,ferrari-488-gte-evo,false
wec-2019-2020-lmgte-am-85,wec-2019-2020,wec-2019-2020-lmgte-am,85,iron-lynx,ferrari,ferrari-488-gte-evo,false
wec-2019-2020-lmgte-am-99,wec-2019-2020,wec-2019-2020-lmgte-am,99,dempsey-proton-racing,porsche,porsche-911-rsr,false
wec-2019-2020-lmgte-am-60,wec-2019-2020,wec-2019-2020-lmgte-am,60,iron-lynx,ferrari,ferrari-488-gte-evo,false
wec-2019-2020-lmp2-34,wec-2019-2020,wec-2019-2020-lmp2,34,inter-europol-competition,ligier,ligier-jsp217-gibson,false
wec-2019-2020-lmgte-am-89,wec-2019-2020,wec-2019-2020-lmgte-am,89,team-project-1,porsche,porsche-911-rsr,false
wec-2019-2020-lmp2-39,wec-2019-2020,wec-2019-2020-lmp2,39,so24-has-by-graff,oreca,oreca-07-gibson,false
wec-2019-2020-lmgte-am-72,wec-2019-2020,wec-2019-2020-lmgte-am,72,hub-auto-racing,ferrari,ferrari-488-gte-evo,false
wec-2019-2020-lmgte-am-75,wec-2019-2020,wec-2019-2020-lmgte-am,75,iron-lynx,ferrari,ferrari-488-gte-evo,false
wec-2019-2020-lmp2-16,wec-2019-2020,wec-2019-2020-lmp2,16,g-drive-racing-by-algarve,aurus,aurus-01-gibson,false
wec-2019-2020-lmp2-30,wec-2019-2020,wec-2019-2020-lmp2,30,duqueine-team,oreca,oreca-07-gibson,false
wec-2019-2020-lmgte-am-52,wec-2019-2020,wec-2019-2020-lmgte-am,52,af-corse,ferrari,ferrari-488-gte-evo,false
wec-2019-2020-lmgte-am-55,wec-2019-2020,wec-2019-2020-lmgte-am,55,spirit-of-race,ferrari,ferrari-488-gte-evo,false
wec-2019-2020-lmp2-11,wec-2019-2020,wec-2019-2020-lmp2,11,eurointernational,ligier,ligier-jsp217-gibson,false
wec-2021-hypercar-8,wec-2021,wec-2021-hypercar,8,toyota-gazoo-racing,toyota,toyota-gr010-hybrid,true
wec-2021-hypercar-36,wec-2021,wec-2021-hypercar,36,alpine-elf-matmut,alpine,alpine-a480-gibson,true
wec-2021-hypercar-7,wec-2021,wec-2021-hypercar,7,toyota-gazoo-racing,toyota,toyota-gr010-hybrid,true
wec-2021-lmp2-22,wec-2021,wec-2021-lmp2,22,united-autosports-usa,oreca,oreca-07-gibson,true
wec-2021-lmp2-38,wec-2021,wec-2021-lmp2,38,jota,oreca,oreca-07-gibson,true
wec-2021-lmp2-28,wec-2021,wec-2021-lmp2,28,jota,oreca,oreca-07-gibson,true
wec-2021-lmp2-29,wec-2021,wec-2021-lmp2,29,racing-team-nederland,oreca,oreca-07-gibson,true
wec-2021-lmp2-34,wec-2021,wec-2021-lmp2,34,inter-europol-competition,oreca,oreca-07-gibson,true
wec-2021-lmp2-70,wec-2021,wec-2021-lmp2,70,realteam-racing,oreca,oreca-07-gibson,true
wec-2021-lmp2-21,wec-2021,wec-2021-lmp2,21,dragonspeed-usa,oreca,oreca-07-gibson,true
wec-2021-lmp2-1,wec-2021,wec-2021-lmp2,1,richard-mille-racing-team,oreca,oreca-07-gibson,true
wec-2021-lmp2-20,wec-2021,wec-2021-lmp2,20,high-class-racing,oreca,oreca-07-gibson,true
wec-2021-lmp2-25,wec-2021,wec-2021-lmp2,25,g-drive-racing,aurus,aurus-01-gibson,true
wec-2021-lmp2-24,wec-2021,wec-2021-lmp2,24,pr1-motorsports-mathiasen,oreca,oreca-07-gibson,true
wec-2021-lmgte-pro-92,wec-2021,wec-2021-lmgte-pro,92,porsche-gt-team,porsche,porsche-911-rsr-19,true
wec-2021-lmgte-pro-51,wec-2021,wec-2021-lmgte-pro,51,af-corse,ferrari,ferrari-488-gte-evo,true
wec-2021-lmgte-pro-52,wec-2021,wec-2021-lmgte-pro,52,af-corse,ferrari,ferrari-488-gte-evo,true
wec-2021-lmgte-pro-63,wec-2021,wec-2021-lmgte-pro,63,corvette-racing,chevrolet,chevrolet-corvette-c8-r,true
wec-2021-lmgte-pro-91,wec-2021,wec-2021-lmgte-pro,91,porsche-gt-team,porsche,porsche-911-rsr-19,true
wec-2021-lmgte-am-83,wec-2021,wec-2021-lmgte-am,83,af-corse,ferrari,ferrari-488-gte-evo,true
wec-2021-lmgte-am-33,wec-2021,wec-2021-lmgte-am,33,tf-sport,aston-martin,aston-martin-vantage-amr,true
wec-2021-lmgte-am-47,wec-2021,wec-2021-lmgte-am,47,cetilar-racing,ferrari,ferrari-488-gte-evo,true
wec-2021-lmgte-am-54,wec-2021,wec-2021-lmgte-am,54,af-corse,ferrari,ferrari-488-gte-evo,true
wec-2021-lmgte-am-88,wec-2021,wec-2021-lmgte-am,88,dempsey-proton-racing,porsche,porsche-911-rsr-19,true
wec-2021-lmgte-am-98,wec-2021,wec-2021-lmgte-am,98,aston-martin-racing,aston-martin,aston-martin-vantage-amr,true
wec-2021-lmgte-am-777,wec-2021,wec-2021-lmgte-am,777,d-station-racing,aston-martin,aston-martin-vantage-amr,true
wec-2021-lmgte-am-85,wec-2021,wec-2021-lmgte-am,85,iron-lynx,ferrari,ferrari-488-gte-evo,true
wec-2021-lmgte-am-60,wec-2021,wec-2021-lmgte-am,60,iron-lynx,ferrari,ferrari-488-gte-evo,true
wec-2021-lmp2-31,wec-2021,wec-2021-lmp2,31,team-wrt,oreca,oreca-07-gibson,true
wec-2021-lmgte-am-77,wec-2021,wec-2021-lmgte-am,77,dempsey-proton-racing,porsche,porsche-911-rsr-19,true
wec-2021-lmp2-26,wec-2021,wec-2021-lmp2,26,g-drive-racing,aurus,aurus-01-gibson,true
wec-2021-lmgte-am-86,wec-2021,wec-2021-lmgte-am,86,gr-racing,porsche,porsche-911-rsr-19,true
wec-2021-lmp2-44,wec-2021,wec-2021-lmp2,44,arc-bratislava,oreca,oreca-07-gibson,true
wec-2021-lmgte-am-56,wec-2021,wec-2021-lmgte-am,56,team-project-1,porsche,porsche-911-rsr-19,true
wec-2021-lmgte-am-57,wec-2021,wec-2021-lmgte-am,57,kessel-racing,ferrari,ferrari-488-gte-evo,true
wec-2021-hypercar-709,wec-2021,wec-2021-hypercar,709,glickenhaus-racing,glickenhaus,glickenhaus-007-lmh,true
wec-2021-lmp2-82,wec-2021,wec-2021-lmp2,82,risi-competizione,oreca,oreca-07-gibson,true
wec-2021-lmgte-am-61,wec-2021,wec-2021-lmgte-am,61,af-corse,ferrari,ferrari-488-gte-evo,false
wec-2021-lmgte-am-46,wec-2021,wec-2021-lmgte-am,46,team-project-1,porsche,porsche-911-rsr-19,true
wec-2021-lmgte-am-388,wec-2021,wec-2021-lmgte-am,388,rinaldi-racing,ferrari,ferrari-488-gte-evo,true
wec-2021-hypercar-708,wec-2021,wec-2021-hypercar,708,glickenhaus-racing,glickenhaus,glickenhaus-007-lmh,true
wec-2021-lmgte-am-71,wec-2021,wec-2021-lmgte-am,71,inception-racing,ferrari,ferrari-488-gte-evo,true
wec-2021-lmp2-65,wec-2021,wec-2021-lmp2,65,panis-racing,oreca,oreca-07-gibson,false
wec-2021-lmp2-23,wec-2021,wec-2021-lmp2,23,united-autosports,oreca,oreca-07-gibson,false
wec-2021-lmp2-48,wec-2021,wec-2021-lmp2,48,idec-sport,oreca,oreca-07-gibson,false
wec-2021-lmp2-30,wec-2021,wec-2021-lmp2,30,duqueine-team,oreca,oreca-07-gibson,false
wec-2021-lmp2-39,wec-2021,wec-2021-lmp2,39,so24-dirob-by-graff,oreca,oreca-07-gibson,false
wec-2021-lmgte-am-80,wec-2021,wec-2021-lmgte-am,80,iron-lynx,ferrari,ferrari-488-gte-evo,false
wec-2021-lmp2-74,wec-2021,wec-2021-lmp2,74,racing-team-india-eurasia,ligier,ligier-jsp217-gibson,false
wec-2021-lmp2-49,wec-2021,wec-2021-lmp2,49,high-class-racing,oreca,oreca-07-gibson,false
wec-2021-innovative-car-84,wec-2021,wec-2021-innovative-car,84,association-srt41,oreca,oreca-07-gibson,false
wec-2021-lmgte-am-18,wec-2021,wec-2021-lmgte-am,18,absolute-racing,porsche,porsche-911-rsr-19,false
wec-2021-lmgte-am-95,wec-2021,wec-2021-lmgte-am,95,tf-sport,aston-martin,aston-martin-vantage-amr,false
wec-2021-lmgte-am-69,wec-2021,wec-2021-lmgte-am,69,herberth-motorsport,porsche,porsche-911-rsr-19,false
wec-2021-lmgte-pro-64,wec-2021,wec-2021-lmgte-pro,64,corvette-racing,chevrolet,chevrolet-corvette-c8-r,false
wec-2021-lmp2-41,wec-2021,wec-2021-lmp2,41,team-wrt,oreca,oreca-07-gibson,false
wec-2021-lmgte-pro-72,wec-2021,wec-2021-lmgte-pro,72,hub-auto-racing,porsche,porsche-911-rsr-19,false
wec-2021-lmgte-pro-79,wec-2021,wec-2021-lmgte-pro,79,weathertech-racing,porsche,porsche-911-rsr-19,false
wec-2021-lmgte-am-66,wec-2021,wec-2021-lmgte-am,66,jmw-motorsport,ferrari,ferrari-488-gte-evo,false
wec-2021-lmgte-am-55,wec-2021,wec-2021-lmgte-am,55,spirit-of-race,ferrari,ferrari-488-gte-evo,false
wec-2021-lmp2-32,wec-2021,wec-2021-lmp2,32,united-autosports,oreca,oreca-07-gibson,false
wec-2021-lmgte-am-99,wec-2021,wec-2021-lmgte-am,99,proton-competition,porsche,porsche-911-rsr-19,false
wec-2021-lmp2-17,wec-2021,wec-2021-lmp2,17,idec-sport,oreca,oreca-07-gibson,false
wec-2022-hypercar-36,wec-2022,wec-2022-hypercar,36,alpine-elf-team,alpine,alpine-a480-gibson,true
wec-2022-hypercar-8,wec-2022,wec-2022-hypercar,8,toyota-gazoo-racing,toyota,toyota-gr010-hybrid,true
wec-2022-hypercar-708,wec-2022,wec-2022-hypercar,708,glickenhaus-racing,glickenhaus,glickenhaus-007-lmh,true
wec-2022-lmp2-23,wec-2022,wec-2022-lmp2,23,united-autosports-usa,oreca,oreca-07-gibson,true
wec-2022-lmp2-31,wec-2022,wec-2022-lmp2,31,wrt,oreca,oreca-07-gibson,true
wec-2022-lmp2-41,wec-2022,wec-2022-lmp2,41,realteam-by-wrt,oreca,oreca-07-gibson,true
wec-2022-lmp2-9,wec-2022,wec-2022-lmp2,9,prema-orlen-team,oreca,oreca-07-gibson,true
wec-2022-lmp2-28,wec-2022,wec-2022-lmp2,28,jota,oreca,oreca-07-gibson,true
wec-2022-lmp2-38,wec-2022,wec-2022-lmp2,38,jota,oreca,oreca-07-gibson,true
wec-2022-lmp2-22,wec-2022,wec-2022-lmp2,22,united-autosports-usa,oreca,oreca-07-gibson,true
wec-2022-lmp2-5,wec-2022,wec-2022-lmp2,5,team-penske,oreca,oreca-07-gibson,true
wec-2022-lmp2-83,wec-2022,wec-2022-lmp2,83,af-corse,oreca,oreca-07-gibson,true
wec-2022-lmp2-35,wec-2022,wec-2022-lmp2,35,ultimate,oreca,oreca-07-gibson,true
wec-2022-lmp2-45,wec-2022,wec-2022-lmp2,45,algarve-pro-racing,oreca,oreca-07-gibson,true
wec-2022-lmp2-1,wec-2022,wec-2022-lmp2,1,richard-mille-racing-team,oreca,oreca-07-gibson,true
wec-2022-lmp2-44,wec-2022,wec-2022-lmp2,44,arc-bratislava,oreca,oreca-07-gibson,true
wec-2022-lmgte-pro-92,wec-2022,wec-2022-lmgte-pro,92,porsche-gt-team,porsche,porsche-911-rsr-19,true
wec-2022-lmgte-pro-64,wec-2022,wec-2022-lmgte-pro,64,corvette-racing,chevrolet,chevrolet-corvette-c8-r,true
wec-2022-lmgte-pro-91,wec-2022,wec-2022-lmgte-pro,91,porsche-gt-team,porsche,porsche-911-rsr-19,true
wec-2022-lmgte-pro-51,wec-2022,wec-2022-lmgte-pro,51,af-corse,ferrari,ferrari-488-gte-evo,true
wec-2022-lmgte-am-98,wec-2022,wec-2022-lmgte-am,98,northwest-amr,aston-martin,aston-martin-vantage-amr,true
wec-2022-lmgte-pro-52,wec-2022,wec-2022-lmgte-pro,52,af-corse,ferrari,ferrari-488-gte-evo,true
wec-2022-lmgte-am-33,wec-2022,wec-2022-lmgte-am,33,tf-sport,aston-martin,aston-martin-vantage-amr,true
wec-2022-lmgte-am-56,wec-2022,wec-2022-lmgte-am,56,team-project-1,porsche,porsche-911-rsr-19,true
wec-2022-lmgte-am-77,wec-2022,wec-2022-lmgte-am,77,dempsey-proton-racing,porsche,porsche-911-rsr-19,true
wec-2022-lmgte-am-85,wec-2022,wec-2022-lmgte-am,85,iron-dames,ferrari,ferrari-488-gte-evo,true
wec-2022-lmgte-am-777,wec-2022,wec-2022-lmgte-am,777,d-station-racing,aston-martin,aston-martin-vantage-amr,true
wec-2022-lmgte-am-21,wec-2022,wec-2022-lmgte-am,21,af-corse,ferrari,ferrari-488-gte-evo,true
wec-2022-lmgte-am-60,wec-2022,wec-2022-lmgte-am,60,iron-lynx,ferrari,ferrari-488-gte-evo,true
wec-2022-lmgte-am-54,wec-2022,wec-2022-lmgte-am,54,af-corse,ferrari,ferrari-488-gte-evo,true
wec-2022-lmp2-34,wec-2022,wec-2022-lmp2,34,inter-europol-competition,oreca,oreca-07-gibson,true
wec-2022-lmgte-am-88,wec-2022,wec-2022-lmgte-am,88,dempsey-proton-racing,porsche,porsche-911-rsr-19,true
wec-2022-lmp2-10,wec-2022,wec-2022-lmp2,10,vector-sport,oreca,oreca-07-gibson,true
wec-2022-lmgte-am-71,wec-2022,wec-2022-lmgte-am,71,spirit-of-race,ferrari,ferrari-488-gte-evo,true
wec-2022-lmgte-am-46,wec-2022,wec-2022-lmgte-am,46,team-project-1,porsche,porsche-911-rsr-19,true
wec-2022-hypercar-7,wec-2022,wec-2022-hypercar,7,toyota-gazoo-racing,toyota,toyota-gr010-hybrid,true
wec-2022-lmgte-am-86,wec-2022,wec-2022-lmgte-am,86,gr-racing,porsche,porsche-911-rsr-19,true
wec-2022-hypercar-709,wec-2022,wec-2022-hypercar,709,glickenhaus-racing,glickenhaus,glickenhaus-007-lmh,false
wec-2022-lmp2-13,wec-2022,wec-2022-lmp2,13,tds-racing-x-vaillante,oreca,oreca-07-gibson,false
wec-2022-lmp2-37,wec-2022,wec-2022-lmp2,37,cool-racing,oreca,oreca-07-gibson,false
wec-2022-lmp2-48,wec-2022,wec-2022-lmp2,48,idec-sport,oreca,oreca-07-gibson,false
wec-2022-lmp2-32,wec-2022,wec-2022-lmp2,32,team-wrt,oreca,oreca-07-gibson,false
wec-2022-lmp2-65,wec-2022,wec-2022-lmp2,65,panis-racing,oreca,oreca-07-gibson,false
wec-2022-lmp2-43,wec-2022,wec-2022-lmp2,43,inter-europol-competition,oreca,oreca-07-gibson,false
wec-2022-lmp2-24,wec-2022,wec-2022-lmp2,24,nielsen-racing,oreca,oreca-07-gibson,false
wec-2022-lmp2-3,wec-2022,wec-2022-lmp2,3,dkr-engineering,oreca,oreca-07-gibson,false
wec-2022-lmp2-47,wec-2022,wec-2022-lmp2,47,algarve-pro-racing,oreca,oreca-07-gibson,false
wec-2022-lmgte-pro-74,wec-2022,wec-2022-lmgte-pro,74,riley-motorsports,ferrari,ferrari-488-gte-evo,false
wec-2022-lmp2-39,wec-2022,wec-2022-lmp2,39,graff-racing,oreca,oreca-07-gibson,false
wec-2022-lmgte-am-79,wec-2022,wec-2022-lmgte-am,79,weathertech-racing,porsche,porsche-911-rsr-19,false
wec-2022-lmgte-am-61,wec-2022,wec-2022-lmgte-am,61,af-corse,ferrari,ferrari-488-gte-evo,false
wec-2022-lmgte-am-55,wec-2022,wec-2022-lmgte-am,55,spirit-of-race,ferrari,ferrari-488-gte-evo,false
wec-2022-lmgte-am-99,wec-2022,wec-2022-lmgte-am,99,hardpoint-motorsport,porsche,porsche-911-rsr-19,false
wec-2022-lmgte-am-57,wec-2022,wec-2022-lmgte-am,57,kessel-racing,ferrari,ferrari-488-gte-evo,false
wec-2022-lmgte-am-80,wec-2022,wec-2022-lmgte-am,80,iron-lynx,ferrari,ferrari-488-gte-evo,false
wec-2022-lmp2-27,wec-2022,wec-2022-lmp2,27,cd-sport,ligier,ligier-jsp217-gibson,false
wec-2022-lmgte-am-66,wec-2022,wec-2022-lmgte-am,66,jmw-motorsport,ferrari,ferrari-488-gte-evo,false
wec-2022-lmgte-am-93,wec-2022,wec-2022-lmgte-am,93,proton-competition,porsche,porsche-911-rsr-19,false
wec-2022-lmp2-30,wec-2022,wec-2022-lmp2,30,duqueine-team,oreca,oreca-07-gibson,false
wec-2022-lmgte-am-75,wec-2022,wec-2022-lmgte-am,75,iron-lynx,ferrari,ferrari-488-gte-evo,false
wec-2022-lmgte-pro-63,wec-2022,wec-2022-lmgte-pro,63,corvette-racing,chevrolet,chevrolet-corvette-c8-r,false
wec-2022-lmgte-am-59,wec-2022,wec-2022-lmgte-am,59,inception-racing,ferrari,ferrari-488-gte-evo,false
wec-2022-hypercar-94,wec-2022,wec-2022-hypercar,94,peugeot-totalenergies,peugeot,peugeot-9x8,true
wec-2022-hypercar-93,wec-2022,wec-2022-hypercar,93,peugeot-totalenergies,peugeot,peugeot-9x8,true
wec-2023-hypercar-7,wec-2023,wec-2023-hypercar,7,toyota-gazoo-racing,toyota,toyota-gr010-hybrid,true
wec-2023-hypercar-8,wec-2023,wec-2023-hypercar,8,toyota-gazoo-racing,toyota,toyota-gr010-hybrid,true
wec-2023-hypercar-50,wec-2023,wec-2023-hypercar,50,ferrari-af-corse,ferrari,ferrari-499p,true
wec-2023-hypercar-2,wec-2023,wec-2023-hypercar,2,cadillac-racing,cadillac,cadillac-v-series-r,true
wec-2023-hypercar-5,wec-2023,wec-2023-hypercar,5,porsche-penske-motorsport,porsche,porsche-963,true
wec-2023-hypercar-6,wec-2023,wec-2023-hypercar,6,porsche-penske-motorsport,porsche,porsche-963,true
wec-2023-lmp2-48,wec-2023,wec-2023-lmp2,48,idec-sport,oreca,oreca-07-gibson,true
wec-2023-lmp2-22,wec-2023,wec-2023-lmp2,22,united-autosports,oreca,oreca-07-gibson,true
wec-2023-lmp2-63,wec-2023,wec-2023-lmp2,63,prema-racing,oreca,oreca-07-gibson,true
wec-2023-lmp2-34,wec-2023,wec-2023-lmp2,34,inter-europol-competition,oreca,oreca-07-gibson,true
wec-2023-lmp2-41,wec-2023,wec-2023-lmp2,41,team-wrt,oreca,oreca-07-gibson,true
wec-2023-lmp2-28,wec-2023,wec-2023-lmp2,28,jota,oreca,oreca-07-gibson,true
wec-2023-lmp2-31,wec-2023,wec-2023-lmp2,31,team-wrt,oreca,oreca-07-gibson,true
wec-2023-lmp2-9,wec-2023,wec-2023-lmp2,9,prema-racing,oreca,oreca-07-gibson,true
wec-2023-hypercar-51,wec-2023,wec-2023-hypercar,51,ferrari-af-corse,ferrari,ferrari-499p,true
wec-2023-lmp2-36,wec-2023,wec-2023-lmp2,36,alpine-elf-team,oreca,oreca-07-gibson,true
wec-2023-lmgte-am-33,wec-2023,wec-2023-lmgte-am,33,corvette-racing,chevrolet,chevrolet-corvette-c8-r,true
wec-2023-lmgte-am-77,wec-2023,wec-2023-lmgte-am,77,dempsey-proton-racing,porsche,porsche-911-rsr-19,true
wec-2023-lmgte-am-57,wec-2023,wec-2023-lmgte-am,57,kessel-racing,ferrari,ferrari-488-gte-evo,true
wec-2023-lmgte-am-21,wec-2023,wec-2023-lmgte-am,21,af-corse,ferrari,ferrari-488-gte-evo,true
wec-2023-lmgte-am-54,wec-2023,wec-2023-lmgte-am,54,af-corse,ferrari,ferrari-488-gte-evo,true
wec-2023-lmgte-am-60,wec-2023,wec-2023-lmgte-am,60,iron-lynx,porsche,porsche-911-rsr-19,true
wec-2023-lmgte-am-86,wec-2023,wec-2023-lmgte-am,86,gr-racing,porsche,porsche-911-rsr-19,true
wec-2023-lmgte-am-85,wec-2023,wec-2023-lmgte-am,85,iron-dames,porsche,porsche-911-rsr-19,true
wec-2023-lmp2-10,wec-2023,wec-2023-lmp2,10,vector-sport,oreca,oreca-07-gibson,true
wec-2023-lmgte-am-25,wec-2023,wec-2023-lmgte-am,25,ort-by-tf,aston-martin,aston-martin-vantage-amr,true
wec-2023-lmgte-am-777,wec-2023,wec-2023-lmgte-am,777,d-station-racing,aston-martin,aston-martin-vantage-amr,true
wec-2023-lmgte-am-98,wec-2023,wec-2023-lmgte-am,98,northwest-amr,aston-martin,aston-martin-vantage-amr,true
wec-2023-lmgte-am-56,wec-2023,wec-2023-lmgte-am,56,project-1-ao,porsche,porsche-911-rsr-19,true
wec-2023-hypercar-4,wec-2023,wec-2023-hypercar,4,floyd-vanwall-racing-team,vanwall,vanwall-vandervell-680,true
wec-2023-hypercar-93,wec-2023,wec-2023-hypercar,93,peugeot-totalenergies,peugeot,peugeot-9x8,true
wec-2023-hypercar-94,wec-2023,wec-2023-hypercar,94,peugeot-totalenergies,peugeot,peugeot-9x8,true
wec-2023-lmp2-35,wec-2023,wec-2023-lmp2,35,alpine-elf-team,oreca,oreca-07-gibson,true
wec-2023-lmp2-23,wec-2023,wec-2023-lmp2,23,united-autosports,oreca,oreca-07-gibson,true
wec-2023-hypercar-708,wec-2023,wec-2023-hypercar,708,glickenhaus-racing,glickenhaus,glickenhaus-007,true
wec-2023-lmgte-am-83,wec-2023,wec-2023-lmgte-am,83,richard-mille-af-corse,ferrari,ferrari-488-gte-evo,true
wec-2023-lmgte-am-88,wec-2023,wec-2023-lmgte-am,88,proton-competition,porsche,porsche-911-rsr-19,true
wec-2023-hypercar-38,wec-2023,wec-2023-hypercar,38,hertz-team-jota,porsche,porsche-963,true
wec-2023-hypercar-3,wec-2023,wec-2023-hypercar,3,cadillac-racing,cadillac,cadillac-v-series-r,true
wec-2023-hypercar-709,wec-2023,wec-2023-hypercar,709,glickenhaus-racing,glickenhaus,glickenhaus-007,false
wec-2023-lmp2-30,wec-2023,wec-2023-lmp2,30,duqueine-team,oreca,oreca-07-gibson,false
wec-2023-hypercar-311,wec-2023,wec-2023-hypercar,311,action-express-racing,cadillac,cadillac-v-series-r,false
wec-2023-lmp2-45,wec-2023,wec-2023-lmp2,45,algarve-pro-racing,oreca,oreca-07-gibson,false
wec-2023-lmp2-37,wec-2023,wec-2023-lmp2,37,cool-racing,oreca,oreca-07-gibson,false
wec-2023-lmp2-65,wec-2023,wec-2023-lmp2,65,panis-racing,oreca,oreca-07-gibson,false
wec-2023-lmp2-43,wec-2023,wec-2023-lmp2,43,dkr-engineering,oreca,oreca-07-gibson,false
wec-2023-lmgte-am-100,wec-2023,wec-2023-lmgte-am,100,walkenhorst-motorsport,ferrari,ferrari-488-gte-evo,false
wec-2023-lmp2-39,wec-2023,wec-2023-lmp2,39,graff-racing,oreca,oreca-07-gibson,false
wec-2023-lmgte-am-74,wec-2023,wec-2023-lmgte-am,74,kessel-racing,ferrari,ferrari-488-gte-evo,false
wec-2023-innovative-car-24,wec-2023,wec-2023-innovative-car,24,hendrick-motorsports,chevrolet,chevrolet-camaro-zl1,false
wec-2023-lmgte-am-911,wec-2023,wec-2023-lmgte-am,911,proton-competition,porsche,porsche-911-rsr-19,false
wec-2023-lmp2-80,wec-2023,wec-2023-lmp2,80,af-corse,oreca,oreca-07-gibson,false
wec-2023-lmp2-47,wec-2023,wec-2023-lmp2,47,cool-racing,oreca,oreca-07-gibson,false
wec-2023-lmp2-32,wec-2023,wec-2023-lmp2,32,inter-europol-competition,oreca,oreca-07-gibson,false
wec-2023-lmgte-am-66,wec-2023,wec-2023-lmgte-am,66,jmw-motorsport,ferrari,ferrari-488-gte-evo,false
wec-2023-lmp2-923,wec-2023,wec-2023-lmp2,923,racing-team-turkey,oreca,oreca-07-gibson,false
wec-2023-hypercar-75,wec-2023,wec-2023-hypercar,75,porsche-penske-motorsport,porsche,porsche-963,false
wec-2023-lmgte-am-72,wec-2023,wec-2023-lmgte-am,72,tf-sport,aston-martin,aston-martin-vantage-amr,false
wec-2023-lmgte-am-16,wec-2023,wec-2023-lmgte-am,16,proton-competition,porsche,porsche-911-rsr-19,false
wec-2023-lmgte-am-55,wec-2023,wec-2023-lmgte-am,55,gmb-motorsport,aston-martin,aston-martin-vantage-amr,false
wec-2023-lmp2-13,wec-2023,wec-2023-lmp2,13,tower-motorsports,oreca,oreca-07-gibson,false
wec-2023-lmp2-14,wec-2023,wec-2023-lmp2,14,nielsen-racing,oreca,oreca-07-gibson,false
wec-2023-hypercar-99,wec-2023,wec-2023-hypercar,99,proton-competition,porsche,porsche-963,true
wec-2024-hypercar-6,wec-2024,wec-2024-hypercar,6,porsche-penske-motorsport,porsche,porsche-963,true
wec-2024-hypercar-12,wec-2024,wec-2024-hypercar,12,hertz-team-jota,porsche,porsche-963,true
wec-2024-hypercar-5,wec-2024,wec-2024-hypercar,5,porsche-penske-motorsport,porsche,porsche-963,true
wec-2024-hypercar-83,wec-2024,wec-2024-hypercar,83,af-corse,ferrari,ferrari-499p,true
wec-2024-hypercar-7,wec-2024,wec-2024-hypercar,7,toyota-gazoo-racing,toyota,toyota-gr010-hybrid,true
wec-2024-hypercar-50,wec-2024,wec-2024-hypercar,50,ferrari-af-corse,ferrari,ferrari-499p,true
wec-2024-hypercar-35,wec-2024,wec-2024-hypercar,35,alpine-endurance-team,alpine,alpine-a424,true
wec-2024-hypercar-8,wec-2024,wec-2024-hypercar,8,toyota-gazoo-racing,toyota,toyota-gr010-hybrid,true
wec-2024-hypercar-99,wec-2024,wec-2024-hypercar,99,proton-competition,porsche,porsche-963,true
wec-2024-hypercar-20,wec-2024,wec-2024-hypercar,20,bmw-m-team-wrt,bmw,bmw-m-hybrid-v8,true
wec-2024-hypercar-36,wec-2024,wec-2024-hypercar,36,alpine-endurance-team,alpine,alpine-a424,true
wec-2024-hypercar-51,wec-2024,wec-2024-hypercar,51,ferrari-af-corse,ferrari,ferrari-499p,true
wec-2024-hypercar-63,wec-2024,wec-2024-hypercar,63,lamborghini-iron-lynx,lamborghini,lamborghini-sc63,true
wec-2024-hypercar-15,wec-2024,wec-2024-hypercar,15,bmw-m-team-wrt,bmw,bmw-m-hybrid-v8,true
wec-2024-hypercar-94,wec-2024,wec-2024-hypercar,94,peugeot-totalenergies,peugeot,peugeot-9x8,true
wec-2024-lmgt3-92,wec-2024,wec-2024-lmgt3,92,manthey-purerxcing,porsche,porsche-911-gt3-r-lmgt3,true
wec-2024-lmgt3-27,wec-2024,wec-2024-lmgt3,27,heart-of-racing-team,aston-martin,aston-martin-vantage-amr-lmgt3,true
wec-2024-lmgt3-777,wec-2024,wec-2024-lmgt3,777,d-station-racing,aston-martin,aston-martin-vantage-amr-lmgt3,true
wec-2024-lmgt3-46,wec-2024,wec-2024-lmgt3,46,team-wrt,bmw,bmw-m4-lmgt3,true
wec-2024-lmgt3-54,wec-2024,wec-2024-lmgt3,54,vista-af-corse,ferrari,ferrari-296-lmgt3,true
wec-2024-lmgt3-31,wec-2024,wec-2024-lmgt3,31,team-wrt,bmw,bmw-m4-lmgt3,true
wec-2024-lmgt3-55,wec-2024,wec-2024-lmgt3,55,vista-af-corse,ferrari,ferrari-296-lmgt3,true
wec-2024-lmgt3-85,wec-2024,wec-2024-lmgt3,85,iron-dames,lamborghini,lamborghini-huracan-lmgt3-evo2,true
wec-2024-lmgt3-88,wec-2024,wec-2024-lmgt3,88,proton-competition,ford,ford-mustang-lmgt3,true
wec-2024-lmgt3-82,wec-2024,wec-2024-lmgt3,82,tf-sport,corvette,corvette-z06-lmgt3-r,true
wec-2024-lmgt3-77,wec-2024,wec-2024-lmgt3,77,proton-competition,ford,ford-mustang-lmgt3,true
wec-2024-lmgt3-60,wec-2024,wec-2024-lmgt3,60,iron-lynx,lamborghini,lamborghini-huracan-lmgt3-evo2,true
wec-2024-lmgt3-95,wec-2024,wec-2024-lmgt3,95,united-autosports,mclaren,mclaren-720s-lmgt3-evo,true
wec-2024-lmgt3-59,wec-2024,wec-2024-lmgt3,59,united-autosports,mclaren,mclaren-720s-lmgt3-evo,true
wec-2024-lmgt3-91,wec-2024,wec-2024-lmgt3,91,manthey-ema,porsche,porsche-911-gt3-r-lmgt3,true
wec-2024-lmgt3-87,wec-2024,wec-2024-lmgt3,87,akkodis-asp-team,lexus,lexus-rc-f-lmgt3,true
wec-2024-hypercar-38,wec-2024,wec-2024-hypercar,38,hertz-team-jota,porsche,porsche-963,true
wec-2024-lmgt3-78,wec-2024,wec-2024-lmgt3,78,akkodis-asp-team,lexus,lexus-rc-f-lmgt3,true
wec-2024-lmgt3-81,wec-2024,wec-2024-lmgt3,81,tf-sport,corvette,corvette-z06-lmgt3-r,true
wec-2024-hypercar-11,wec-2024,wec-2024-hypercar,11,isotta-fraschini,isotta-fraschini,isotta-fraschini-tipo6-c,true
wec-2024-hypercar-2,wec-2024,wec-2024-hypercar,2,cadillac-racing,cadillac,cadillac-v-series-r,true
wec-2024-hypercar-93,wec-2024,wec-2024-hypercar,93,peugeot-totalenergies,peugeot,peugeot-9x8,true
wec-2024-hypercar-19,wec-2024,wec-2024-hypercar,19,lamborghini-iron-lynx,lamborghini,lamborghini-sc63,false
wec-2024-lmp2-22,wec-2024,wec-2024-lmp2,22,united-autosports,oreca,oreca-07-gibson,false
wec-2024-lmp2-34,wec-2024,wec-2024-lmp2,34,inter-europol-competition,oreca,oreca-07-gibson,false
wec-2024-lmp2-28,wec-2024,wec-2024-lmp2,28,idec-sport,oreca,oreca-07-gibson,false
wec-2024-lmp2-183,wec-2024,wec-2024-lmp2,183,af-corse,oreca,oreca-07-gibson,false
wec-2024-lmp2-10,wec-2024,wec-2024-lmp2,10,vector-sport,oreca,oreca-07-gibson,false
wec-2024-lmp2-14,wec-2024,wec-2024-lmp2,14,ao-by-tf,oreca,oreca-07-gibson,false
wec-2024-lmp2-33,wec-2024,wec-2024-lmp2,33,dkr-engineering,oreca,oreca-07-gibson,false
wec-2024-lmp2-25,wec-2024,wec-2024-lmp2,25,algarve-pro-racing,oreca,oreca-07-gibson,false
wec-2024-lmp2-65,wec-2024,wec-2024-lmp2,65,panis-racing,oreca,oreca-07-gibson,false
wec-2024-lmp2-47,wec-2024,wec-2024-lmp2,47,cool-racing,oreca,oreca-07-gibson,false
wec-2024-lmp2-24,wec-2024,wec-2024-lmp2,24,nielsen-racing,oreca,oreca-07-gibson,false
wec-2024-lmp2-37,wec-2024,wec-2024-lmp2,37,cool-racing,oreca,oreca-07-gibson,false
wec-2024-hypercar-311,wec-2024,wec-2024-hypercar,311,whelen-cadillac-racing,cadillac,cadillac-v-series-r,false
wec-2024-lmgt3-44,wec-2024,wec-2024-lmgt3,44,proton-competition,ford,ford-mustang-lmgt3,false
wec-2024-lmgt3-155,wec-2024,wec-2024-lmgt3,155,spirit-of-race,ferrari,ferrari-296-lmgt3,false
wec-2024-lmgt3-86,wec-2024,wec-2024-lmgt3,86,gr-racing,ferrari,ferrari-296-lmgt3,false
wec-2024-lmgt3-70,wec-2024,wec-2024-lmgt3,70,inception-racing,mclaren,mclaren-720s-lmgt3-evo,false
wec-2024-lmp2-23,wec-2024,wec-2024-lmp2,23,united-autosports-usa,oreca,oreca-07-gibson,false
wec-2024-hypercar-3,wec-2024,wec-2024-hypercar,3,cadillac-racing,cadillac,cadillac-v-series-r,false
wec-2024-hypercar-4,wec-2024,wec-2024-hypercar,4,porsche-penske-motorsport,porsche,porsche-963,false
wec-2024-lmp2-45,wec-2024,wec-2024-lmp2,45,crowdstrike-racing-by-apr,oreca,oreca-07-gibson,false
wec-2024-lmp2-30,wec-2024,wec-2024-lmp2,30,duqueine-team,oreca,oreca-07-gibson,false
wec-2024-lmgt3-66,wec-2024,wec-2024-lmgt3,66,jmw-motorsport,ferrari,ferrari-296-lmgt3,false
wec-2024-lmp2-9,wec-2024,wec-2024-lmp2,9,proton-competition,oreca,oreca-07-gibson,false
wec-2025-hypercar-50,wec-2025,wec-2025-hypercar,50,ferrari-af-corse,ferrari,ferrari-499p,true
wec-2025-hypercar-83,wec-2025,wec-2025-hypercar,83,af-corse,ferrari,ferrari-499p,true
wec-2025-hypercar-51,wec-2025,wec-2025-hypercar,51,ferrari-af-corse,ferrari,ferrari-499p,true
wec-2025-hypercar-15,wec-2025,wec-2025-hypercar,15,bmw-m-team-wrt,bmw,bmw-m-hybrid-v8,true
wec-2025-hypercar-8,wec-2025,wec-2025-hypercar,8,toyota-gazoo-racing,toyota,toyota-gr010-hybrid,true
wec-2025-hypercar-7,wec-2025,wec-2025-hypercar,7,toyota-gazoo-racing,toyota,toyota-gr010-hybrid,true
wec-2025-hypercar-20,wec-2025,wec-2025-hypercar,20,bmw-m-team-wrt,bmw,bmw-m-hybrid-v8,true
wec-2025-hypercar-12,wec-2025,wec-2025-hypercar,12,cadillac-hertz-team-jota,cadillac,cadillac-v-series-r,true
wec-2025-hypercar-93,wec-2025,wec-2025-hypercar,93,peugeot-totalenergies,peugeot,peugeot-9x8,true
wec-2025-hypercar-5,wec-2025,wec-2025-hypercar,5,porsche-penske-motorsport,porsche,porsche-963,true
wec-2025-hypercar-6,wec-2025,wec-2025-hypercar,6,porsche-penske-motorsport,porsche,porsche-963,true
wec-2025-hypercar-94,wec-2025,wec-2025-hypercar,94,peugeot-totalenergies,peugeot,peugeot-9x8,true
wec-2025-hypercar-36,wec-2025,wec-2025-hypercar,36,alpine-endurance-team,alpine,alpine-a424,true
wec-2025-hypercar-35,wec-2025,wec-2025-hypercar,35,alpine-endurance-team,alpine,alpine-a424,true
wec-2025-hypercar-99,wec-2025,wec-2025-hypercar,99,proton-competition,porsche,porsche-963,true
wec-2025-hypercar-38,wec-2025,wec-2025-hypercar,38,cadillac-hertz-team-jota,cadillac,cadillac-v-series-r,true
wec-2025-hypercar-009,wec-2025,wec-2025-hypercar,009,aston-martin-thor-team,aston-martin,aston-martin-valkyrie,true
wec-2025-lmgt3-33,wec-2025,wec-2025-lmgt3,33,tf-sport,corvette,corvette-z06-lmgt3-r,true
wec-2025-lmgt3-59,wec-2025,wec-2025-lmgt3,59,united-autosports,mclaren,mclaren-720s-lmgt3-evo,true
wec-2025-lmgt3-31,wec-2025,wec-2025-lmgt3,31,the-bend-team-wrt,bmw,bmw-m4-lmgt3,true
wec-2025-lmgt3-78,wec-2025,wec-2025-lmgt3,78,akkodis-asp-team,lexus,lexus-rc-f-lmgt3,true
wec-2025-lmgt3-21,wec-2025,wec-2025-lmgt3,21,vista-af-corse,ferrari,ferrari-296-lmgt3,true
wec-2025-lmgt3-27,wec-2025,wec-2025-lmgt3,27,heart-of-racing-team,aston-martin,aston-martin-vantage-amr-lmgt3,true
wec-2025-lmgt3-95,wec-2025,wec-2025-lmgt3,95,united-autosports,mclaren,mclaren-720s-lmgt3-evo,true
wec-2025-lmgt3-54,wec-2025,wec-2025-lmgt3,54,vista-af-corse,ferrari,ferrari-296-lmgt3,true
wec-2025-lmgt3-10,wec-2025,wec-2025-lmgt3,10,racing-spirit-of-leman,aston-martin,aston-martin-vantage-amr-lmgt3,true
wec-2025-lmgt3-88,wec-2025,wec-2025-lmgt3,88,proton-competition,ford,ford-mustang-lmgt3,true
wec-2025-lmgt3-46,wec-2025,wec-2025-lmgt3,46,team-wrt,bmw,bmw-m4-lmgt3,true
wec-2025-lmgt3-92,wec-2025,wec-2025-lmgt3,92,manthey-1st-phorm,porsche,porsche-911-gt3-r-lmgt3,true
wec-2025-lmgt3-85,wec-2025,wec-2025-lmgt3,85,iron-dames,porsche,porsche-911-gt3-r-lmgt3,true
wec-2025-lmgt3-60,wec-2025,wec-2025-lmgt3,60,iron-lynx,mercedes-amg,mercedes-amg-lmgt3,true
wec-2025-hypercar-007,wec-2025,wec-2025-hypercar,007,aston-martin-thor-team,aston-martin,aston-martin-valkyrie,true
wec-2025-lmgt3-77,wec-2025,wec-2025-lmgt3,77,proton-competition,ford,ford-mustang-lmgt3,true
wec-2025-lmgt3-61,wec-2025,wec-2025-lmgt3,61,iron-lynx,mercedes-amg,mercedes-amg-lmgt3,true
wec-2025-lmgt3-81,wec-2025,wec-2025-lmgt3,81,tf-sport,corvette,corvette-z06-lmgt3-r,true
wec-2025-lmgt3-87,wec-2025,wec-2025-lmgt3,87,akkodis-asp-team,lexus,lexus-rc-f-lmgt3,true
wec-2025-hypercar-4,wec-2025,wec-2025-hypercar,4,porsche-penske-motorsport,porsche,porsche-963,false
wec-2025-lmp2-43,wec-2025,wec-2025-lmp2,43,inter-europol-competition,oreca,oreca-07-gibson,false
wec-2025-lmp2-48,wec-2025,wec-2025-lmp2,48,vds-panis-racing,oreca,oreca-07-gibson,false
wec-2025-lmp2-199,wec-2025,wec-2025-lmp2,199,ao-by-tf,oreca,oreca-07-gibson,false
wec-2025-lmp2-9,wec-2025,wec-2025-lmp2,9,iron-lynx-proton,oreca,oreca-07-gibson,false
wec-2025-lmp2-29,wec-2025,wec-2025-lmp2,29,tds-racing,oreca,oreca-07-gibson,false
wec-2025-lmp2-11,wec-2025,wec-2025-lmp2,11,proton-competition,oreca,oreca-07-gibson,false
wec-2025-lmp2-22,wec-2025,wec-2025-lmp2,22,united-autosports,oreca,oreca-07-gibson,false
wec-2025-lmp2-25,wec-2025,wec-2025-lmp2,25,algarve-pro-racing,oreca,oreca-07-gibson,false
wec-2025-lmp2-183,wec-2025,wec-2025-lmp2,183,af-corse,oreca,oreca-07-gibson,false
wec-2025-lmp2-34,wec-2025,wec-2025-lmp2,34,inter-europol-competition,oreca,oreca-07-gibson,false
wec-2025-lmp2-23,wec-2025,wec-2025-lmp2,23,united-autosports,oreca,oreca-07-gibson,false
wec-2025-lmp2-16,wec-2025,wec-2025-lmp2,16,rlr-m-sport,oreca,oreca-07-gibson,false
wec-2025-lmp2-45,wec-2025,wec-2025-lmp2,45,algarve-pro-racing,oreca,oreca-07-gibson,false
wec-2025-lmp2-37,wec-2025,wec-2025-lmp2,37,clx-pure-rxcing,oreca,oreca-07-gibson,false
wec-2025-lmgt3-90,wec-2025,wec-2025-lmgt3,90,manthey,porsche,porsche-911-gt3-r-lmgt3,false
wec-2025-lmgt3-57,wec-2025,wec-2025-lmgt3,57,kessel-racing,ferrari,ferrari-296-lmgt3,false
wec-2025-lmgt3-13,wec-2025,wec-2025-lmgt3,13,awa-racing,corvette,corvette-z06-lmgt3-r,false
wec-2025-lmgt3-150,wec-2025,wec-2025-lmgt3,150,richard-mille-af-corse,ferrari,ferrari-296-lmgt3,false
wec-2025-lmgt3-193,wec-2025,wec-2025-lmgt3,193,ziggo-sport-tempesta,ferrari,ferrari-296-lmgt3,false
wec-2025-lmgt3-63,wec-2025,wec-2025-lmgt3,63,iron-lynx,mercedes-amg,mercedes-amg-lmgt3,false
wec-2025-lmp2-28,wec-2025,wec-2025-lmp2,28,idec-sport,oreca,oreca-07-gibson,false
wec-2025-hypercar-311,wec-2025,wec-2025-hypercar,311,cadillac-whelen,cadillac,cadillac-v-series-r,false
wec-2025-lmp2-18,wec-2025,wec-2025-lmp2,18,idec-sport,oreca,oreca-07-gibson,false
wec-2025-hypercar-101,wec-2025,wec-2025-hypercar,101,cadillac-wtr,cadillac,cadillac-v-series-r,false
wec-2025-lmp2-24,wec-2025,wec-2025-lmp2,24,nielsen-racing,oreca,oreca-07-gibson,false
wec-2026-hypercar-8,wec-2026,wec-2026-hypercar,8,toyota-racing,toyota,toyota-tr010-hybrid,true
wec-2026-hypercar-51,wec-2026,wec-2026-hypercar,51,ferrari-af-corse,ferrari,ferrari-499p,true
wec-2026-hypercar-7,wec-2026,wec-2026-hypercar,7,toyota-racing,toyota,toyota-tr010-hybrid,true
wec-2026-hypercar-35,wec-2026,wec-2026-hypercar,35,alpine-endurance-team,alpine,alpine-a424,true
wec-2026-hypercar-20,wec-2026,wec-2026-hypercar,20,bmw-m-team-wrt,bmw,bmw-m-hybrid-v8,true
wec-2026-hypercar-50,wec-2026,wec-2026-hypercar,50,ferrari-af-corse,ferrari,ferrari-499p,true
wec-2026-hypercar-15,wec-2026,wec-2026-hypercar,15,bmw-m-team-wrt,bmw,bmw-m-hybrid-v8,true
wec-2026-hypercar-38,wec-2026,wec-2026-hypercar,38,cadillac-hertz-team-jota,cadillac,cadillac-v-series-r,true
wec-2026-hypercar-007,wec-2026,wec-2026-hypercar,007,aston-martin-thor-team,aston-martin,aston-martin-valkyrie,true
wec-2026-hypercar-83,wec-2026,wec-2026-hypercar,83,af-corse,ferrari,ferrari-499p,true
wec-2026-hypercar-36,wec-2026,wec-2026-hypercar,36,alpine-endurance-team,alpine,alpine-a424,true
wec-2026-hypercar-94,wec-2026,wec-2026-hypercar,94,peugeot-totalenergies,peugeot,peugeot-9x8,true
wec-2026-hypercar-12,wec-2026,wec-2026-hypercar,12,cadillac-hertz-team-jota,cadillac,cadillac-v-series-r,true
wec-2026-hypercar-009,wec-2026,wec-2026-hypercar,009,aston-martin-thor-team,aston-martin,aston-martin-valkyrie,true
wec-2026-hypercar-17,wec-2026,wec-2026-hypercar,17,genesis-magma-racing,genesis,genesis-gmr-001-hypercar,true
wec-2026-hypercar-93,wec-2026,wec-2026-hypercar,93,peugeot-totalenergies,peugeot,peugeot-9x8,true
wec-2026-lmgt3-69,wec-2026,wec-2026-lmgt3,69,team-wrt,bmw,bmw-m4-lmgt3-evo,true
wec-2026-lmgt3-33,wec-2026,wec-2026-lmgt3,33,tf-sport,corvette,corvette-z06-lmgt3-r,true
wec-2026-lmgt3-92,wec-2026,wec-2026-lmgt3,92,the-bend-manthey,porsche,porsche-911-gt3-r-lmgt3,true
wec-2026-lmgt3-91,wec-2026,wec-2026-lmgt3,91,manthey-dk-engineering,porsche,porsche-911-gt3-r-lmgt3,true
wec-2026-lmgt3-32,wec-2026,wec-2026-lmgt3,32,team-wrt,bmw,bmw-m4-lmgt3-evo,true
wec-2026-lmgt3-21,wec-2026,wec-2026-lmgt3,21,vista-af-corse,ferrari,ferrari-296-lmgt3-evo,true
wec-2026-lmgt3-58,wec-2026,wec-2026-lmgt3,58,garage-59,mclaren,mclaren-720s-lmgt3-evo,true
wec-2026-lmgt3-88,wec-2026,wec-2026-lmgt3,88,proton-competition,ford,ford-mustang-lmgt3,true
wec-2026-lmgt3-23,wec-2026,wec-2026-lmgt3,23,heart-of-racing-team,aston-martin,aston-martin-vantage-amr-lmgt3,true
wec-2026-lmgt3-77,wec-2026,wec-2026-lmgt3,77,proton-competition,ford,ford-mustang-lmgt3,true
wec-2026-lmgt3-54,wec-2026,wec-2026-lmgt3,54,vista-af-corse,ferrari,ferrari-296-lmgt3-evo,true
wec-2026-lmgt3-79,wec-2026,wec-2026-lmgt3,79,iron-lynx,mercedes-amg,mercedes-amg-lmgt3,true
wec-2026-hypercar-19,wec-2026,wec-2026-hypercar,19,genesis-magma-racing,genesis,genesis-gmr-001-hypercar,true
wec-2026-lmgt3-10,wec-2026,wec-2026-lmgt3,10,garage-59,mclaren,mclaren-720s-lmgt3-evo,true
wec-2026-lmgt3-78,wec-2026,wec-2026-lmgt3,78,akkodis-asp-team,lexus,lexus-rc-f-lmgt3,true
wec-2026-lmgt3-61,wec-2026,wec-2026-lmgt3,61,iron-lynx,mercedes-amg,mercedes-amg-lmgt3,true
wec-2026-lmgt3-34,wec-2026,wec-2026-lmgt3,34,racing-team-turkey-by-tf,corvette,corvette-z06-lmgt3-r,true
wec-2026-lmgt3-27,wec-2026,wec-2026-lmgt3,27,heart-of-racing-team,aston-martin,aston-martin-vantage-amr-lmgt3,true
wec-2026-lmgt3-87,wec-2026,wec-2026-lmgt3,87,akkodis-asp-team,lexus,lexus-rc-f-lmgt3,true
wec-2026-hypercar-101,wec-2026,wec-2026-hypercar,101,cadillac-wtr,cadillac,cadillac-v-series-r,false
wec-2026-lmp2-43,wec-2026,wec-2026-lmp2,43,inter-europol-competition,oreca,oreca-07-gibson,false
wec-2026-lmp2-343,wec-2026,wec-2026-lmp2,343,inter-europol-competition,oreca,oreca-07-gibson,false
wec-2026-lmp2-29,wec-2026,wec-2026-lmp2,29,forestier-racing-by-panis,oreca,oreca-07-gibson,false
wec-2026-lmp2-26,wec-2026,wec-2026-lmp2,26,vector-sport,oreca,oreca-07-gibson,false
wec-2026-lmp2-37,wec-2026,wec-2026-lmp2,37,clx-motorsport,oreca,oreca-07-gibson,false
wec-2026-lmp2-28,wec-2026,wec-2026-lmp2,28,idec-sport,oreca,oreca-07-gibson,false
wec-2026-lmp2-4,wec-2026,wec-2026-lmp2,4,crowdstrike-racing-by-apr,oreca,oreca-07-gibson,false
wec-2026-lmp2-22,wec-2026,wec-2026-lmp2,22,united-autosports,oreca,oreca-07-gibson,false
wec-2026-lmp2-183,wec-2026,wec-2026-lmp2,183,af-corse,oreca,oreca-07-gibson,false
wec-2026-lmp2-99,wec-2026,wec-2026-lmp2,99,ao-by-tf,oreca,oreca-07-gibson,false
wec-2026-lmp2-9,wec-2026,wec-2026-lmp2,9,proton-competition,oreca,oreca-07-gibson,false
wec-2026-lmp2-25,wec-2026,wec-2026-lmp2,25,algarve-pro-racing,oreca,oreca-07-gibson,false
wec-2026-lmp2-14,wec-2026,wec-2026-lmp2,14,tds-racing,oreca,oreca-07-gibson,false
wec-2026-lmp2-44,wec-2026,wec-2026-lmp2,44,proton-competition,oreca,oreca-07-gibson,false
wec-2026-lmp2-222,wec-2026,wec-2026-lmp2,222,united-autosports,oreca,oreca-07-gibson,false
wec-2026-lmp2-48,wec-2026,wec-2026-lmp2,48,rd-limited,oreca,oreca-07-gibson,false
wec-2026-lmp2-3,wec-2026,wec-2026-lmp2,3,dkr-engineering,oreca,oreca-07-gibson,false
wec-2026-lmp2-24,wec-2026,wec-2026-lmp2,24,nielsen-racing,oreca,oreca-07-gibson,false
wec-2026-lmgt3-150,wec-2026,wec-2026-lmgt3,150,richard-mille-af-corse,ferrari,ferrari-296-lmgt3-evo,false
wec-2026-lmgt3-74,wec-2026,wec-2026-lmgt3,74,kessel-racing,ferrari,ferrari-296-lmgt3-evo,false
wec-2026-lmgt3-57,wec-2026,wec-2026-lmgt3,57,kessel-racing,ferrari,ferrari-296-lmgt3-evo,false
wec-2026-lmgt3-59,wec-2026,wec-2026-lmgt3,59,racing-spirit-of-leman,aston-martin,aston-martin-vantage-amr-lmgt3,false
wec-2026-lmgt3-2,wec-2026,wec-2026-lmgt3,2,tf-sport,corvette,corvette-z06-lmgt3-r,false
wec-2026-lmgt3-62,wec-2026,wec-2026-lmgt3,62,team-qatar-by-iron-lynx,mercedes-amg,mercedes-amg-lmgt3,false
wec-2026-lmp2-30,wec-2026,wec-2026-lmp2,30,duqueine-team,oreca,oreca-07-gibson,false
wec-2026-lmgt3-13,wec-2026,wec-2026-lmgt3,13,13-autosport,corvette,corvette-z06-lmgt3-r,false
