id,seasonId,name,entityType,classId,classIds,sourceUrl
wec-2012-lmp1-drivers,wec-2012,2012 FIAWEC DRIVERS WORLD CHAMPIONSHIP AFTER SHANGHAI,driver,wec-2012-lmp1,wec-2012-lmp1|wec-2012-lmp2|wec-2012-lmgte-pro|wec-2012-lmgte-am|wec-2012-cdnt,https://fiawec.alkamelsystems.com/Results/02_2012/08_SHANGHAI%20INTERNATIONAL%20CIRCUIT/29_FIA%20WEC/201210281100_Race/Hour%206/98_2012_FIAWEC_Drivers_World_Championship_after_Shanghai.PDF
wec-2012-lmp1-manufacturers,wec-2012,2012 FIAWEC LMP1 MANUFACTURERS WORLD CHAMPIONSHIP AFTER SHANGHAI,manufacturer,wec-2012-lmp1,wec-2012-lmp1,https://fiawec.alkamelsystems.com/Results/02_2012/08_SHANGHAI%20INTERNATIONAL%20CIRCUIT/29_FIA%20WEC/201210281100_Race/Hour%206/98_2012_FIAWEC_LMP1_Manufacturers_World_Championship_after_Shanghai.PDF
wec-2012-lmgte-pro-manufacturers,wec-2012,2012 LMGTE MANUFACTURERS WORLD CUP AFTER SHANGHAI,manufacturer,wec-2012-lmgte-pro,wec-2012-lmgte-pro|wec-2012-lmgte-am,https://fiawec.alkamelsystems.com/Results/02_2012/08_SHANGHAI%20INTERNATIONAL%20CIRCUIT/29_FIA%20WEC/201210281100_Race/Hour%206/98_2012_LMGTE_Manufacturers_World_Cup_after_Shanghai.PDF
wec-2012-lmp1-private-teams,wec-2012,FIA Endurance Trophy for Private LMP1 Teams,team,wec-2012-lmp1,wec-2012-lmp1,https://fiawec.alkamelsystems.com/Results/02_2012/08_SHANGHAI%20INTERNATIONAL%20CIRCUIT/29_FIA%20WEC/201210281100_Race/Hour%206/98_2012_Teams_Trophy_after_Shanghai.PDF
wec-2012-lmp2-teams,wec-2012,FIA Endurance Trophy for LMP2 Teams,team,wec-2012-lmp2,wec-2012-lmp2,https://fiawec.alkamelsystems.com/Results/02_2012/08_SHANGHAI%20INTERNATIONAL%20CIRCUIT/29_FIA%20WEC/201210281100_Race/Hour%206/98_2012_Teams_Trophy_after_Shanghai.PDF
wec-2012-lmgte-pro-teams,wec-2012,FIA Endurance Trophy for LMGTE Pro Teams,team,wec-2012-lmgte-pro,wec-2012-lmgte-pro,https://fiawec.alkamelsystems.com/Results/02_2012/08_SHANGHAI%20INTERNATIONAL%20CIRCUIT/29_FIA%20WEC/201210281100_Race/Hour%206/98_2012_Teams_Trophy_after_Shanghai.PDF
wec-2012-lmgte-am-teams,wec-2012,FIA Endurance Trophy for LMGTE Am Teams,team,wec-2012-lmgte-am,wec-2012-lmgte-am,https://fiawec.alkamelsystems.com/Results/02_2012/08_SHANGHAI%20INTERNATIONAL%20CIRCUIT/29_FIA%20WEC/201210281100_Race/Hour%206/98_2012_Teams_Trophy_after_Shanghai.PDF
wec-2013-lmgte-pro-drivers,wec-2013,FIAWEC FINAL GT DRIVERS ENDURANCE CUP CLASSIFICATION AFTER BAHRAIN,driver,wec-2013-lmgte-pro,wec-2013-lmgte-pro|wec-2013-lmgte-am,https://fiawec.alkamelsystems.com/Results/03_2013/09_BAHRAIN%20INTERNATIONAL%20CIRCUIT/27_FIA%20WEC/201311301500_Race/zz_Championships/FIAWEC_FINAL_GT_DRIVERS_ENDURANCE_CUP_CLASSIFICATION_AFTER_BAHRAIN.pdf
wec-2013-lmgte-pro-manufacturers,wec-2013,FIAWEC FINAL GT MANUFACTURERS ENDURANCE CUP CLASSIFICATION AFTER BAHRAIN,manufacturer,wec-2013-lmgte-pro,wec-2013-lmgte-pro|wec-2013-lmgte-am,https://fiawec.alkamelsystems.com/Results/03_2013/09_BAHRAIN%20INTERNATIONAL%20CIRCUIT/27_FIA%20WEC/201311301500_Race/zz_Championships/FIAWEC_FINAL_GT_MANUFACTURERS_ENDURANCE_CUP_CLASSIFICATION_AFTER_BAHRAIN.pdf
wec-2013-lmgte-am-drivers,wec-2013,FIAWEC FINAL LMGTE AM DRIVERS ENDURANCE TROPHY AFTER BAHRAIN,driver,wec-2013-lmgte-am,wec-2013-lmgte-am,https://fiawec.alkamelsystems.com/Results/03_2013/09_BAHRAIN%20INTERNATIONAL%20CIRCUIT/27_FIA%20WEC/201311301500_Race/zz_Championships/FIAWEC_FINAL_LMGTE_AM_DRIVERS_ENDURANCE_TROPHY_AFTER_BAHRAIN.pdf
wec-2013-lmgte-am-teams,wec-2013,FIAWEC FINAL LMGTE AM TEAMS TROPHY AFTER BAHRAIN,competitor,wec-2013-lmgte-am,wec-2013-lmgte-am,https://fiawec.alkamelsystems.com/Results/03_2013/09_BAHRAIN%20INTERNATIONAL%20CIRCUIT/27_FIA%20WEC/201311301500_Race/zz_Championships/FIAWEC_FINAL_LMGTE_AM_TEAMS_TROPHY_AFTER_BAHRAIN.pdf
wec-2013-lmgte-pro-teams,wec-2013,FIAWEC FINAL LMGTE PRO TEAMS ENDURANCE TROPHY AFTER BAHRAIN,competitor,wec-2013-lmgte-pro,wec-2013-lmgte-pro,https://fiawec.alkamelsystems.com/Results/03_2013/09_BAHRAIN%20INTERNATIONAL%20CIRCUIT/27_FIA%20WEC/201311301500_Race/zz_Championships/FIAWEC_FINAL_LMGTE_PRO_TEAMS_ENDURANCE_TROPHY_AFTER_BAHRAIN.pdf
wec-2013-lmp1-private-teams,wec-2013,FIAWEC FINAL LMP1 PRIVATE TEAMS ENDURANCE TROPHY AFTER BAHRAIN,competitor,wec-2013-lmp1,wec-2013-lmp1,https://fiawec.alkamelsystems.com/Results/03_2013/09_BAHRAIN%20INTERNATIONAL%20CIRCUIT/27_FIA%20WEC/201311301500_Race/zz_Championships/FIAWEC_FINAL_LMP1_PRIVATE_TEAMS_ENDURANCE_TROPHY_AFTER_BAHRAIN.pdf
wec-2013-lmp2-drivers,wec-2013,FIAWEC FINAL LMP2 DRIVERS ENDURANCE TROPHY AFTER BAHRAIN,driver,wec-2013-lmp2,wec-2013-lmp2,https://fiawec.alkamelsystems.com/Results/03_2013/09_BAHRAIN%20INTERNATIONAL%20CIRCUIT/27_FIA%20WEC/201311301500_Race/zz_Championships/FIAWEC_FINAL_LMP2_DRIVERS_ENDURANCE_TROPHY_AFTER_BAHRAIN.pdf
wec-2013-lmp2-teams,wec-2013,FIAWEC FINAL LMP2 TEAMS ENDURANCE TROPHY AFTER BAHRAIN,competitor,wec-2013-lmp2,wec-2013-lmp2,https://fiawec.alkamelsystems.com/Results/03_2013/09_BAHRAIN%20INTERNATIONAL%20CIRCUIT/27_FIA%20WEC/201311301500_Race/zz_Championships/FIAWEC_FINAL_LMP2_TEAMS_ENDURANCE_TROPHY_AFTER_BAHRAIN.pdf
wec-2013-lmp1-drivers,wec-2013,FIAWEC FINAL LMP DRIVERS CHAMPIONSHIP CLASSIFICATION AFTER BAHRAIN,driver,wec-2013-lmp1,wec-2013-lmp1|wec-2013-lmp2,https://fiawec.alkamelsystems.com/Results/03_2013/09_BAHRAIN%20INTERNATIONAL%20CIRCUIT/27_FIA%20WEC/201311301500_Race/zz_Championships/FIAWEC_FINAL_LMP_DRIVERS_CHAMPIONSHIP_CLASSIFICATION_AFTER_BAHRAIN.pdf
wec-2013-lmp1-manufacturers,wec-2013,FIAWEC FINAL MANUFACTURER CHAMPIONSHIP CLASSIFICATION AFTER BAHRAIN,manufacturer,wec-2013-lmp1,wec-2013-lmp1,https://fiawec.alkamelsystems.com/Results/03_2013/09_BAHRAIN%20INTERNATIONAL%20CIRCUIT/27_FIA%20WEC/201311301500_Race/zz_Championships/FIAWEC_FINAL_MANUFACTURER_CHAMPIONSHIP_CLASSIFICATION_AFTER_BAHRAIN.pdf
wec-2014-lmgte-pro-drivers,wec-2014,FIAWEC GT DRIVERS ENDURANCE CUP CLASSIFICATION AFTER SAO PAULO,driver,wec-2014-lmgte-pro,wec-2014-lmgte-pro|wec-2014-lmgte-am,https://fiawec.alkamelsystems.com/Results/04_2014/08_INTERLAGOS/73_FIA%20WEC/201411301300_Race/Championships/FIAWEC_GT_DRIVERS_ENDURANCE_CUP_CLASSIFICATION_AFTER_SAO_PAULO.pdf
wec-2014-lmgte-pro-manufacturers,wec-2014,FIAWEC GT MANUFACTURERS ENDURANCE CUP CLASSIFICATION AFTER SAO PAULO,manufacturer,wec-2014-lmgte-pro,wec-2014-lmgte-pro|wec-2014-lmgte-am,https://fiawec.alkamelsystems.com/Results/04_2014/08_INTERLAGOS/73_FIA%20WEC/201411301300_Race/Championships/FIAWEC_GT_MANUFACTURERS_ENDURANCE_CUP_CLASSIFICATION_AFTER_SAO_PAULO.pdf
wec-2014-lmgte-am-drivers,wec-2014,FIAWEC LMGTE AM DRIVERS ENDURANCE TROPHY AFTER SAO PAULO,driver,wec-2014-lmgte-am,wec-2014-lmgte-am,https://fiawec.alkamelsystems.com/Results/04_2014/08_INTERLAGOS/73_FIA%20WEC/201411301300_Race/Championships/FIAWEC_LMGTE_AM_DRIVERS_ENDURANCE_TROPHY_AFTER_SAO_PAULO.pdf
wec-2014-lmgte-am-teams,wec-2014,FIAWEC LMGTE AM TEAMS TROPHY AFTER SAO PAULO,competitor,wec-2014-lmgte-am,wec-2014-lmgte-am,https://fiawec.alkamelsystems.com/Results/04_2014/08_INTERLAGOS/73_FIA%20WEC/201411301300_Race/Championships/FIAWEC_LMGTE_AM_TEAMS_TROPHY_AFTER_SAO_PAULO.pdf
wec-2014-lmgte-pro-teams,wec-2014,FIAWEC LMGTE PRO TEAMS ENDURANCE TROPHY AFTER SAO PAULO,competitor,wec-2014-lmgte-pro,wec-2014-lmgte-pro,https://fiawec.alkamelsystems.com/Results/04_2014/08_INTERLAGOS/73_FIA%20WEC/201411301300_Race/Championships/FIAWEC_LMGTE_PRO_TEAMS_ENDURANCE_TROPHY_AFTER_SAO_PAULO.pdf
wec-2014-lmp1-private-drivers,wec-2014,FIAWEC LMP1 PRIVATE TEAMS DRIVERS TROPHY CLASSIFICATION AFTER SAO PAULO,driver,wec-2014-lmp1,wec-2014-lmp1,https://fiawec.alkamelsystems.com/Results/04_2014/08_INTERLAGOS/73_FIA%20WEC/201411301300_Race/Championships/FIAWEC_LMP1_PRIVATE_TEAMS_DRIVERS_TROPHY_CLASSIFICATION_AFTER_SAO_PAULO.pdf
wec-2014-lmp1-private-teams,wec-2014,FIAWEC LMP1 PRIVATE TEAMS ENDURANCE TROPHY AFTER SAO PAULO,competitor,wec-2014-lmp1,wec-2014-lmp1,https://fiawec.alkamelsystems.com/Results/04_2014/08_INTERLAGOS/73_FIA%20WEC/201411301300_Race/Championships/FIAWEC_LMP1_PRIVATE_TEAMS_ENDURANCE_TROPHY_AFTER_SAO_PAULO.pdf
wec-2014-lmp2-drivers,wec-2014,FIAWEC LMP2 DRIVERS ENDURANCE TROPHY AFTER SAO PAULO,driver,wec-2014-lmp2,wec-2014-lmp2,https://fiawec.alkamelsystems.com/Results/04_2014/08_INTERLAGOS/73_FIA%20WEC/201411301300_Race/Championships/FIAWEC_LMP2_DRIVERS_ENDURANCE_TROPHY_AFTER_SAO_PAULO.pdf
wec-2014-lmp2-teams,wec-2014,FIAWEC LMP2 TEAMS ENDURANCE TROPHY AFTER SAO PAULO,competitor,wec-2014-lmp2,wec-2014-lmp2,https://fiawec.alkamelsystems.com/Results/04_2014/08_INTERLAGOS/73_FIA%20WEC/201411301300_Race/Championships/FIAWEC_LMP2_TEAMS_ENDURANCE_TROPHY_AFTER_SAO_PAULO.pdf
wec-2014-lmp1-drivers,wec-2014,FIAWEC LMP DRIVERS CHAMPIONSHIP CLASSIFICATION AFTER SAO PAULO,driver,wec-2014-lmp1,wec-2014-lmp1|wec-2014-lmp2,https://fiawec.alkamelsystems.com/Results/04_2014/08_INTERLAGOS/73_FIA%20WEC/201411301300_Race/Championships/FIAWEC_LMP_DRIVERS_CHAMPIONSHIP_CLASSIFICATION_AFTER_SAO_PAULO.pdf
wec-2014-lmp1-manufacturers,wec-2014,FIAWEC MANUFACTURER CHAMPIONSHIP CLASSIFICATION AFTER SAO PAULO,manufacturer,wec-2014-lmp1,wec-2014-lmp1,https://fiawec.alkamelsystems.com/Results/04_2014/08_INTERLAGOS/73_FIA%20WEC/201411301300_Race/Championships/FIAWEC_MANUFACTURER_CHAMPIONSHIP_CLASSIFICATION_AFTER_SAO_PAULO.pdf
wec-2015-lmgte-pro-drivers,wec-2015,FIAWEC GT DRIVERS ENDURANCE CUP CLASSIFICATION AFTER BAHRAIN,driver,wec-2015-lmgte-pro,wec-2015-lmgte-pro|wec-2015-lmgte-am,https://fiawec.alkamelsystems.com/Results/05_2015/08_BAHRAIN%20INTERNATIONAL%20CIRCUIT/102_FIA%20WEC/201511211500_Race/Championships/FIAWEC_GT_DRIVERS_ENDURANCE_CUP_CLASSIFICATION_AFTER_BAHRAIN.pdf
wec-2015-lmgte-pro-manufacturers,wec-2015,FIAWEC GT MANUFACTURERS ENDURANCE CUP CLASSIFICATION AFTER BAHRAIN,manufacturer,wec-2015-lmgte-pro,wec-2015-lmgte-pro|wec-2015-lmgte-am,https://fiawec.alkamelsystems.com/Results/05_2015/08_BAHRAIN%20INTERNATIONAL%20CIRCUIT/102_FIA%20WEC/201511211500_Race/Championships/FIAWEC_GT_MANUFACTURERS_ENDURANCE_CUP_CLASSIFICATION_AFTER_BAHRAIN.pdf
wec-2015-lmgte-am-drivers,wec-2015,FIAWEC LMGTE AM DRIVERS ENDURANCE TROPHY AFTER BAHRAIN,driver,wec-2015-lmgte-am,wec-2015-lmgte-am,https://fiawec.alkamelsystems.com/Results/05_2015/08_BAHRAIN%20INTERNATIONAL%20CIRCUIT/102_FIA%20WEC/201511211500_Race/Championships/FIAWEC_LMGTE_AM_DRIVERS_ENDURANCE_TROPHY_AFTER_BAHRAIN.pdf
wec-2015-lmgte-am-teams,wec-2015,FIAWEC LMGTE AM TEAMS TROPHY AFTER BAHRAIN,competitor,wec-2015-lmgte-am,wec-2015-lmgte-am,https://fiawec.alkamelsystems.com/Results/05_2015/08_BAHRAIN%20INTERNATIONAL%20CIRCUIT/102_FIA%20WEC/201511211500_Race/Championships/FIAWEC_LMGTE_AM_TEAMS_TROPHY_AFTER_BAHRAIN.pdf
wec-2015-lmgte-pro-teams,wec-2015,FIAWEC LMGTE PRO TEAMS ENDURANCE TROPHY AFTER BAHRAIN,competitor,wec-2015-lmgte-pro,wec-2015-lmgte-pro,https://fiawec.alkamelsystems.com/Results/05_2015/08_BAHRAIN%20INTERNATIONAL%20CIRCUIT/102_FIA%20WEC/201511211500_Race/Championships/FIAWEC_LMGTE_PRO_TEAMS_ENDURANCE_TROPHY_AFTER_BAHRAIN.pdf
wec-2015-lmp1-private-drivers,wec-2015,FIAWEC LMP1 PRIVATE TEAMS DRIVERS TROPHY CLASSIFICATION AFTER BAHRAIN,driver,wec-2015-lmp1,wec-2015-lmp1,https://fiawec.alkamelsystems.com/Results/05_2015/08_BAHRAIN%20INTERNATIONAL%20CIRCUIT/102_FIA%20WEC/201511211500_Race/Championships/FIAWEC_LMP1_PRIVATE_TEAMS_DRIVERS_TROPHY_CLASSIFICATION_AFTER_BAHRAIN.pdf
wec-2015-lmp1-private-teams,wec-2015,FIAWEC LMP1 PRIVATE TEAMS ENDURANCE TROPHY AFTER BAHRAIN,competitor,wec-2015-lmp1,wec-2015-lmp1,https://fiawec.alkamelsystems.com/Results/05_2015/08_BAHRAIN%20INTERNATIONAL%20CIRCUIT/102_FIA%20WEC/201511211500_Race/Championships/FIAWEC_LMP1_PRIVATE_TEAMS_ENDURANCE_TROPHY_AFTER_BAHRAIN.pdf
wec-2015-lmp2-drivers,wec-2015,FIAWEC LMP2 DRIVERS ENDURANCE TROPHY AFTER BAHRAIN,driver,wec-2015-lmp2,wec-2015-lmp2,https://fiawec.alkamelsystems.com/Results/05_2015/08_BAHRAIN%20INTERNATIONAL%20CIRCUIT/102_FIA%20WEC/201511211500_Race/Championships/FIAWEC_LMP2_DRIVERS_ENDURANCE_TROPHY_AFTER_BAHRAIN.pdf
wec-2015-lmp2-teams,wec-2015,FIAWEC LMP2 TEAMS ENDURANCE TROPHY AFTER BAHRAIN,competitor,wec-2015-lmp2,wec-2015-lmp2,https://fiawec.alkamelsystems.com/Results/05_2015/08_BAHRAIN%20INTERNATIONAL%20CIRCUIT/102_FIA%20WEC/201511211500_Race/Championships/FIAWEC_LMP2_TEAMS_ENDURANCE_TROPHY_AFTER_BAHRAIN.pdf
wec-2015-lmp1-drivers,wec-2015,FIAWEC LMP DRIVERS CHAMPIONSHIP CLASSIFICATION AFTER BAHRAIN,driver,wec-2015-lmp1,wec-2015-lmp1|wec-2015-lmp2,https://fiawec.alkamelsystems.com/Results/05_2015/08_BAHRAIN%20INTERNATIONAL%20CIRCUIT/102_FIA%20WEC/201511211500_Race/Championships/FIAWEC_LMP_DRIVERS_CHAMPIONSHIP_CLASSIFICATION_AFTER_BAHRAIN.pdf
wec-2015-lmp1-manufacturers,wec-2015,FIAWEC MANUFACTURER CHAMPIONSHIP CLASSIFICATION AFTER BAHRAIN,manufacturer,wec-2015-lmp1,wec-2015-lmp1,https://fiawec.alkamelsystems.com/Results/05_2015/08_BAHRAIN%20INTERNATIONAL%20CIRCUIT/102_FIA%20WEC/201511211500_Race/Championships/FIAWEC_MANUFACTURER_CHAMPIONSHIP_CLASSIFICATION_AFTER_BAHRAIN.pdf
wec-2016-lmgte-pro-drivers,wec-2016,FIAWEC GT DRIVERS ENDURANCE CUP CLASSIFICATION AFTER BAHRAIN,driver,wec-2016-lmgte-pro,wec-2016-lmgte-pro|wec-2016-lmgte-am,https://fiawec.alkamelsystems.com/Results/06_2016/09_BAHRAIN%20INTERNATIONAL%20CIRCUIT/145_FIA%20WEC/201611191600_Race/Championships/FIAWEC_GT_DRIVERS_ENDURANCE_CUP_CLASSIFICATION_AFTER_BAHRAIN.pdf
wec-2016-lmgte-pro-manufacturers,wec-2016,FIAWEC GT MANUFACTURERS ENDURANCE CUP CLASSIFICATION AFTER BAHRAIN,manufacturer,wec-2016-lmgte-pro,wec-2016-lmgte-pro|wec-2016-lmgte-am,https://fiawec.alkamelsystems.com/Results/06_2016/09_BAHRAIN%20INTERNATIONAL%20CIRCUIT/145_FIA%20WEC/201611191600_Race/Championships/FIAWEC_GT_MANUFACTURERS_ENDURANCE_CUP_CLASSIFICATION_AFTER_BAHRAIN.pdf
wec-2016-lmgte-am-drivers,wec-2016,FIAWEC LMGTE AM DRIVERS ENDURANCE TROPHY AFTER BAHRAIN,driver,wec-2016-lmgte-am,wec-2016-lmgte-am,https://fiawec.alkamelsystems.com/Results/06_2016/09_BAHRAIN%20INTERNATIONAL%20CIRCUIT/145_FIA%20WEC/201611191600_Race/Championships/FIAWEC_LMGTE_AM_DRIVERS_ENDURANCE_TROPHY_AFTER_BAHRAIN.pdf
wec-2016-lmgte-am-teams,wec-2016,FIAWEC LMGTE AM TEAMS TROPHY AFTER BAHRAIN,competitor,wec-2016-lmgte-am,wec-2016-lmgte-am,https://fiawec.alkamelsystems.com/Results/06_2016/09_BAHRAIN%20INTERNATIONAL%20CIRCUIT/145_FIA%20WEC/201611191600_Race/Championships/FIAWEC_LMGTE_AM_TEAMS_TROPHY_AFTER_BAHRAIN.pdf
wec-2016-lmgte-pro-teams,wec-2016,FIAWEC LMGTE PRO TEAMS ENDURANCE TROPHY AFTER BAHRAIN,competitor,wec-2016-lmgte-pro,wec-2016-lmgte-pro,https://fiawec.alkamelsystems.com/Results/06_2016/09_BAHRAIN%20INTERNATIONAL%20CIRCUIT/145_FIA%20WEC/201611191600_Race/Championships/FIAWEC_LMGTE_PRO_TEAMS_ENDURANCE_TROPHY_AFTER_BAHRAIN.pdf
wec-2016-lmp1-private-drivers,wec-2016,FIAWEC LMP1 PRIVATE TEAMS DRIVERS TROPHY CLASSIFICATION AFTER BAHRAIN,driver,wec-2016-lmp1,wec-2016-lmp1,https://fiawec.alkamelsystems.com/Results/06_2016/09_BAHRAIN%20INTERNATIONAL%20CIRCUIT/145_FIA%20WEC/201611191600_Race/Championships/FIAWEC_LMP1_PRIVATE_TEAMS_DRIVERS_TROPHY_CLASSIFICATION_AFTER_BAHRAIN.pdf
wec-2016-lmp1-private-teams,wec-2016,FIAWEC LMP1 PRIVATE TEAMS ENDURANCE TROPHY AFTER BAHRAIN,competitor,wec-2016-lmp1,wec-2016-lmp1,https://fiawec.alkamelsystems.com/Results/06_2016/09_BAHRAIN%20INTERNATIONAL%20CIRCUIT/145_FIA%20WEC/201611191600_Race/Championships/FIAWEC_LMP1_PRIVATE_TEAMS_ENDURANCE_TROPHY_AFTER_BAHRAIN.pdf
wec-2016-lmp2-drivers,wec-2016,FIAWEC LMP2 DRIVERS ENDURANCE TROPHY AFTER BAHRAIN,driver,wec-2016-lmp2,wec-2016-lmp2,https://fiawec.alkamelsystems.com/Results/06_2016/09_BAHRAIN%20INTERNATIONAL%20CIRCUIT/145_FIA%20WEC/201611191600_Race/Championships/FIAWEC_LMP2_DRIVERS_ENDURANCE_TROPHY_AFTER_BAHRAIN.pdf
wec-2016-lmp2-teams,wec-2016,FIAWEC LMP2 TEAMS ENDURANCE TROPHY AFTER BAHRAIN,competitor,wec-2016-lmp2,wec-2016-lmp2,https://fiawec.alkamelsystems.com/Results/06_2016/09_BAHRAIN%20INTERNATIONAL%20CIRCUIT/145_FIA%20WEC/201611191600_Race/Championships/FIAWEC_LMP2_TEAMS_ENDURANCE_TROPHY_AFTER_BAHRAIN.pdf
wec-2016-lmp1-drivers,wec-2016,FIAWEC LMP DRIVERS CHAMPIONSHIP CLASSIFICATION AFTER BAHRAIN,driver,wec-2016-lmp1,wec-2016-lmp1|wec-2016-lmp2,https://fiawec.alkamelsystems.com/Results/06_2016/09_BAHRAIN%20INTERNATIONAL%20CIRCUIT/145_FIA%20WEC/201611191600_Race/Championships/FIAWEC_LMP_DRIVERS_CHAMPIONSHIP_CLASSIFICATION_AFTER_BAHRAIN.pdf
wec-2016-lmp1-manufacturers,wec-2016,FIAWEC MANUFACTURER CHAMPIONSHIP CLASSIFICATION AFTER BAHRAIN,manufacturer,wec-2016-lmp1,wec-2016-lmp1,https://fiawec.alkamelsystems.com/Results/06_2016/09_BAHRAIN%20INTERNATIONAL%20CIRCUIT/145_FIA%20WEC/201611191600_Race/Championships/FIAWEC_MANUFACTURER_CHAMPIONSHIP_CLASSIFICATION_AFTER_BAHRAIN.pdf
wec-2017-lmgte-am-drivers,wec-2017,GT AM FIA WORLD ENDURANCE DRIVERS TROPHY AFTER BAHRAIN,driver,wec-2017-lmgte-am,wec-2017-lmgte-am,https://fiawec.alkamelsystems.com/Results/07_2017/09_BAHRAIN%20INTERNATIONAL%20CIRCUIT/210_FIA%20WEC/ZZ_CHAMPIONSHIPS/2017_GT_AM_FIA_WORLD_ENDURANCE_DRIVERS_TROPHY_AFTER_BAHRAIN.PDF
wec-2017-lmgte-am-teams,wec-2017,GT AM FIA WORLD ENDURANCE TEAMS TROPHY AFTER BAHRAIN,competitor,wec-2017-lmgte-am,wec-2017-lmgte-am,https://fiawec.alkamelsystems.com/Results/07_2017/09_BAHRAIN%20INTERNATIONAL%20CIRCUIT/210_FIA%20WEC/ZZ_CHAMPIONSHIPS/2017_GT_AM_FIA_WORLD_ENDURANCE_TEAMS_TROPHY_AFTER_BAHRAIN.PDF
wec-2017-lmgte-pro-drivers,wec-2017,GT FIA WORLD ENDURANCE DRIVERS CHAMPIONSHIP AFTER BAHRAIN,driver,wec-2017-lmgte-pro,wec-2017-lmgte-pro|wec-2017-lmgte-am,https://fiawec.alkamelsystems.com/Results/07_2017/09_BAHRAIN%20INTERNATIONAL%20CIRCUIT/210_FIA%20WEC/ZZ_CHAMPIONSHIPS/2017_GT_FIA_WORLD_ENDURANCE_DRIVERS_CHAMPIONSHIP_AFTER_BAHRAIN.PDF
wec-2017-lmgte-pro-manufacturers,wec-2017,GT FIA WORLD ENDURANCE MANUFACTURERS CHAMPIONSHIP AFTER BAHRAIN,manufacturer,wec-2017-lmgte-pro,wec-2017-lmgte-pro|wec-2017-lmgte-am,https://fiawec.alkamelsystems.com/Results/07_2017/09_BAHRAIN%20INTERNATIONAL%20CIRCUIT/210_FIA%20WEC/ZZ_CHAMPIONSHIPS/2017_GT_FIA_WORLD_ENDURANCE_MANUFACTURERS_CHAMPIONSHIP_AFTER_BAHRAIN.PDF
wec-2017-lmgte-pro-teams,wec-2017,GT PRO FIA WORLD ENDURANCE TEAMS TROPHY AFTER BAHRAIN,competitor,wec-2017-lmgte-pro,wec-2017-lmgte-pro,https://fiawec.alkamelsystems.com/Results/07_2017/09_BAHRAIN%20INTERNATIONAL%20CIRCUIT/210_FIA%20WEC/ZZ_CHAMPIONSHIPS/2017_GT_PRO_FIA_WORLD_ENDURANCE_TEAMS_TROPHY_AFTER_BAHRAIN.PDF
wec-2017-lmp1-manufacturers,wec-2017,LMP1 FIA WORLD ENDURANCE MANUFACTURERS CHAMPIONSHIP AFTER BAHRAIN,manufacturer,wec-2017-lmp1,wec-2017-lmp1,https://fiawec.alkamelsystems.com/Results/07_2017/09_BAHRAIN%20INTERNATIONAL%20CIRCUIT/210_FIA%20WEC/ZZ_CHAMPIONSHIPS/2017_LMP1_FIA_WORLD_ENDURANCE_MANUFACTURERS_CHAMPIONSHIP_AFTER_BAHRAIN.PDF
wec-2017-lmp2-drivers,wec-2017,LMP2 FIA WORLD ENDURANCE DRIVERS TROPHY AFTER BAHRAIN,driver,wec-2017-lmp2,wec-2017-lmp2,https://fiawec.alkamelsystems.com/Results/07_2017/09_BAHRAIN%20INTERNATIONAL%20CIRCUIT/210_FIA%20WEC/ZZ_CHAMPIONSHIPS/2017_LMP2_FIA_WORLD_ENDURANCE_DRIVERS_TROPHY_AFTER_BAHRAIN.PDF
wec-2017-lmp2-teams,wec-2017,LMP2 FIA WORLD ENDURANCE TEAMS TROPHY AFTER BAHRAIN,competitor,wec-2017-lmp2,wec-2017-lmp2,https://fiawec.alkamelsystems.com/Results/07_2017/09_BAHRAIN%20INTERNATIONAL%20CIRCUIT/210_FIA%20WEC/ZZ_CHAMPIONSHIPS/2017_LMP2_FIA_WORLD_ENDURANCE_TEAMS_TROPHY_AFTER_BAHRAIN.PDF
wec-2017-lmp1-drivers,wec-2017,LMP FIA WORLD ENDURANCE DRIVERS CHAMPIONSHIP AFTER BAHRAIN,driver,wec-2017-lmp1,wec-2017-lmp1|wec-2017-lmp2,https://fiawec.alkamelsystems.com/Results/07_2017/09_BAHRAIN%20INTERNATIONAL%20CIRCUIT/210_FIA%20WEC/ZZ_CHAMPIONSHIPS/2017_LMP_FIA_WORLD_ENDURANCE_DRIVERS_CHAMPIONSHIP_AFTER_BAHRAIN.PDF
wec-2018-2019-lmgte-am-drivers,wec-2018-2019,GTE AM DRIVERS FIA ENDURANCE TROPHY AFTER LEMANS,driver,wec-2018-2019-lmgte-am,wec-2018-2019-lmgte-am,https://fiawec.alkamelsystems.com/Results/08_2018-2019/08_LE%20MANS/276_FIA%20WEC/Final%20Championships/2019_GTE_AM_DRIVERS_FIA_ENDURANCE_TROPHY_AFTER_LEMANS.pdf
wec-2018-2019-lmgte-am-teams,wec-2018-2019,GTE AM TEAMS FIA ENDURANCE TROPHY AFTER LEMANS,competitor,wec-2018-2019-lmgte-am,wec-2018-2019-lmgte-am,https://fiawec.alkamelsystems.com/Results/08_2018-2019/08_LE%20MANS/276_FIA%20WEC/Final%20Championships/2019_GTE_AM_TEAMS_FIA_ENDURANCE_TROPHY_AFTER_LEMANS.pdf
wec-2018-2019-lmp1-teams,wec-2018-2019,LMP1 WORLD ENDURANCE CHAMPIONSHIP AFTER LEMANS,team,wec-2018-2019-lmp1,wec-2018-2019-lmp1,https://fiawec.alkamelsystems.com/Results/08_2018-2019/08_LE%20MANS/276_FIA%20WEC/Final%20Championships/2019_LMP1_WORLD_ENDURANCE_CHAMPIONSHIP_AFTER_LEMANS.pdf
wec-2018-2019-lmp2-drivers,wec-2018-2019,LMP2 DRIVERS FIA ENDURANCE TROPHY AFTER LEMANS,driver,wec-2018-2019-lmp2,wec-2018-2019-lmp2,https://fiawec.alkamelsystems.com/Results/08_2018-2019/08_LE%20MANS/276_FIA%20WEC/Final%20Championships/2019_LMP2_DRIVERS_FIA_ENDURANCE_TROPHY_AFTER_LEMANS.pdf
wec-2018-2019-lmp2-teams,wec-2018-2019,LMP2 FIA WORLD ENDURANCE TEAMS TROPHY AFTER LEMANS,competitor,wec-2018-2019-lmp2,wec-2018-2019-lmp2,https://fiawec.alkamelsystems.com/Results/08_2018-2019/08_LE%20MANS/276_FIA%20WEC/Final%20Championships/2019_LMP2_FIA_WORLD_ENDURANCE_TEAMS_TROPHY_AFTER_LEMANS.pdf
wec-2018-2019-lmp1-drivers,wec-2018-2019,LMP WORLD ENDURANCE DRIVERS CHAMPIONSHIP AFTER LEMANS,driver,wec-2018-2019-lmp1,wec-2018-2019-lmp1|wec-2018-2019-lmp2,https://fiawec.alkamelsystems.com/Results/08_2018-2019/08_LE%20MANS/276_FIA%20WEC/Final%20Championships/2019_LMP_WORLD_ENDURANCE_DRIVERS_CHAMPIONSHIP_AFTER_LEMANS.pdf
wec-2018-2019-lmgte-pro-drivers,wec-2018-2019,WORLD ENDURANCE GTE DRIVERS CHAMPIONSHIP AFTER LEMANS,driver,wec-2018-2019-lmgte-pro,wec-2018-2019-lmgte-pro|wec-2018-2019-lmgte-am,https://fiawec.alkamelsystems.com/Results/08_2018-2019/08_LE%20MANS/276_FIA%20WEC/Final%20Championships/2019_WORLD_ENDURANCE_GTE_DRIVERS_CHAMPIONSHIP_AFTER_LEMANS.pdf
wec-2018-2019-lmgte-pro-manufacturers,wec-2018-2019,WORLD ENDURANCE GTE MANUFACTURERS CHAMPIONSHIP AFTER LEMANS,manufacturer,wec-2018-2019-lmgte-pro,wec-2018-2019-lmgte-pro|wec-2018-2019-lmgte-am,https://fiawec.alkamelsystems.com/Results/08_2018-2019/08_LE%20MANS/276_FIA%20WEC/Final%20Championships/2019_WORLD_ENDURANCE_GTE_MANUFACTURERS_CHAMPIONSHIP_AFTER_LEMANS.pdf
wec-2019-2020-lmgte-am-drivers,wec-2019-2020,2019-2020 GTE AM DRIVERS FIA ENDURANCE TROPHY AFTER BAHRAIN,driver,wec-2019-2020-lmgte-am,wec-2019-2020-lmgte-am,https://fiawec.alkamelsystems.com/Results/09_2019-2020/08_BAHRAIN%20INTERNATIONAL%20CIRCUIT/Final%20Championships/2019-2020_GTE_AM_DRIVERS_FIA_ENDURANCE_TROPHY_AFTER_BAHRAIN.pdf
wec-2019-2020-lmgte-am-teams,wec-2019-2020,2019-2020 GTE AM TEAMS FIA ENDURANCE TROPHY AFTER BAHRAIN,competitor,wec-2019-2020-lmgte-am,wec-2019-2020-lmgte-am,https://fiawec.alkamelsystems.com/Results/09_2019-2020/08_BAHRAIN%20INTERNATIONAL%20CIRCUIT/Final%20Championships/2019-2020_GTE_AM_TEAMS_FIA_ENDURANCE_TROPHY_AFTER_BAHRAIN.pdf
wec-2019-2020-lmp1-teams,wec-2019-2020,2019-2020 LMP1 WORLD ENDURANCE CHAMPIONSHIP AFTER BAHRAIN,team,wec-2019-2020-lmp1,wec-2019-2020-lmp1,https://fiawec.alkamelsystems.com/Results/09_2019-2020/08_BAHRAIN%20INTERNATIONAL%20CIRCUIT/Final%20Championships/2019-2020_LMP1_WORLD_ENDURANCE_CHAMPIONSHIP_AFTER_BAHRAIN.pdf
wec-2019-2020-lmp2-drivers,wec-2019-2020,2019-2020 LMP2 DRIVERS FIA ENDURANCE TROPHY AFTER BAHRAIN,driver,wec-2019-2020-lmp2,wec-2019-2020-lmp2,https://fiawec.alkamelsystems.com/Results/09_2019-2020/08_BAHRAIN%20INTERNATIONAL%20CIRCUIT/Final%20Championships/2019-2020_LMP2_DRIVERS_FIA_ENDURANCE_TROPHY_AFTER_BAHRAIN.pdf
wec-2019-2020-lmp2-teams,wec-2019-2020,2019-2020 LMP2 FIA WORLD ENDURANCE TEAMS TROPHY AFTER BAHRAIN,competitor,wec-2019-2020-lmp2,wec-2019-2020-lmp2,https://fiawec.alkamelsystems.com/Results/09_2019-2020/08_BAHRAIN%20INTERNATIONAL%20CIRCUIT/Final%20Championships/2019-2020_LMP2_FIA_WORLD_ENDURANCE_TEAMS_TROPHY_AFTER_BAHRAIN.pdf
wec-2019-2020-lmp1-drivers,wec-2019-2020,2019-2020 LMP WORLD ENDURANCE DRIVERS CHAMPIONSHIP AFTER BAHRAIN,driver,wec-2019-2020-lmp1,wec-2019-2020-lmp1|wec-2019-2020-lmp2,https://fiawec.alkamelsystems.com/Results/09_2019-2020/08_BAHRAIN%20INTERNATIONAL%20CIRCUIT/Final%20Championships/2019-2020_LMP_WORLD_ENDURANCE_DRIVERS_CHAMPIONSHIP_AFTER_BAHRAIN.pdf
wec-2019-2020-lmgte-pro-drivers,wec-2019-2020,2019-2020 WORLD ENDURANCE GTE DRIVERS CHAMPIONSHIP AFTER BAHRAIN,driver,wec-2019-2020-lmgte-pro,wec-2019-2020-lmgte-pro|wec-2019-2020-lmgte-am,https://fiawec.alkamelsystems.com/Results/09_2019-2020/08_BAHRAIN%20INTERNATIONAL%20CIRCUIT/Final%20Championships/2019-2020_WORLD_ENDURANCE_GTE_DRIVERS_CHAMPIONSHIP_AFTER_BAHRAIN.pdf
wec-2019-2020-lmgte-pro-manufacturers,wec-2019-2020,2019-2020 WORLD ENDURANCE GTE MANUFACTURERS CHAMPIONSHIP AFTER BAHRAIN,manufacturer,wec-2019-2020-lmgte-pro,wec-2019-2020-lmgte-pro|wec-2019-2020-lmgte-am,https://fiawec.alkamelsystems.com/Results/09_2019-2020/08_BAHRAIN%20INTERNATIONAL%20CIRCUIT/Final%20Championships/2019-2020_WORLD_ENDURANCE_GTE_MANUFACTURERS_CHAMPIONSHIP_AFTER_BAHRAIN.pdf
wec-2021-lmgte-am-drivers,wec-2021,FIA ENDURANCE TROPHY LMGTE AM DRIVERS AFTER 8HBAHRAIN,driver,wec-2021-lmgte-am,wec-2021-lmgte-am,https://fiawec.alkamelsystems.com/Results/10_2021/06_BAHRAIN%20INTERNATIONAL%20CIRCUIT%208%20HOURS/398_FIA%20WEC/Final%20Championships/2021_FIA_Endurance_Trophy_LMGTE_Am_Drivers_After_8hBahrain.pdf
wec-2021-lmgte-am-teams,wec-2021,FIA ENDURANCE TROPHY LMGTE AM TEAMS AFTER 8HBAHRAIN,competitor,wec-2021-lmgte-am,wec-2021-lmgte-am,https://fiawec.alkamelsystems.com/Results/10_2021/06_BAHRAIN%20INTERNATIONAL%20CIRCUIT%208%20HOURS/398_FIA%20WEC/Final%20Championships/2021_FIA_Endurance_Trophy_LMGTE_Am_Teams_After_8hBahrain.pdf
wec-2021-lmp2-drivers,wec-2021,FIA ENDURANCE TROPHY LMP2 DRIVERS AFTER 8HBAHRAIN,driver,wec-2021-lmp2,wec-2021-lmp2,https://fiawec.alkamelsystems.com/Results/10_2021/06_BAHRAIN%20INTERNATIONAL%20CIRCUIT%208%20HOURS/398_FIA%20WEC/Final%20Championships/2021_FIA_Endurance_Trophy_LMP2_Drivers_After_8hBahrain.pdf
wec-2021-lmp2-pro-am-drivers,wec-2021,FIA ENDURANCE TROPHY LMP2 PROAM DRIVERS AFTER 8HBAHRAIN,driver,wec-2021-lmp2,wec-2021-lmp2,https://fiawec.alkamelsystems.com/Results/10_2021/06_BAHRAIN%20INTERNATIONAL%20CIRCUIT%208%20HOURS/398_FIA%20WEC/Final%20Championships/2021_FIA_Endurance_Trophy_LMP2_ProAm_Drivers_After_8hBahrain.pdf
wec-2021-lmp2-pro-am-teams,wec-2021,FIA ENDURANCE TROPHY LMP2 PROAM TEAMS AFTER 8HBAHRAIN,competitor,wec-2021-lmp2,wec-2021-lmp2,https://fiawec.alkamelsystems.com/Results/10_2021/06_BAHRAIN%20INTERNATIONAL%20CIRCUIT%208%20HOURS/398_FIA%20WEC/Final%20Championships/2021_FIA_Endurance_Trophy_LMP2_ProAm_Teams_After_8hBahrain.pdf
wec-2021-lmp2-teams,wec-2021,FIA ENDURANCE TROPHY LMP2 TEAMS AFTER 8HBAHRAIN,competitor,wec-2021-lmp2,wec-2021-lmp2,https://fiawec.alkamelsystems.com/Results/10_2021/06_BAHRAIN%20INTERNATIONAL%20CIRCUIT%208%20HOURS/398_FIA%20WEC/Final%20Championships/2021_FIA_Endurance_Trophy_LMP2_Teams_After_8hBahrain.pdf
wec-2021-hypercar-teams,wec-2021,HYPERCAR WORLD ENDURANCE CHAMPIONSHIP AFTER 8HBAHRAIN,team,wec-2021-hypercar,wec-2021-hypercar,https://fiawec.alkamelsystems.com/Results/10_2021/06_BAHRAIN%20INTERNATIONAL%20CIRCUIT%208%20HOURS/398_FIA%20WEC/Final%20Championships/2021_Hypercar_World_Endurance_Championship_After_8hBahrain.pdf
wec-2021-hypercar-drivers,wec-2021,HYPERCAR WORLD ENDURANCE DRIVERS CHAMPIONSHIP AFTER 8HBAHRAIN,driver,wec-2021-hypercar,wec-2021-hypercar,https://fiawec.alkamelsystems.com/Results/10_2021/06_BAHRAIN%20INTERNATIONAL%20CIRCUIT%208%20HOURS/398_FIA%20WEC/Final%20Championships/2021_Hypercar_World_Endurance_Drivers_Championship_After_8hBahrain.pdf
wec-2021-lmgte-pro-manufacturers,wec-2021,LMGTE WORLD ENDURANCE MANUFACTURERS CHAMPIONSHIP AFTER 8HBAHRAIN,manufacturer,wec-2021-lmgte-pro,wec-2021-lmgte-pro|wec-2021-lmgte-am,https://fiawec.alkamelsystems.com/Results/10_2021/06_BAHRAIN%20INTERNATIONAL%20CIRCUIT%208%20HOURS/398_FIA%20WEC/Final%20Championships/2021_LMGTE_World_Endurance_Manufacturers_Championship_After_8hBahrain.pdf
wec-2021-lmgte-pro-drivers,wec-2021,WORLD ENDURANCE DRIVERS CHAMPIONSHIP LMGTE DRIVERS AFTER 8HBAHRAIN,driver,wec-2021-lmgte-pro,wec-2021-lmgte-pro|wec-2021-lmgte-am,https://fiawec.alkamelsystems.com/Results/10_2021/06_BAHRAIN%20INTERNATIONAL%20CIRCUIT%208%20HOURS/398_FIA%20WEC/Final%20Championships/2021_World_Endurance_Drivers_Championship_LMGTE_Drivers_After_8hBahrain.pdf
wec-2022-hypercar-manufacturers,wec-2022,FIA Hypercar World Endurance Manufacturers’ Championship,manufacturer,wec-2022-hypercar,wec-2022-hypercar,https://fiawec.alkamelsystems.com/Results/11_2022/06_BAHRAIN%20INTERNATIONAL%20CIRCUIT/455_FIA%20WEC/Final%20Championships/2022_Hypercar_World_Endurance_Manufacturers_Championship_After_BAHRAIN.pdf
wec-2022-hypercar-drivers,wec-2022,FIA Hypercar World Endurance Drivers’ Championship,driver,wec-2022-hypercar,wec-2022-hypercar,https://fiawec.alkamelsystems.com/Results/11_2022/06_BAHRAIN%20INTERNATIONAL%20CIRCUIT/455_FIA%20WEC/Final%20Championships/2022_Hypercar_World_Endurance_Drivers_Championship_After_BAHRAIN.pdf
wec-2022-lmgte-manufacturers,wec-2022,FIA LMGTE World Endurance Manufacturers’ Championship,manufacturer,wec-2022-lmgte-pro,wec-2022-lmgte-pro|wec-2022-lmgte-am,https://fiawec.alkamelsystems.com/Results/11_2022/06_BAHRAIN%20INTERNATIONAL%20CIRCUIT/455_FIA%20WEC/Final%20Championships/2022_LMGTE_World_Endurance_Manufacturers_Championship_After_BAHRAIN.pdf
wec-2022-lmgte-drivers,wec-2022,FIA LMGTE World Endurance Drivers’ Championship,driver,wec-2022-lmgte-pro,wec-2022-lmgte-pro|wec-2022-lmgte-am,https://fiawec.alkamelsystems.com/Results/11_2022/06_BAHRAIN%20INTERNATIONAL%20CIRCUIT/455_FIA%20WEC/Final%20Championships/2022_World_Endurance_Drivers_Championship_LMGTE_Drivers_After_BAHRAIN.pdf
wec-2022-lmp2-teams,wec-2022,FIA Endurance Trophy for LMP2 Teams,competitor,wec-2022-lmp2,wec-2022-lmp2,https://fiawec.alkamelsystems.com/Results/11_2022/06_BAHRAIN%20INTERNATIONAL%20CIRCUIT/455_FIA%20WEC/Final%20Championships/2022_FIA_Endurance_Trophy_LMP2_Teams_After_BAHRAIN.pdf
wec-2022-lmp2-drivers,wec-2022,FIA Endurance Trophy for LMP2 Drivers,driver,wec-2022-lmp2,wec-2022-lmp2,https://fiawec.alkamelsystems.com/Results/11_2022/06_BAHRAIN%20INTERNATIONAL%20CIRCUIT/455_FIA%20WEC/Final%20Championships/2022_FIA_Endurance_Trophy_LMP2_Drivers_After_BAHRAIN.pdf
wec-2022-lmp2-pro-am-teams,wec-2022,FIA Endurance Trophy for LMP2 Pro/Am Teams,competitor,wec-2022-lmp2,wec-2022-lmp2,https://fiawec.alkamelsystems.com/Results/11_2022/06_BAHRAIN%20INTERNATIONAL%20CIRCUIT/455_FIA%20WEC/Final%20Championships/2022_FIA_Endurance_Trophy_LMP2_ProAm_Teams_After_BAHRAIN.pdf
wec-2022-lmp2-pro-am-drivers,wec-2022,FIA Endurance Trophy for LMP2 Pro/Am Drivers,driver,wec-2022-lmp2,wec-2022-lmp2,https://fiawec.alkamelsystems.com/Results/11_2022/06_BAHRAIN%20INTERNATIONAL%20CIRCUIT/455_FIA%20WEC/Final%20Championships/2022_FIA_Endurance_Trophy_LMP2_ProAm_Drivers_After_BAHRAIN.pdf
wec-2022-lmgte-am-teams,wec-2022,FIA Endurance Trophy for LMGTE Am Teams,competitor,wec-2022-lmgte-am,wec-2022-lmgte-am,https://fiawec.alkamelsystems.com/Results/11_2022/06_BAHRAIN%20INTERNATIONAL%20CIRCUIT/455_FIA%20WEC/Final%20Championships/2022_FIA_Endurance_Trophy_LMGTE_Am_Teams_After_BAHRAIN.pdf
wec-2022-lmgte-am-drivers,wec-2022,FIA Endurance Trophy for LMGTE Am Drivers,driver,wec-2022-lmgte-am,wec-2022-lmgte-am,https://fiawec.alkamelsystems.com/Results/11_2022/06_BAHRAIN%20INTERNATIONAL%20CIRCUIT/455_FIA%20WEC/Final%20Championships/2022_FIA_Endurance_Trophy_LMGTE_Am_Drivers_After_BAHRAIN.pdf
wec-2023-hypercar-manufacturers,wec-2023,FIA Hypercar World Endurance Manufacturers’ Championship,manufacturer,wec-2023-hypercar,wec-2023-hypercar,https://fiawec.alkamelsystems.com/Results/12_2023/07_BAHRAIN%20INTERNATIONAL%20CIRCUIT/513_FIA%20WEC/Final%20Championships/2023_Hypercar_World_Endurance_Manufacturers_Championship_After_Bahrain.pdf
wec-2023-hypercar-teams,wec-2023,FIA World Cup for Hypercar Teams,competitor,wec-2023-hypercar,wec-2023-hypercar,https://fiawec.alkamelsystems.com/Results/12_2023/07_BAHRAIN%20INTERNATIONAL%20CIRCUIT/513_FIA%20WEC/Final%20Championships/2023_FIA_Endurance_Trophy_Hypercar_Teams_After_Bahrain.pdf
wec-2023-hypercar-drivers,wec-2023,FIA Hypercar World Endurance Drivers’ Championship,driver,wec-2023-hypercar,wec-2023-hypercar,https://fiawec.alkamelsystems.com/Results/12_2023/07_BAHRAIN%20INTERNATIONAL%20CIRCUIT/513_FIA%20WEC/Final%20Championships/2023_Hypercar_World_Endurance_Drivers_Championship_After_Bahrain.pdf
wec-2023-lmp2-teams,wec-2023,FIA Endurance Trophy for LMP2 Teams,competitor,wec-2023-lmp2,wec-2023-lmp2,https://fiawec.alkamelsystems.com/Results/12_2023/07_BAHRAIN%20INTERNATIONAL%20CIRCUIT/513_FIA%20WEC/Final%20Championships/2023_FIA_Endurance_Trophy_LMP2_Teams_After_Bahrain.pdf
wec-2023-lmp2-drivers,wec-2023,FIA Endurance Trophy for LMP2 Drivers,driver,wec-2023-lmp2,wec-2023-lmp2,https://fiawec.alkamelsystems.com/Results/12_2023/07_BAHRAIN%20INTERNATIONAL%20CIRCUIT/513_FIA%20WEC/Final%20Championships/2023_FIA_Endurance_Trophy_LMP2_Drivers_After_Bahrain.pdf
wec-2023-lmgte-am-teams,wec-2023,FIA Endurance Trophy for LMGTE Am Teams,competitor,wec-2023-lmgte-am,wec-2023-lmgte-am,https://fiawec.alkamelsystems.com/Results/12_2023/07_BAHRAIN%20INTERNATIONAL%20CIRCUIT/513_FIA%20WEC/Final%20Championships/2023_FIA_Endurance_Trophy_LMGTE_Am_Teams_After_Bahrain.pdf
wec-2023-lmgte-am-drivers,wec-2023,FIA Endurance Trophy for LMGTE Am Drivers,driver,wec-2023-lmgte-am,wec-2023-lmgte-am,https://fiawec.alkamelsystems.com/Results/12_2023/07_BAHRAIN%20INTERNATIONAL%20CIRCUIT/513_FIA%20WEC/Final%20Championships/2023_FIA_Endurance_Trophy_LMGTE_Am_Drivers_After_Bahrain.pdf
wec-2024-hypercar-manufacturers,wec-2024,FIA Hypercar World Endurance Manufacturers’ Championship,manufacturer,wec-2024-hypercar,wec-2024-hypercar,https://fiawec.alkamelsystems.com/Results/13_2024/08_BAHRAIN%20INTERNATIONAL%20CIRCUIT/575_FIA%20WEC/Final%20Championships/02_2024_Hypercar_World_Endurance_Manufacturers_Championship_After_Bahrain.pdf
wec-2024-hypercar-teams,wec-2024,FIA World Cup for Hypercar Teams,competitor,wec-2024-hypercar,wec-2024-hypercar,https://fiawec.alkamelsystems.com/Results/13_2024/08_BAHRAIN%20INTERNATIONAL%20CIRCUIT/575_FIA%20WEC/Final%20Championships/03_2024_FIA_Endurance_Trophy_Hypercar_Teams_After_Bahrain.pdf
wec-2024-hypercar-drivers,wec-2024,FIA Hypercar World Endurance Drivers’ Championship,driver,wec-2024-hypercar,wec-2024-hypercar,https://fiawec.alkamelsystems.com/Results/13_2024/08_BAHRAIN%20INTERNATIONAL%20CIRCUIT/575_FIA%20WEC/Final%20Championships/01_2024_Hypercar_World_Endurance_Drivers_Championship_After_Bahrain.pdf
wec-2024-lmgt3-teams,wec-2024,FIA Endurance Trophy for LMGT3 Teams,competitor,wec-2024-lmgt3,wec-2024-lmgt3,https://fiawec.alkamelsystems.com/Results/13_2024/08_BAHRAIN%20INTERNATIONAL%20CIRCUIT/575_FIA%20WEC/Final%20Championships/05_2024_FIA_Endurance_Trophy_LMGT3_Teams_After_Bahrain.pdf
wec-2024-lmgt3-drivers,wec-2024,FIA Endurance Trophy for LMGT3 Drivers,driver,wec-2024-lmgt3,wec-2024-lmgt3,https://fiawec.alkamelsystems.com/Results/13_2024/08_BAHRAIN%20INTERNATIONAL%20CIRCUIT/575_FIA%20WEC/Final%20Championships/04_2024_FIA_Endurance_Trophy_LMGT3_Drivers_After_Bahrain.pdf
wec-2025-hypercar-manufacturers,wec-2025,FIA Hypercar World Endurance Manufacturers’ Championship,manufacturer,wec-2025-hypercar,wec-2025-hypercar,https://www.fiawec.com/en/season/2025
wec-2025-hypercar-teams,wec-2025,FIA World Cup for Hypercar Teams,competitor,wec-2025-hypercar,wec-2025-hypercar,https://www.fiawec.com/en/season/2025
wec-2025-hypercar-drivers,wec-2025,FIA Hypercar World Endurance Drivers’ Championship,driver,wec-2025-hypercar,wec-2025-hypercar,https://www.fiawec.com/en/season/2025
wec-2025-lmgt3-teams,wec-2025,FIA Endurance Trophy for LMGT3 Teams,competitor,wec-2025-lmgt3,wec-2025-lmgt3,https://www.fiawec.com/en/season/2025
wec-2025-lmgt3-drivers,wec-2025,FIA Endurance Trophy for LMGT3 Drivers,driver,wec-2025-lmgt3,wec-2025-lmgt3,https://www.fiawec.com/en/season/2025
