id,seasonId,year,round,date,endDate,name,circuitId,formatType,scheduledMinutes,scheduledDistanceKm,pointsScale,status,sourceUrl
wec-2012-r1-sebring,wec-2012,2012,1,2012-03-17,2012-03-17,1000 Miles of Sebring,sebring,distance,,1609,extended,completed,https://fiawec.alkamelsystems.com/?season=02_2012
wec-2012-r2-spa,wec-2012,2012,2,2012-05-05,2012-05-05,6 Hours of Spa-Francorchamps,spa-francorchamps,duration,360,,standard,completed,https://fiawec.alkamelsystems.com/?season=02_2012
wec-2012-r3-le-mans,wec-2012,2012,3,2012-06-16,2012-06-17,24 Hours of Le Mans,le-mans,duration,1440,,le-mans,completed,https://fiawec.alkamelsystems.com/?season=02_2012
wec-2012-r4-silverstone,wec-2012,2012,4,2012-08-26,2012-08-26,6 Hours of Silverstone,silverstone,duration,360,,standard,completed,https://fiawec.alkamelsystems.com/?season=02_2012
wec-2012-r5-sao-paulo,wec-2012,2012,5,2012-09-15,2012-09-15,6 Hours of Sao Paulo,interlagos,duration,360,,standard,completed,https://fiawec.alkamelsystems.com/?season=02_2012
wec-2012-r6-bahrain,wec-2012,2012,6,2012-09-29,2012-09-29,6 Hours of Bahrain,bahrain,duration,360,,standard,completed,https://fiawec.alkamelsystems.com/?season=02_2012
wec-2012-r7-fuji,wec-2012,2012,7,2012-10-14,2012-10-14,6 Hours of Fuji,fuji,duration,360,,standard,completed,https://fiawec.alkamelsystems.com/?season=02_2012
wec-2012-r8-shanghai,wec-2012,2012,8,2012-10-28,2012-10-28,6 Hours of Shanghai,shanghai,duration,360,,standard,completed,https://fiawec.alkamelsystems.com/?season=02_2012
wec-2013-r1-silverstone,wec-2013,2013,1,2013-04-14,2013-04-14,6 Hours of Silverstone,silverstone,duration,360,,standard,completed,https://fiawec.alkamelsystems.com/?season=03_2013
wec-2013-r2-spa,wec-2013,2013,2,2013-05-04,2013-05-04,6 Hours of Spa-Francorchamps,spa-francorchamps,duration,360,,standard,completed,https://fiawec.alkamelsystems.com/?season=03_2013
wec-2013-r3-le-mans,wec-2013,2013,3,2013-06-22,2013-06-23,24 Hours of Le Mans,le-mans,duration,1440,,le-mans,completed,https://fiawec.alkamelsystems.com/?season=03_2013
wec-2013-r4-sao-paulo,wec-2013,2013,4,2013-09-01,2013-09-01,6 Hours of Sao Paulo,interlagos,duration,360,,standard,completed,https://fiawec.alkamelsystems.com/?season=03_2013
wec-2013-r5-cota,wec-2013,2013,5,2013-09-22,2013-09-22,Lone Star Le Mans,circuit-of-the-americas,duration,360,,standard,completed,https://fiawec.alkamelsystems.com/?season=03_2013
wec-2013-r6-fuji,wec-2013,2013,6,2013-10-20,2013-10-20,6 Hours of Fuji,fuji,duration,360,,standard,completed,https://fiawec.alkamelsystems.com/?season=03_2013
wec-2013-r7-shanghai,wec-2013,2013,7,2013-11-09,2013-11-09,6 Hours of Shanghai,shanghai,duration,360,,standard,completed,https://fiawec.alkamelsystems.com/?season=03_2013
wec-2013-r8-bahrain,wec-2013,2013,8,2013-11-30,2013-11-30,6 Hours of Bahrain,bahrain,duration,360,,standard,completed,https://fiawec.alkamelsystems.com/?season=03_2013
wec-2014-r1-silverstone,wec-2014,2014,1,2014-04-20,2014-04-20,6 Hours of Silverstone,silverstone,duration,360,,standard,completed,https://fiawec.alkamelsystems.com/?season=04_2014
wec-2014-r2-spa,wec-2014,2014,2,2014-05-03,2014-05-03,6 Hours of Spa-Francorchamps,spa-francorchamps,duration,360,,standard,completed,https://fiawec.alkamelsystems.com/?season=04_2014
wec-2014-r3-le-mans,wec-2014,2014,3,2014-06-14,2014-06-15,24 Hours of Le Mans,le-mans,duration,1440,,le-mans,completed,https://fiawec.alkamelsystems.com/?season=04_2014
wec-2014-r4-cota,wec-2014,2014,4,2014-09-20,2014-09-20,Lone Star Le Mans,circuit-of-the-americas,duration,360,,standard,completed,https://fiawec.alkamelsystems.com/?season=04_2014
wec-2014-r5-fuji,wec-2014,2014,5,2014-10-12,2014-10-12,6 Hours of Fuji,fuji,duration,360,,standard,completed,https://fiawec.alkamelsystems.com/?season=04_2014
wec-2014-r6-shanghai,wec-2014,2014,6,2014-11-02,2014-11-02,6 Hours of Shanghai,shanghai,duration,360,,standard,completed,https://fiawec.alkamelsystems.com/?season=04_2014
wec-2014-r7-bahrain,wec-2014,2014,7,2014-11-15,2014-11-15,6 Hours of Bahrain,bahrain,duration,360,,standard,completed,https://fiawec.alkamelsystems.com/?season=04_2014
wec-2014-r8-sao-paulo,wec-2014,2014,8,2014-11-30,2014-11-30,6 Hours of Sao Paulo,interlagos,duration,360,,standard,completed,https://fiawec.alkamelsystems.com/?season=04_2014
wec-2015-r1-silverstone,wec-2015,2015,1,2015-04-12,2015-04-12,6 Hours of Silverstone,silverstone,duration,360,,standard,completed,https://fiawec.alkamelsystems.com/?season=05_2015
wec-2015-r2-spa,wec-2015,2015,2,2015-05-02,2015-05-02,6 Hours of Spa-Francorchamps,spa-francorchamps,duration,360,,standard,completed,https://fiawec.alkamelsystems.com/?season=05_2015
wec-2015-r3-le-mans,wec-2015,2015,3,2015-06-13,2015-06-14,24 Hours of Le Mans,le-mans,duration,1440,,le-mans,completed,https://fiawec.alkamelsystems.com/?season=05_2015
wec-2015-r4-nurburgring,wec-2015,2015,4,2015-08-30,2015-08-30,6 Hours of Nurburgring,nurburgring,duration,360,,standard,completed,https://fiawec.alkamelsystems.com/?season=05_2015
wec-2015-r5-cota,wec-2015,2015,5,2015-09-19,2015-09-19,Lone Star Le Mans,circuit-of-the-americas,duration,360,,standard,completed,https://fiawec.alkamelsystems.com/?season=05_2015
wec-2015-r6-fuji,wec-2015,2015,6,2015-10-11,2015-10-11,6 Hours of Fuji,fuji,duration,360,,standard,completed,https://fiawec.alkamelsystems.com/?season=05_2015
wec-2015-r7-shanghai,wec-2015,2015,7,2015-11-01,2015-11-01,6 Hours of Shanghai,shanghai,duration,360,,standard,completed,https://fiawec.alkamelsystems.com/?season=05_2015
wec-2015-r8-bahrain,wec-2015,2015,8,2015-11-21,2015-11-21,6 Hours of Bahrain,bahrain,duration,360,,standard,completed,https://fiawec.alkamelsystems.com/?season=05_2015
wec-2016-r1-silverstone,wec-2016,2016,1,2016-04-17,2016-04-17,6 Hours of Silverstone,silverstone,duration,360,,standard,completed,https://fiawec.alkamelsystems.com/?season=06_2016
wec-2016-r2-spa,wec-2016,2016,2,2016-05-07,2016-05-07,6 Hours of Spa-Francorchamps,spa-francorchamps,duration,360,,standard,completed,https://fiawec.alkamelsystems.com/?season=06_2016
wec-2016-r3-le-mans,wec-2016,2016,3,2016-06-18,2016-06-19,24 Hours of Le Mans,le-mans,duration,1440,,le-mans,completed,https://fiawec.alkamelsystems.com/?season=06_2016
wec-2016-r4-nurburgring,wec-2016,2016,4,2016-07-24,2016-07-24,6 Hours of Nurburgring,nurburgring,duration,360,,standard,completed,https://fiawec.alkamelsystems.com/?season=06_2016
wec-2016-r5-mexico-city,wec-2016,2016,5,2016-09-03,2016-09-03,6 Hours of Mexico,mexico-city,duration,360,,standard,completed,https://fiawec.alkamelsystems.com/?season=06_2016
wec-2016-r6-cota,wec-2016,2016,6,2016-09-17,2016-09-17,Lone Star Le Mans,circuit-of-the-americas,duration,360,,standard,completed,https://fiawec.alkamelsystems.com/?season=06_2016
wec-2016-r7-fuji,wec-2016,2016,7,2016-10-16,2016-10-16,6 Hours of Fuji,fuji,duration,360,,standard,completed,https://fiawec.alkamelsystems.com/?season=06_2016
wec-2016-r8-shanghai,wec-2016,2016,8,2016-11-06,2016-11-06,6 Hours of Shanghai,shanghai,duration,360,,standard,completed,https://fiawec.alkamelsystems.com/?season=06_2016
wec-2016-r9-bahrain,wec-2016,2016,9,2016-11-19,2016-11-19,6 Hours of Bahrain,bahrain,duration,360,,standard,completed,https://fiawec.alkamelsystems.com/?season=06_2016
wec-2017-r1-silverstone,wec-2017,2017,1,2017-04-16,2017-04-16,6 Hours of Silverstone,silverstone,duration,360,,standard,completed,https://fiawec.alkamelsystems.com/?season=07_2017
wec-2017-r2-spa,wec-2017,2017,2,2017-05-06,2017-05-06,6 Hours of Spa-Francorchamps,spa-francorchamps,duration,360,,standard,completed,https://fiawec.alkamelsystems.com/?season=07_2017
wec-2017-r3-le-mans,wec-2017,2017,3,2017-06-17,2017-06-18,24 Hours of Le Mans,le-mans,duration,1440,,le-mans,completed,https://fiawec.alkamelsystems.com/?season=07_2017
wec-2017-r4-nurburgring,wec-2017,2017,4,2017-07-16,2017-07-16,6 Hours of Nurburgring,nurburgring,duration,360,,standard,completed,https://fiawec.alkamelsystems.com/?season=07_2017
wec-2017-r5-mexico-city,wec-2017,2017,5,2017-09-03,2017-09-03,6 Hours of Mexico,mexico-city,duration,360,,standard,completed,https://fiawec.alkamelsystems.com/?season=07_2017
wec-2017-r6-cota,wec-2017,2017,6,2017-09-16,2017-09-16,Lone Star Le Mans,circuit-of-the-americas,duration,360,,standard,completed,https://fiawec.alkamelsystems.com/?season=07_2017
wec-2017-r7-fuji,wec-2017,2017,7,2017-10-15,2017-10-15,6 Hours of Fuji,fuji,duration,360,,standard,completed,https://fiawec.alkamelsystems.com/?season=07_2017
wec-2017-r8-shanghai,wec-2017,2017,8,2017-11-05,2017-11-05,6 Hours of Shanghai,shanghai,duration,360,,standard,completed,https://fiawec.alkamelsystems.com/?season=07_2017
wec-2017-r9-bahrain,wec-2017,2017,9,2017-11-18,2017-11-18,6 Hours of Bahrain,bahrain,duration,360,,standard,completed,https://fiawec.alkamelsystems.com/?season=07_2017
wec-2018-2019-r1-spa,wec-2018-2019,2018,1,2018-05-05,2018-05-05,6 Hours of Spa-Francorchamps,spa-francorchamps,duration,360,,standard,completed,https://fiawec.alkamelsystems.com/?season=08_2018-2019
wec-2018-2019-r2-le-mans,wec-2018-2019,2018,2,2018-06-16,2018-06-17,24 Hours of Le Mans,le-mans,duration,1440,,le-mans,completed,https://fiawec.alkamelsystems.com/?season=08_2018-2019
wec-2018-2019-r3-silverstone,wec-2018-2019,2018,3,2018-08-19,2018-08-19,6 Hours of Silverstone,silverstone,duration,360,,standard,completed,https://fiawec.alkamelsystems.com/?season=08_2018-2019
wec-2018-2019-r4-fuji,wec-2018-2019,2018,4,2018-10-14,2018-10-14,6 Hours of Fuji,fuji,duration,360,,standard,completed,https://fiawec.alkamelsystems.com/?season=08_2018-2019
wec-2018-2019-r5-shanghai,wec-2018-2019,2018,5,2018-11-18,2018-11-18,6 Hours of Shanghai,shanghai,duration,360,,standard,completed,https://fiawec.alkamelsystems.com/?season=08_2018-2019
wec-2018-2019-r6-sebring,wec-2018-2019,2018,6,2019-03-15,2019-03-15,1000 Miles of Sebring,sebring,distance,,1609,extended,completed,https://fiawec.alkamelsystems.com/?season=08_2018-2019
wec-2018-2019-r7-spa,wec-2018-2019,2018,7,2019-05-04,2019-05-04,6 Hours of Spa-Francorchamps,spa-francorchamps,duration,360,,standard,completed,https://fiawec.alkamelsystems.com/?season=08_2018-2019
wec-2018-2019-r8-le-mans,wec-2018-2019,2018,8,2019-06-15,2019-06-16,24 Hours of Le Mans,le-mans,duration,1440,,le-mans,completed,https://fiawec.alkamelsystems.com/?season=08_2018-2019
wec-2019-2020-r1-silverstone,wec-2019-2020,2019,1,2019-09-01,2019-09-01,6 Hours of Silverstone,silverstone,duration,360,,standard,completed,https://fiawec.alkamelsystems.com/?season=09_2019-2020
wec-2019-2020-r2-fuji,wec-2019-2020,2019,2,2019-10-06,2019-10-06,6 Hours of Fuji,fuji,duration,360,,standard,completed,https://fiawec.alkamelsystems.com/?season=09_2019-2020
wec-2019-2020-r3-shanghai,wec-2019-2020,2019,3,2019-11-10,2019-11-10,6 Hours of Shanghai,shanghai,duration,360,,standard,completed,https://fiawec.alkamelsystems.com/?season=09_2019-2020
wec-2019-2020-r4-bahrain,wec-2019-2020,2019,4,2019-12-14,2019-12-14,6 Hours of Bahrain,bahrain,duration,480,,extended,completed,https://fiawec.alkamelsystems.com/?season=09_2019-2020
wec-2019-2020-r5-cota,wec-2019-2020,2019,5,2020-02-23,2020-02-23,Lone Star Le Mans,circuit-of-the-americas,duration,360,,standard,completed,https://fiawec.alkamelsystems.com/?season=09_2019-2020
wec-2019-2020-r6-spa,wec-2019-2020,2019,6,2020-08-15,2020-08-15,6 Hours of Spa-Francorchamps,spa-francorchamps,duration,360,,standard,completed,https://fiawec.alkamelsystems.com/?season=09_2019-2020
wec-2019-2020-r7-le-mans,wec-2019-2020,2019,7,2020-09-19,2020-09-20,24 Hours of Le Mans,le-mans,duration,1440,,le-mans,completed,https://fiawec.alkamelsystems.com/?season=09_2019-2020
wec-2019-2020-r8-bahrain,wec-2019-2020,2019,8,2020-11-14,2020-11-14,6 Hours of Bahrain,bahrain,duration,480,,extended,completed,https://fiawec.alkamelsystems.com/?season=09_2019-2020
wec-2021-r1-spa,wec-2021,2021,1,2021-05-01,2021-05-01,6 Hours of Spa-Francorchamps,spa-francorchamps,duration,360,,standard,completed,https://fiawec.alkamelsystems.com/?season=10_2021
wec-2021-r2-portimao,wec-2021,2021,2,2021-06-13,2021-06-13,8 Hours of Portimao,algarve,duration,480,,extended,completed,https://fiawec.alkamelsystems.com/?season=10_2021
wec-2021-r3-monza,wec-2021,2021,3,2021-07-18,2021-07-18,6 Hours of Monza,monza,duration,360,,standard,completed,https://fiawec.alkamelsystems.com/?season=10_2021
wec-2021-r4-le-mans,wec-2021,2021,4,2021-08-21,2021-08-22,24 Hours of Le Mans,le-mans,duration,1440,,le-mans,completed,https://fiawec.alkamelsystems.com/?season=10_2021
wec-2021-r5-bahrain-6-hours,wec-2021,2021,5,2021-10-30,2021-10-30,6 Hours of Bahrain,bahrain,duration,360,,standard,completed,https://fiawec.alkamelsystems.com/?season=10_2021
wec-2021-r6-bahrain-8-hours,wec-2021,2021,6,2021-11-06,2021-11-06,8 Hours of Bahrain,bahrain,duration,480,,extended,completed,https://fiawec.alkamelsystems.com/?season=10_2021
wec-2022-r1-sebring,wec-2022,2022,1,2022-03-18,2022-03-18,1000 Miles of Sebring,sebring,distance,,1609,extended,completed,https://www.fia.com/events/world-endurance-championship/season-2022/standings
wec-2022-r2-spa,wec-2022,2022,2,2022-05-07,2022-05-07,6 Hours of Spa-Francorchamps,spa-francorchamps,duration,360,,standard,completed,https://www.fia.com/events/world-endurance-championship/season-2022/standings
wec-2022-r3-le-mans,wec-2022,2022,3,2022-06-11,2022-06-12,24 Hours of Le Mans,le-mans,duration,1440,,le-mans,completed,https://www.fia.com/events/world-endurance-championship/season-2022/standings
wec-2022-r4-monza,wec-2022,2022,4,2022-07-10,2022-07-10,6 Hours of Monza,monza,duration,360,,standard,completed,https://www.fia.com/events/world-endurance-championship/season-2022/standings
wec-2022-r5-fuji,wec-2022,2022,5,2022-09-11,2022-09-11,6 Hours of Fuji,fuji,duration,360,,standard,completed,https://www.fia.com/events/world-endurance-championship/season-2022/standings
wec-2022-r6-bahrain,wec-2022,2022,6,2022-11-12,2022-11-12,8 Hours of Bahrain,bahrain,duration,480,,extended,completed,https://www.fia.com/events/world-endurance-championship/season-2022/standings
wec-2023-r1-sebring,wec-2023,2023,1,2023-03-17,2023-03-17,1000 Miles of Sebring,sebring,distance,,1609,extended,completed,https://www.fiawec.com/en/news/2023-fia-wec-entry-list-sees-record-hypercar-and-lmgte-am-field/7555
wec-2023-r2-portimao,wec-2023,2023,2,2023-04-16,2023-04-16,6 Hours of Portimao,algarve,duration,360,,standard,completed,https://www.fiawec.com/en/news/2023-fia-wec-entry-list-sees-record-hypercar-and-lmgte-am-field/7555
wec-2023-r3-spa,wec-2023,2023,3,2023-04-29,2023-04-29,6 Hours of Spa-Francorchamps,spa-francorchamps,duration,360,,standard,completed,https://www.fiawec.com/en/news/2023-fia-wec-entry-list-sees-record-hypercar-and-lmgte-am-field/7555
wec-2023-r4-le-mans,wec-2023,2023,4,2023-06-10,2023-06-11,24 Hours of Le Mans,le-mans,duration,1440,,le-mans,completed,https://www.fiawec.com/en/news/2023-fia-wec-entry-list-sees-record-hypercar-and-lmgte-am-field/7555
wec-2023-r5-monza,wec-2023,2023,5,2023-07-09,2023-07-09,6 Hours of Monza,monza,duration,360,,standard,completed,https://www.fiawec.com/en/news/2023-fia-wec-entry-list-sees-record-hypercar-and-lmgte-am-field/7555
wec-2023-r6-fuji,wec-2023,2023,6,2023-09-10,2023-09-10,6 Hours of Fuji,fuji,duration,360,,standard,completed,https://www.fiawec.com/en/news/2023-fia-wec-entry-list-sees-record-hypercar-and-lmgte-am-field/7555
wec-2023-r7-bahrain,wec-2023,2023,7,2023-11-04,2023-11-04,8 Hours of Bahrain,bahrain,duration,480,,extended,completed,https://www.fiawec.com/en/news/2023-fia-wec-entry-list-sees-record-hypercar-and-lmgte-am-field/7555
wec-2024-r1-qatar,wec-2024,2024,1,2024-03-02,2024-03-02,Qatar 1812km,lusail,distance,,1812,extended,completed,https://www.fia.com/events/world-endurance-championship/season-2024/standings
wec-2024-r2-imola,wec-2024,2024,2,2024-04-21,2024-04-21,6 Hours of Imola,imola,duration,360,,standard,completed,https://www.fia.com/events/world-endurance-championship/season-2024/standings
wec-2024-r3-spa,wec-2024,2024,3,2024-05-11,2024-05-11,6 Hours of Spa-Francorchamps,spa-francorchamps,duration,360,,standard,completed,https://www.fia.com/events/world-endurance-championship/season-2024/standings
wec-2024-r4-le-mans,wec-2024,2024,4,2024-06-15,2024-06-16,24 Hours of Le Mans,le-mans,duration,1440,,le-mans,completed,https://www.fia.com/events/world-endurance-championship/season-2024/standings
wec-2024-r5-sao-paulo,wec-2024,2024,5,2024-07-14,2024-07-14,6 Hours of Sao Paulo,interlagos,duration,360,,standard,completed,https://www.fia.com/events/world-endurance-championship/season-2024/standings
wec-2024-r6-cota,wec-2024,2024,6,2024-09-01,2024-09-01,Lone Star Le Mans,circuit-of-the-americas,duration,360,,standard,completed,https://www.fia.com/events/world-endurance-championship/season-2024/standings
wec-2024-r7-fuji,wec-2024,2024,7,2024-09-15,2024-09-15,6 Hours of Fuji,fuji,duration,360,,standard,completed,https://www.fia.com/events/world-endurance-championship/season-2024/standings
wec-2024-r8-bahrain,wec-2024,2024,8,2024-11-02,2024-11-02,8 Hours of Bahrain,bahrain,duration,480,,extended,completed,https://www.fia.com/events/world-endurance-championship/season-2024/standings
wec-2025-r1-qatar,wec-2025,2025,1,2025-02-28,2025-02-28,Qatar 1812km,lusail,distance,,1812,extended,completed,https://www.fiawec.com/en/season/2025
wec-2025-r2-imola,wec-2025,2025,2,2025-04-20,2025-04-20,6 Hours of Imola,imola,duration,360,,standard,completed,https://www.fiawec.com/en/season/2025
wec-2025-r3-spa,wec-2025,2025,3,2025-05-10,2025-05-10,6 Hours of Spa-Francorchamps,spa-francorchamps,duration,360,,standard,completed,https://www.fiawec.com/en/season/2025
wec-2025-r4-le-mans,wec-2025,2025,4,2025-06-14,2025-06-15,24 Hours of Le Mans,le-mans,duration,1440,,le-mans,completed,https://www.fiawec.com/en/season/2025
wec-2025-r5-sao-paulo,wec-2025,2025,5,2025-07-13,2025-07-13,6 Hours of Sao Paulo,interlagos,duration,360,,standard,completed,https://www.fiawec.com/en/season/2025
wec-2025-r6-cota,wec-2025,2025,6,2025-09-07,2025-09-07,Lone Star Le Mans,circuit-of-the-americas,duration,360,,standard,completed,https://www.fiawec.com/en/season/2025
wec-2025-r7-fuji,wec-2025,2025,7,2025-09-28,2025-09-28,6 Hours of Fuji,fuji,duration,360,,standard,completed,https://www.fiawec.com/en/season/2025
wec-2025-r8-bahrain,wec-2025,2025,8,2025-11-08,2025-11-08,8 Hours of Bahrain,bahrain,duration,480,,extended,completed,https://www.fiawec.com/en/season/2025
