id,name,countryId
audi-sport-team-joest,Audi Sport Team Joest,germany
starworks-motorsports,Starworks Motorsports,united-states-of-america
oak-racing,Oak Racing,france
pescarolo-team,Pescarolo Team,france
pecom-racing,Pecom Racing,argentina
greaves-motorsport,Greaves Motorsport,united-kingdom
strakka-racing,Strakka Racing,united-kingdom
adr-delta,ADR-Delta,united-kingdom
lotus,Lotus,czechia
jrm,JRM,united-kingdom
af-corse,AF Corse,italy
team-felbermayr-proton,Team Felbermayr-Proton,germany
larbre-competition,Larbre Competition,france
rebellion-racing,Rebellion Racing,switzerland
aston-martin-racing,Aston Martin Racing,united-kingdom
af-corse-waltrip,AF Corse-Waltrip,italy
gulf-racing-middle-east,Gulf Racing Middle East,united-arab-emirates
krohn-racing,Krohn Racing,united-states-of-america
jwa-avila,JWA-Avila,united-kingdom
signatech-nissan,Signatech Nissan,france
luxury-racing,Luxury Racing,france
audi-sport-north-america,Audi Sport North America,united-states-of-america
jota,JOTA,united-kingdom
murphy-prototypes,Murphy Prototypes,ireland
boutsen-ginion-racing,Boutsen Ginion Racing,belgium
imsa-performance-matmut,IMSA Performance Matmut,france
extreme-limite-aric,Extreme Limite Aric,france
race-performance,Race Performance,switzerland
status-gp,Status GP,canada
thiriet-by-tds-racing,Thiriet By Tds Racing,france
corvette-racing,Corvette Racing,united-states-of-america
flying-lizard-motorsports,Flying Lizard Motorsports,united-states-of-america
extreme-limit-aric,Extreme Limit Aric,france
jmb-racing,JMB  Racing,monaco
level-5-motorsport,Level 5 Motorsport,united-states-of-america
status-grand-prix,Status Grand Prix,canada
jmw-motorsport,JMW Motorsport,united-kingdom
prospeed-competition,Prospeed Competition,belgium
toyota-racing,Toyota Racing,japan
highcroft-racing,Highcroft Racing,united-states-of-america
delta-adr,Delta-ADR,united-kingdom
kcmg,KCMG,hong-kong
g-drive-racing,G-Drive Racing,russia
porsche-ag-team-manthey,Porsche AG Team Manthey,germany
8-star-motorsports,8 Star Motorsports,united-states-of-america
proton-competition,Proton Competition,germany
morand-racing,Morand Racing,switzerland
jota-sport,JOTA Sport,united-kingdom
signatech-alpine,Signatech Alpine,france
srt-motorsports,SRT Motorsports,united-states-of-america
dempsey-del-piero-proton,Dempsey Del Piero-Proton,germany
prospeed-racing,Prospeed Racing,belgium
dkr-engineering,DKR Engineering,luxembourg
level-5-motorsports,Level 5 Motorsports,united-states-of-america
hvm-status-gp,HVM Status GP,united-states-of-america
gainer-international,Gainer International,japan
porsche-team,Porsche Team,germany
porsche-team-manthey,Porsche Team Manthey,germany
ram-racing,RAM Racing,united-kingdom
smp-racing,SMP Racing,russia
sebastien-loeb-racing,Sebastien Loeb Racing,france
newblood-by-morand-racing,Newblood By Morand Racing,switzerland
oak-racing-team-asia,OAK Racing - Team Asia,france
pegasus-racing,Pegasus Racing,germany
dempsey-racing-proton,Dempsey Racing - Proton,germany
caterham-racing,Caterham Racing,united-kingdom
team-taisan,Team Taisan,japan
team-sofrev-asp,Team Sofrev ASP,france
nissan-motorsports-global,Nissan Motorsports Global,japan
extreme-speed-motorsports,Extreme Speed Motorsports,united-states-of-america
aston-martin-racing-v8,Aston Martin Racing V8,united-kingdom
abu-dhabi-proton-racing,Abu Dhabi-Proton Racing,united-arab-emirates
team-bykolles,Team Bykolles,austria
team-sard-morand,Team Sard Morand,switzerland
dempsey-proton-racing,Dempsey - Proton Racing,germany
ibanez-racing,Ibanez Racing,spain
corvette-racing-gm,Corvette Racing - GM,united-states-of-america
scuderia-corsa,Scuderia Corsa,united-states-of-america
team-aai,Team AAI,taiwan
nissan-motorsports,Nissan Motorsports,japan
riley-motorsports-ti-auto,Riley Motorsports-TI Auto,united-states-of-america
af-racing,AF Racing,russia
toyota-gazoo-racing,Toyota Gazoo Racing,japan
rgr-sport-by-morand,RGR Sport by Morand,mexico
manor,Manor,united-kingdom
baxi-dc-racing-alpine,Baxi DC Racing Alpine,china
bykolles-racing-team,Bykolles Racing Team,austria
ford-chip-ganassi-team-uk,Ford Chip Ganassi Team UK,united-states-of-america
gulf-racing,Gulf Racing,united-kingdom
eurasia-motorsport,Eurasia Motorsport,philippines
panis-barthez-competition,Panis Barthez Competition,france
michael-shank-racing,Michael Shank Racing,united-states-of-america
algarve-pro-racing,Algarve Pro Racing,puerto-rico
ford-chip-ganassi-team-usa,Ford Chip Ganassi Team USA,united-states-of-america
risi-competizione,Risi Competizione,united-states-of-america
clearwater-racing,Clearwater Racing,singapore
so24-by-lombard-racing,SO24 ! By Lombard Racing,france
formula-racing,Formula Racing,denmark
srt41-by-oak-racing,SRT41 By OAK Racing,france
porsche-motorsport,Porsche Motorsport,germany
porsche-lmp-team,Porsche LMP Team,germany
jackie-chan-dc-racing,Jackie Chan DC Racing,china
vaillante-rebellion,Vaillante Rebellion,switzerland
tds-racing,TDS Racing,france
signatech-alpine-matmut,Signatech Alpine Matmut,france
cefc-manor-trs-racing,CEFC Manor TRS Racing,china
porsche-gt-team,Porsche GT Team,germany
gulf-racing-uk,Gulf Racing UK,united-kingdom
spirit-of-race,Spirit of Race,switzerland
tockwith-motorsports,Tockwith Motorsports,united-kingdom
united-autosports,United Autosports,united-kingdom
graff,Graff,france
cetilar-villorba-corse,Cetilar Villorba Corse,italy
idec-sport-racing,Idec Sport Racing,france
racing-team-nederland,Racing Team Nederland,netherlands
dragonspeed-10-star,Dragonspeed - 10 Star,united-states-of-america
beechdean-amr,Beechdean AMR,united-kingdom
tf-sport,TF Sport,united-kingdom
dh-racing,DH Racing,hong-kong
arc-bratislava,ARC Bratislava,slovakia
keating-motorsports,Keating Motorsports,united-states-of-america
dragonspeed,DragonSpeed,united-states-of-america
bmw-team-mtek,BMW Team MTEK,germany
mr-racing,MR Racing,japan
team-project-1,Team Project 1,germany
cefc-trsm-racing,CEFC TRSM Racing,china
graff-so24,Graff-SO24,france
ebimotors,Ebimotors,italy
idec-sport,IDEC SPORT,france
duqueine-engineering,Duqueine Engineering,france
high-class-racing,High Class Racing,denmark
cetilar-r-villorba-corse,Cetilar R. Villorba Corse,italy
weathertech-racing,WeatherTech Racing,united-states-of-america
car-guy-racing,Car Guy Racing,japan
kessel-racing,Kessel Racing,switzerland
inter-europol-competition,Inter Europol Competition,poland
rlr-m-sport-tower-events,RLR M Sport / Tower Events,united-kingdom
team-lnt,Team LNT,united-kingdom
cool-racing,COOL Racing,switzerland
signatech-alpine-elf,Signatech Alpine ELF,france
cetilar-racing,Cetilar Racing,italy
red-river-sport,Red River Sport,united-kingdom
panis-racing,Panis Racing,france
richard-mille-racing-team,Richard Mille Racing Team,france
dragonspeed-usa,DragonSpeed USA,united-states-of-america
nielsen-racing,Nielsen Racing,united-kingdom
luzich-racing,Luzich Racing,switzerland
iron-lynx,Iron Lynx,italy
so24-has-by-graff,SO24-Has by Graff,france
hub-auto-racing,Hub Auto Racing,taiwan
g-drive-racing-by-algarve,G-Drive Racing by Algarve,russia
duqueine-team,Duqueine Team,france
eurointernational,Eurointernational,united-states-of-america
alpine-elf-matmut,Alpine Elf Matmut,france
united-autosports-usa,United Autosports USA,united-states-of-america
realteam-racing,Realteam Racing,switzerland
pr1-motorsports,PR1 Motorsports,united-states-of-america
d-station-racing,D'Station Racing,japan
team-wrt,Team WRT,belgium
gr-racing,GR Racing,united-kingdom
glickenhaus-racing,Glickenhaus Racing,united-states-of-america
rinaldi-racing,Rinaldi Racing,germany
inception-racing,Inception Racing,united-kingdom
so24-dirob-by-graff,SO24-Dirob by Graff,france
racing-team-india-eurasia,Racing Team India Eurasia,india
association-srt41,Association SRT41,france
absolute-racing,Absolute Racing,germany
herberth-motorsport,Herberth Motorsport,germany
pr1-motorsports-mathiasen,PR1 Motorsports Mathiasen,united-states-of-america
alpine-elf-team,Alpine Elf Team,france
wrt,WRT,belgium
realteam-by-wrt,Realteam by WRT,switzerland
prema-orlen-team,Prema Orlen Team,italy
team-penske,Team Penske,united-states-of-america
ultimate,Ultimate,france
northwest-amr,Northwest AMR,canada
iron-dames,Iron Dames,italy
vector-sport,Vector Sport,united-kingdom
tds-racing-x-vaillante,TDS Racing x Vaillante,france
riley-motorsports,Riley Motorsports,united-states-of-america
graff-racing,Graff Racing,france
hardpoint-motorsport,Hardpoint Motorsport,united-states-of-america
cd-sport,CD Sport,spain
peugeot-totalenergies,Peugeot Totalenergies,france
ferrari-af-corse,Ferrari AF Corse,italy
cadillac-racing,Cadillac Racing,united-states-of-america
porsche-penske-motorsport,Porsche Penske Motorsport,germany
hertz-team-jota,Hertz Team JOTA,united-kingdom
prema-racing,Prema Racing,italy
ort-by-tf,ORT by TF,oman
project-1-ao,Project 1 - AO,germany
floyd-vanwall-racing-team,Floyd Vanwall Racing Team,austria
richard-mille-af-corse,Richard Mille AF Corse,italy
action-express-racing,Action Express Racing,united-states-of-america
walkenhorst-motorsport,Walkenhorst Motorsport,germany
hendrick-motorsports,Hendrick Motorsports,united-states-of-america
racing-team-turkey,Racing Team Turkey,turkey
gmb-motorsport,GMB Motorsport,denmark
tower-motorsports,Tower Motorsports,canada
alpine-endurance-team,Alpine Endurance Team,france
bmw-m-team-wrt,BMW M Team WRT,germany
lamborghini-iron-lynx,Lamborghini Iron Lynx,italy
manthey-purerxcing,Manthey PureRxcing,germany
heart-of-racing-team,Heart of Racing Team,united-states-of-america
vista-af-corse,Vista AF Corse,italy
manthey-ema,Manthey EMA,germany
akkodis-asp-team,Akkodis ASP Team,france
isotta-fraschini,Isotta Fraschini,italy
ao-by-tf,AO by TF,united-states-of-america
whelen-cadillac-racing,Whelen Cadillac Racing,united-states-of-america
crowdstrike-racing-by-apr,Crowdstrike Racing by APR,puerto-rico
cadillac-hertz-team-jota,Cadillac Hertz Team Jota,united-states-of-america
aston-martin-thor-team,Aston Martin Thor Team,united-states-of-america
the-bend-team-wrt,The Bend Team WRT,belgium
racing-spirit-of-leman,Racing Spirit Of Leman,france
manthey-1st-phorm,Manthey 1ST Phorm,germany
vds-panis-racing,VDS Panis Racing,france
iron-lynx-proton,Iron Lynx - Proton,germany
rlr-m-sport,RLR M Sport,united-kingdom
clx-pure-rxcing,CLX - Pure Rxcing,switzerland
manthey,Manthey,germany
awa-racing,AWA Racing,canada
ziggo-sport-tempesta,Ziggo Sport Tempesta,united-kingdom
cadillac-whelen,Cadillac Whelen,united-states-of-america
cadillac-wtr,Cadillac WTR,united-states-of-america
genesis-magma-racing,Genesis Magma Racing,south-korea
the-bend-manthey,The Bend Manthey,germany
manthey-dk-engineering,Manthey DK Engineering,germany
garage-59,Garage 59,united-kingdom
racing-team-turkey-by-tf,Racing Team Turkey by TF,turkey
forestier-racing-by-panis,Forestier Racing by Panis,france
clx-motorsport,CLX Motorsport,switzerland
rd-limited,RD Limited,france
team-qatar-by-iron-lynx,Team Qatar by Iron Lynx,qatar
13-autosport,13 Autosport,canada
