id,name,abbreviation,nationalityCountryId
dindo-capello,Dindo Capello,DC,italy
tom-kristensen,Tom Kristensen,TK,denmark
allan-mcnish,Allan Mcnish,AM,united-kingdom
timo-bernhard,Timo Bernhard,TB,germany
romain-dumas,Romain Dumas,RD,france
loic-duval,Loic Duval,LD,france
vicente-potolicchio,Vicente Potolicchio,VP,venezuela
ryan-dalziel,Ryan Dalziel,RD,united-kingdom
stephane-sarrazin,Stéphane Sarrazin,SS,france
jacques-nicolet,Jacques Nicolet,JN,france
matthieu-lahaye,Matthieu Lahaye,ML,france
olivier-pla,Olivier Pla,OP,france
emmanuel-collard,Emmanuel Collard,EC,france
jean-christophe-boullion,Jean-Christophe Boullion,JB,france
julien-jousse,Julien Jousse,JJ,france
luis-perez-companc,Luis Perez Companc,LPC,argentina
soheil-ayari,Soheil Ayari,SA,france
pierre-kaffer,Pierre Kaffer,PK,germany
christian-zugel,Christian Zugel,CZ,germany
ricardo-gonzalez,Ricardo Gonzalez,RG,mexico
elton-julian,Elton Julian,EJ,ecuador
nick-leventis,Nick Leventis,NL,united-kingdom
danny-watts,Danny Watts,DW,united-kingdom
jonny-kane,Jonny Kane,JK,united-kingdom
tor-graves,Tor Graves,TG,united-kingdom
robbie-kerr,Robbie Kerr,RK,united-kingdom
john-martin,John Martin,JM,australia
thomas-holzer,Thomas Holzer,TH,germany
mirco-schultis,Mirco Schultis,MS,germany
luca-moro,Luca Moro,LM,italy
marcel-fassler,Marcel Fässler,MF,switzerland
andre-lotterer,André Lotterer,AL,germany
benoit-treluyer,Benoit Tréluyer,BT,france
david-brabham,David Brabham,DB,australia
karun-chandhok,Karun Chandhok,KC,india
peter-dumbreck,Peter Dumbreck,PD,united-kingdom
andrea-bertolini,Andrea Bertolini,AB,italy
olivier-beretta,Olivier Beretta,OB,monaco
marco-cioci,Marco Cioci,MC,italy
marc-lieb,Marc Lieb,ML,germany
richard-lietz,Richard Lietz,RL,austria
patrick-pilet,Patrick Pilet,PP,france
christian-ried,Christian Ried,CR,germany
gianluca-roda,Gianluca Roda,GR,italy
paolo-ruberti,Paolo Ruberti,PR,italy
jean-philippe-belloc,Jean-Philippe Belloc,JB,france
christophe-bourret,Christophe Bourret,CB,france
pascal-gibon,Pascal Gibon,PG,france
nicolas-prost,Nicolas Prost,NP,france
neel-jani,Neel Jani,NJ,switzerland
nick-heidfeld,Nick Heidfeld,NH,germany
adrian-fernandez,Adrian Fernandez,AF,mexico
stefan-mucke,Stefan Mücke,SM,germany
darren-turner,Darren Turner,DT,united-kingdom
andrea-belicchi,Andrea Belicchi,AB,italy
harold-primat,Harold Primat,HP,switzerland
jeroen-bleekemolen,Jeroen Bleekemolen,JB,netherlands
patrick-bornhauser,Patrick Bornhauser,PB,france
julien-canal,Julien Canal,JC,france
pedro-lamy,Pedro Lamy,PL,portugal
robert-kauffman,Robert Kauffman,RK,united-states-of-america
michael-waltrip,Michael Waltrip,MW,united-states-of-america
rui-aguas,Rui Aguas,RA,portugal
fabien-giroix,Fabien Giroix,FG,france
maxime-jousse,Maxime Jousse,MJ,france
stefan-johansson,Stefan Johansson,SJ,sweden
tracy-krohn,Tracy Krohn,TK,united-states-of-america
niclas-jonsson,Niclas Jönsson,NJ,sweden
michele-rugolo,Michele Rugolo,MR,italy
joel-camathias,Jöel Camathias,JC,switzerland
markus-palttala,Markus Palttala,MP,finland
bill-binnie,Bill Binnie,BB,united-states-of-america
guillaume-moreau,Guillaume Moreau,GM,france
bertrand-baguette,Bertrand Baguette,BB,belgium
dominik-kraihamer,Dominik Kraihamer,DK,austria
franck-mailleux,Franck Mailleux,FM,france
olivier-lombard,Olivier Lombard,OL,france
jordan-tresson,Jordan Tresson,JT,france
frederic-makowiecki,Frédéric Makowiecki,FM,france
jaime-melo,Jaime Melo,JM,brazil
jean-karl-vernay,Jean-Karl Vernay,JV,france
pierre-ehret,Pierre Ehret,PE,germany
dominik-farnbacher,Dominik Farnbacher,DF,germany
francois-jakubowski,François Jakubowski,FJ,france
giancarlo-fisichella,Giancarlo Fisichella,GF,italy
gianmaria-bruni,Gianmaria Bruni,GB,italy
toni-vilander,Toni Vilander,TV,finland
marc-gene,Marc Gené,MG,spain
marco-bonanomi,Marco Bonanomi,MB,italy
oliver-jarvis,Oliver Jarvis,OJ,united-kingdom
simon-dolan,Simon Dolan,SD,united-kingdom
sam-hancock,Sam Hancock,SH,united-kingdom
jody-firth,Jody Firth,JF,united-kingdom
warren-hughes,Warren Hughes,WH,united-kingdom
brendon-hartley,Brendon Hartley,BH,new-zealand
david-heinemeier-hansson,David Heinemeier Hansson,DHH,denmark
bas-leinders,Bas Leinders,BL,belgium
jack-clarke,Jack Clarke,JC,united-kingdom
bastien-briere,Bastien Brière,BB,france
jens-petersen,Jens Petersen,JP,germany
sebastien-bourdais,Sébastien Bourdais,SB,france
nicolas-minassian,Nicolas Minassian,NM,france
nicolas-armindo,Nicolas Armindo,NA,france
raymond-narac,Raymond Narac,RN,france
anthony-pons,Anthony Pons,AP,france
jean-denis-deletraz,Jean-Denis Deletraz,JD,switzerland
keiko-ihara,Keiko Ihara,KI,japan
piergiuseppe-perazzini,Piergiuseppe Perazzini,PP,italy
matt-griffin,Matt Griffin,MG,ireland
fernando-rees,Fernando Rees,FR,brazil
franck-montecalvo,Franck Montecalvo,FM,united-states-of-america
gunnar-jeannette,Gunnar Jeannette,GJ,united-states-of-america
kevin-weeda,Kevin Weeda,KW,united-states-of-america
james-rossiter,James Rossiter,JR,united-kingdom
nelson-panciatici,Nelson Panciatici,NP,france
pierre-ragues,Pierre Ragues,PR,france
roman-rusinov,Roman Rusinov,RR,russia
paul-daniels,Paul Daniels,PD,united-kingdom
renger-van-der-zande,Renger Van Der Zande,VDZ,netherlands
philippe-thirion,Philippe Thirion,PT,france
philippe-haezebrouck,Philippe Haezebrouck,PH,france
michel-frey,Michel Frey,MF,switzerland
jonathan-hirschi,Jonathan Hirschi,JH,switzerland
ralph-meichtry,Ralph Meichtry,RM,switzerland
brian-vickers,Brian Vickers,BV,united-states-of-america
alexander-sims,Alexander Sims,AS,united-kingdom
yelmer-buurman,Yelmer Buurman,YB,netherlands
romain-iannetta,Romain Iannetta,RI,france
frederic-fatien,Frédéric Fatien,FF,ivory-coast
mike-rockenfeller,Mike Rockenfeller,MR,germany
thomas-kimber-smith,Thomas Kimber-Smith,TK,united-kingdom
mathias-beche,Mathias Beche,MB,switzerland
pierre-thiriet,Pierre Thiriet,PT,france
christophe-tinseau,Christophe Tinseau,CT,france
jan-charouz,Jan Charouz,JC,czechia
maxime-martin,Maxime Martin,MTN,belgium
lucas-ordonez,Lucas Ordoñez,LO,spain
martin-brundle,Martin Brundle,MB,united-kingdom
alex-brundle,Alex Brundle,AB,united-kingdom
jordan-taylor,Jordan Taylor,JTA,united-states-of-america
antonio-garcia,Antonio Garcia,AG,spain
jan-magnussen,Jan Magnussen,JM,denmark
shinji-nakano,Shinji Nakano,SN,japan
seth-neiman,Seth Neiman,SN,united-states-of-america
spencer-pumpelly,Spencer Pumpelly,SP,united-states-of-america
fabien-rosier,Fabien Rosier,FR,france
manuel-rodrigues,Manuel Rodrigues,MR,portugal
alain-ferte,Alain Ferte,AF,france
philippe-illiano,Philippe Illiano,PI,france
oliver-gavin,Oliver Gavin,OG,united-kingdom
tommy-milner,Tommy Milner,TM,united-states-of-america
richard-westbrook,Richard Westbrook,RW,united-kingdom
seiji-ara,Seiji Ara,SA,japan
haruki-kurosawa,Haruki Kurosawa,HK,japan
scott-tucker,Scott Tucker,ST,united-states-of-america
christophe-bouchut,Christophe Bouchut,CB,france
luis-diaz,Luis Diaz,LD,mexico
franck-montagny,Franck Montagny,FM,france
james-walker,James Walker,JW,united-kingdom
jonny-cocker,Jonny Cocker,JC,united-kingdom
roger-wills,Roger Wills,RW,new-zealand
wolf-henzler,Wolf Henzler,WH,germany
abdulaziz-alfaisal,Abdulaziz Alfaisal,AA,saudi-arabia
bret-curtis,Bret Curtis,BC,united-states-of-america
sean-edwards,Sean Edwards,SE,united-kingdom
alexander-wurz,Alexander Wurz,AW,austria
nicolas-lapierre,Nicolas Lapierre,NL,france
kazuki-nakajima,Kazuki Nakajima,KN,japan
jorg-bergmeister,Jörg Bergmeister,JB,germany
patrick-long,Patrick Long,PL,united-states-of-america
marco-holzer,Marco Holzer,MH,germany
ludovic-badey,Ludovic Badey,LB,france
anthony-davidson,Anthony Davidson,AD,united-kingdom
sebastien-buemi,Sébastien Buemi,SB,switzerland
marino-franchitti,Marino Franchitti,MF,united-kingdom
michael-krumm,Michael Krumm,MK,germany
satoshi-motoyama,Satoshi Motoyama,SM,japan
nicola-cadei,Nicola Cadei,NC,italy
allan-simonsen,Allan Simonsen,AS,denmark
christoffer-nygaard,Christoffer Nygaard,CN,denmark
kristian-poulsen,Kristian Poulsen,KP,denmark
stuart-hall,Stuart Hall,SH,united-kingdom
marc-rostan,Marc Rostan,MR,united-kingdom
christijan-albers,Christijan Albers,CA,netherlands
roald-goethe,Roald Goethe,RG,germany
jonathan-adam,Jonathan Adam,JA,united-kingdom
andrew-howard,Andrew Howard,AH,united-kingdom
paul-white,Paul White,PW,united-kingdom
vitantonio-liuzzi,Vitantonio Liuzzi,VL,italy
lucas-di-grassi,Lucas Di Grassi,DIG,brazil
roberto-gonzalez,Roberto Gonzalez,RG,mexico
francisco-longo,Francisco Longo,FL,brazil
alexandre-negrao,Alexandre Negrão,AN,brazil
enrique-bernoldi,Enrique Bernoldi,EB,brazil
benny-simonsen,Benny Simonsen,BS,denmark
takuma-sato,Takuma Sato,TS,japan
kenji-kobayashi,Kenji Kobayashi,KK,japan
cong-fu-cheng,Cong Fu Cheng,CFC,china
matt-bell,Matt Bell,MB,united-states-of-america
antonio-pizzonia,Antonio Pizzonia,AP,brazil
martin-plowman,Martin Plowman,MP,united-kingdom
chris-dyson,Chris Dyson,CD,united-states-of-america
michael-marsal,Michael Marsal,MM,united-states-of-america
tom-kimber-smith,Tom Kimber-Smith,TK,united-kingdom
alexandre-imperatori,Alexandre Imperatori,AI,switzerland
matthew-howson,Matthew Howson,MH,united-kingdom
jim-ka-to,Jim Ka To,KAT,china
mike-conway,Mike Conway,MC,united-kingdom
bruno-senna,Bruno Senna,BS,brazil
kamui-kobayashi,Kamui Kobayashi,KK,japan
paul-dalla-lana,Paul Dalla Lana,PDL,canada
philipp-peter,Philipp Peter,PP,austria
jamie-campbell-walter,Jamie Campbell-Walter,JC,united-kingdom
maurizio-mediani,Maurizio Mediani,MM,italy
jean-marc-merlin,Jean-Marc Merlin,JM,france
jack-gerber,Jack Gerber,JG,south-africa
paul-dalla-anna,Paul Dalla Anna,PDA,canada
oliver-turvey,Oliver Turvey,OT,united-kingdom
lucas-luhr,Lucas Luhr,LL,germany
rob-bell,Rob Bell,RB,united-kingdom
richie-stanaway,Richie Stanaway,RS,new-zealand
matteo-malucelli,Matteo Malucelli,MM,italy
yannick-mallegol,Yannick Mallegol,YM,france
jean-marc-bachelier,Jean-Marc Bachelier,JB,france
howard-blank,Howard Blank,HB,united-states-of-america
jann-mardenborough,Jann Mardenborough,JM,united-kingdom
natacha-gachnang,Natacha Gachnang,NG,switzerland
mark-patterson,Mark Patterson,MP,united-states-of-america
tristan-gommendy,Tristan Gommendy,TG,france
patric-niederhauser,Patric Niederhauser,PN,switzerland
eric-lux,Eric Lux,EL,united-states-of-america
alexander-rossi,Alexander Rossi,AR,united-states-of-america
marc-goossens,Marc Goossens,MG,belgium
lorenzo-case,Lorenzo Case,LC,italy
darryl-o-young,Darryl O'Young,DO,canada
patrick-dempsey,Patrick Dempsey,PD,united-states-of-america
joe-foster,Joe Foster,JF,united-states-of-america
ricky-taylor,Ricky Taylor,RTA,united-states-of-america
jonathan-bomarito,Jonathan Bomarito,JB,united-states-of-america
tommy-kendall,Tommy Kendall,TK,united-states-of-america
kuno-wittmer,Kuno Wittmer,KW,canada
matt-downs,Matt Downs,MD,united-states-of-america
thomas-dagoneau,Thomas Dagoneau,TD,france
rodin-younessi,Rodin Younessi,RY,united-states-of-america
patrice-milesi,Patrice Milesi,PM,france
abdulaziz-turki-al-faisal,Abdulaziz Turki Al Faisal,ALF,saudi-arabia
khaled-al-qubaisi,Khaled Al Qubaisi,ALQ,united-arab-emirates
francois-perrodo,François Perrodo,FP,france
sebastien-crubile,Sébastien Crubile,SC,france
jason-bright,Jason Bright,JB,australia
olivier-porta,Olivier Porta,OP,france
stephane-raffin,Stéphane Raffin,SR,france
romain-brandela,Romain Brandela,RB,france
cooper-macneil,Cooper Macneil,CM,united-states-of-america
philippe-dumas,Philippe Dumas,PD,france
ryan-briscoe,Ryan Briscoe,RB,united-states-of-america
philippe-mondolot,Philippe Mondolot,PM,france
ho-pin-tung,Ho-Pin Tung,HT,china
bill-auberlen,Bill Auberlen,BA,united-states-of-america
johnny-mowlem,Johnny Mowlem,JM,united-kingdom
tony-burgess,Tony Burgess,TB,canada
archie-hamilton,Archie Hamilton,AH,united-kingdom
bjorn-wirdheim,Björn Wirdheim,BW,sweden
davide-rigon,Davide Rigon,DR,italy
nicki-thiim,Nicki Thiim,NT,denmark
rudy-junco,Rudy Junco,RJ,mexico
erik-maris,Erik Maris,EM,france
katsuyuki-hiranaka,Katsuyuki Hiranaka,KH,japan
masayuki-ueda,Masayuki Ueda,MU,japan
richard-bradley,Richard Bradley,RB,united-kingdom
hiroshi-koizumi,Hiroshi Koizumi,HK,japan
tsugio-matsuda,Tsugio Matsuda,TM,japan
craig-dolby,Craig Dolby,CD,united-kingdom
mark-shulzhitskiy,Mark Shulzhitskiy,MS,russia
david-cheng,David Cheng,DC,china
wolfgang-reip,Wolfgang Reip,WR,belgium
jon-lancaster,Jon Lancaster,JL,united-kingdom
lucas-auer,Lucas Auer,LA,austria
mark-webber,Mark Webber,MW,australia
nick-tandy,Nick Tandy,NT,united-kingdom
james-calado,James Calado,JC,united-kingdom
alvaro-parente,Alvaro Parente,AP,portugal
sergey-zlobin,Sergey Zlobin,SZ,russia
alex-macdowall,Alex Macdowall,AM,united-kingdom
stephen-wyatt,Stephen Wyatt,SW,australia
sam-bird,Sam Bird,SB,united-kingdom
klaus-bachler,Klaus Bachler,KB,austria
ben-collins,Ben Collins,BC,united-kingdom
mirko-venturi,Mirko Venturi,MV,italy
matthieu-vaxiviere,Matthieu Vaxivière,MV,france
kirill-ladygin,Kirill Ladygin,KL,russia
victor-shaytar,Victor Shaytar,VS,russia
anton-ladygin,Anton Ladygin,AL,russia
fabio-leimer,Fabio Leimer,FL,switzerland
filipe-albuquerque,Filipe Albuquerque,FA,puerto-rico
harry-tincknell,Harry Tincknell,HT,united-kingdom
peter-mann,Peter Mann,PM,united-states-of-america
raffaele-giammaria,Raffaele Giammaria,RG,italy
paul-loup-chatin,Paul-Loup Chatin,PC,france
oliver-webb,Oliver Webb,OW,united-kingdom
rene-rast,René Rast,RR,germany
vincent-capillaire,Vincent Capillaire,VC,france
christian-klien,Christian Klien,CK,austria
gary-hirsch,Gary Hirsch,GH,switzerland
adderly-fong,Adderly Fong,AF,canada
julien-schell,Julien Schell,JS,france
nicolas-leutwiler,Nicolas Leutwiler,NL,switzerland
leo-roussel,Léo Roussel,LR,france
matthew-mcmurry,Matthew Mcmurry,MM,united-states-of-america
martin-rich,Martin Rich,MR,united-kingdom
fabien-barthez,Fabien Barthez,FB,france
david-hallyday,David Hallyday,DH,france
jean-merlin,Jean Merlin,JM,france
eric-helary,Eric Helary,EH,france
mika-salo,Mika Salo,MS,finland
aleksey-basov,Aleksey Basov,AB,russia
federico-leo,Federico Leo,FL,italy
nathanael-berthon,Nathanael Berthon,NB,france
rodolfo-gonzalez,Rodolfo Gonzalez,RG,spain
michael-munemann,Michael Munemann,MM,united-kingdom
alessandro-latif,Alessandro Latif,AL,united-kingdom
james-winslow,James Winslow,JW,united-kingdom
scott-sharp,Scott Sharp,SS,united-states-of-america
ed-brown,Ed Brown,EB,united-states-of-america
jeffrey-segal,Jeffrey Segal,JS,united-states-of-america
gustavo-yacaman,Gustavo Yacaman,GY,colombia
michael-skeen,Michael Skeen,MS,united-states-of-america
johannes-van-overbeek,Johannes Van Overbeek,JVO,united-states-of-america
matteo-cressoni,Matteo Cressoni,MC,italy
alexander-talkanitsa,Alexander Talkanitsa,AT,belarus
alessandro-pier-guidi,Alessandro Pier Guidi,PGU,italy
abdulaziz-al-faisal,Abdulaziz Al Faisal,AAF,saudi-arabia
simon-trummer,Simon Trummer,ST,switzerland
emerson-fittipaldi,Emerson Fittipaldi,EF,brazil
luis-felipe-derani,Luis Felipe Derani,LFD,brazil
michael-christensen,Michael Christensen,MC,denmark
marco-sorensen,Marco Sørensen,MS,denmark
mathias-lauda,Mathias Lauda,ML,austria
francesco-castellacci,Francesco Castellacci,FC,monaco
marco-seefried,Marco Seefried,MS,germany
jonathon-fogarty,Jonathon Fogarty,JF,united-states-of-america
nico-hulkenberg,Nico Hülkenberg,NH,germany
earl-bamber,Earl Bamber,EB,new-zealand
mitch-evans,Mitch Evans,ME,new-zealand
zoel-amberg,Zoel Amberg,ZA,switzerland
sven-muller,Sven Müller,SM,germany
kevin-estre,Kevin Estre,KE,france
duncan-cameron,Duncan Cameron,DC,united-kingdom
alexander-mortimer,Alexander Mortimer,AM,united-kingdom
david-markozov,David Markozov,DM,russia
jose-ibanez,José Ibanez,JI,france
pierre-perret,Pierre Perret,PP,france
ivan-bellarosa,Ivan Bellarosa,IB,italy
daniel-abt,Daniel Abt,DA,germany
william-sweedler,William Sweedler,WS,united-states-of-america
townsend-bell,Townsend Bell,TB,united-states-of-america
nick-jonsson,Nick Jönsson,NJ,sweden
joao-barbosa,João Barbosa,JB,portugal
mikhail-aleshin,Mikhail Aleshin,MA,russia
han-chen-chen,Han-Chen Chen,HC,taiwan
gilles-vannelet,Gilles Vannelet,GV,france
mike-parisy,Mike Parisy,MP,france
jakub-giermaziak,Jakub Giermaziak,JG,poland
michael-avenatti,Michael Avenatti,MA,united-states-of-america
jun-san-chen,Jun-San Chen,JC,taiwan
alex-kapadia,Alex Kapadia,AK,united-kingdom
xavier-maassen,Xavier Maassen,XM,netherlands
alex-buncombe,Alex Buncombe,AB,united-kingdom
christopher-cumming,Christopher Cumming,CC,canada
laurens-vanthoor,Laurens Vanthoor,LV,belgium
ben-keating,Ben Keating,BK,united-states-of-america
marc-miller,Marc Miller,MM,united-states-of-america
max-chilton,Max Chilton,MC,united-kingdom
gaetan-paletou,Gaëtan Paletou,GP,france
tiago-monteiro,Tiago Monteiro,TM,portugal
nicolai-sylvest,Nicolai Sylvest,NS,denmark
liam-griffin,Liam Griffin,LG,united-kingdom
tom-dillmann,Tom Dillmann,TD,france
matheo-tuscher,Mathéo Tuscher,MT,switzerland
marco-mapelli,Marco Mapelli,MM,italy
nelson-piquet-jr,Nelson Piquet Jr,NPJ,brazil
gustavo-menezes,Gustavo Menezes,GM,united-states-of-america
stephane-richelmi,Stéphane Richelmi,SR,monaco
matthew-rao,Matthew Rao,MR,united-kingdom
roberto-merhi,Roberto Merhi,RM,spain
vitaly-petrov,Vitaly Petrov,VP,russia
andy-priaulx,Andy Priaulx,AP,united-kingdom
billy-johnson,Billy Johnson,BJ,united-states-of-america
yutaka-yamagishi,Yutaka Yamagishi,YY,japan
will-stevens,Will Stevens,WS,united-kingdom
james-jakes,James Jakes,JJ,united-kingdom
michael-wainwright,Michael Wainwright,MW,united-kingdom
adam-carroll,Adam Carroll,AC,united-kingdom
ben-barker,Ben Barker,BB,united-kingdom
giedo-van-der-garde,Giedo Van Der Garde,GVD,netherlands
jake-dennis,Jake Dennis,JD,united-kingdom
junjin-pu,Junjin Pu,JP,china
nico-pieter-de-bruijn,Nico Pieter De Bruijn,NPD,netherlands
memo-rojas,Memo Rojas,MR,mexico
timothe-buret,Timothé Buret,TB,france
john-pew,John Pew,JP,united-states-of-america
oswaldo-negri-jr,Oswaldo Negri Jr,ONJ,brazil
christopher-hoy,Christopher Hoy,CH,united-kingdom
andrea-pizzitola,Andrea Pizzitola,AP,france
joey-hand,Joey Hand,JH,united-states-of-america
dirk-muller,Dirk Müller,DM,germany
scott-dixon,Scott Dixon,SD,new-zealand
weng-mok,Weng Mok,WM,malaysia
keita-sawa,Keita Sawa,KS,japan
robert-bell,Robert Bell,RB,united-kingdom
philipp-eng,Philipp Eng,PE,austria
jonathan-coleman,Jonathan Coleman,JC,united-kingdom
johnny-laursen,Johnny Laursen,JL,denmark
mikkel-mac,Mikkel Mac,MM,denmark
christina-nielsen,Christina Nielsen,CN,denmark
frederic-sausset,Frédéric Sausset,FS,france
jean-bernard-bouvet,Jean Bernard Bouvet,JBB,france
johnny-o-connel,Johnny O'Connel,JO,united-states-of-america
oliver-bryant,Oliver Bryant,OB,united-kingdom
chris-cumming,Chris Cumming,CC,canada
aaron-scott,Aaron Scott,AS,united-kingdom
ines-taittinger,Inès Taittinger,IT,france
remy-striebig,Rémy Striebig,RS,france
ryo-hirakawa,Ryo Hirakawa,RH,japan
lehman-keen,Lehman Keen,LK,united-states-of-america
lewis-williamson,Lewis Williamson,LW,united-kingdom
matt-howson,Matt Howson,MH,united-kingdom
bruno-junqueira,Bruno Junqueira,BJ,brazil
alfonso-diaz-guerra,Alfonso Diaz Guerra,ADG,mexico
lars-viljoen,Lars Viljoen,LV,united-kingdom
antonio-giovinazzi,Antonio Giovinazzi,AG,italy
sean-gelael,Sean Gelael,SG,indonesia
alex-lynn,Alex Lynn,AL,united-kingdom
benjamin-barker,Benjamin Barker,BB,united-kingdom
tom-blomqvist,Tom Blomqvist,TB,united-kingdom
thomas-laurent,Thomas Laurent,TL,france
jean-eric-vergne,Jean-Eric Vergne,JV,france
daniel-serra,Daniel Serra,DS,brazil
weng-sun-mok,Weng Sun Mok,WSM,malaysia
matteo-cairoli,Matteo Cairoli,MC,italy
marvin-dienst,Marvin Dienst,MD,germany
jose-maria-lopez,Jose Maria Lopez,JML,argentina
nicholas-foster,Nicholas Foster,NF,australia
thomas-flohr,Thomas Flohr,TF,switzerland
miguel-molina,Miguel Molina,MM,spain
yuji-kunimoto,Yuji Kunimoto,YK,japan
andre-negrao,André Negrão,AN,brazil
ben-hanley,Ben Hanley,BH,united-kingdom
nigel-moore,Nigel Moore,NM,united-kingdom
philip-hanson,Philip Hanson,HSO,united-kingdom
will-owen,Will Owen,WO,united-states-of-america
hugo-de-sadeleer,Hugo De Sadeleer,HDS,switzerland
james-allen,James Allen,JA,australia
franck-matelli,Franck Matelli,FM,france
roberto-lacorte,Roberto Lacorte,RL,italy
giorgio-sernagiotto,Giorgio Sernagiotto,GS,italy
patrice-lafargue,Patrice Lafargue,PL,france
paul-lafargue,Paul Lafargue,PL,france
david-zollinger,David Zollinger,DZ,france
jan-lammers,Jan Lammers,JL,netherlands
frits-van-eerd,Frits Van Eerd,FVE,netherlands
rubens-barrichello,Rubens Barrichello,RB,brazil
henrik-hedman,Henrik Hedman,HH,sweden
felix-rosenqvist,Felix Rosenqvist,FR,sweden
pierre-nicolet,Pierre Nicolet,PN,france
tony-kanaan,Tony Kanaan,TK,brazil
robert-smith,Robert Smith,RS,united-kingdom
dries-vanthoor,Dries Vanthoor,VAT,belgium
ross-gunn,Ross Gunn,RG,united-kingdom
sergey-sirotkin,Sergey Sirotkin,SS,russia
salih-yoluc,Salih Yoluc,SY,turkey
euan-hankey,Euan Hankey,EH,united-kingdom
michael-hedlund,Michael Hedlund,MH,united-states-of-america
jose-gutierrez,Jose Gutierrez,JG,mexico
richard-wee,Richard Wee,RW,singapore
hiroki-katoh,Hiroki Katoh,HK,japan
enzo-guibbert,Enzo Guibbert,EG,france
eric-trouillet,Eric Trouillet,ET,france
alessandro-balzan,Alessandro Balzan,AB,italy
miroslav-konopka,Miroslav Konopka,MK,slovakia
konstantin-calko,Konstantin Calko,KC,latvia
rik-breukers,Rik Breukers,RB,netherlands
christian-philippon,Christian Philippon,CP,france
dirk-werner,Dirk Werner,DW,germany
stephane-lemeret,Stéphane Lemeret,SL,belgium
nick-foster,Nick Foster,NF,australia
nico-muller,Nico Muller,NM,switzerland
fernando-alonso,Fernando Alonso,FA,spain
gabriel-aubry,Gabriel Aubry,GA,france
jazeman-jaafar,Jazeman Jaafar,JJ,malaysia
weiron-tan,Weiron Tan,WT,malaysia
nabil-jeffri,Nabil Jeffri,NJ,malaysia
pastor-maldonado,Pastor Maldonado,PM,venezuela
erwin-creed,Erwin Creed,EC,france
romano-ricci,Romano Ricci,RR,france
antonio-felix-da-costa,Antonio Felix Da Costa,FDC,puerto-rico
alexander-lynn,Alexander Lynn,AL,united-kingdom
martin-tomczyk,Martin Tomczyk,MT,germany
nicky-catsburg,Nicky Catsburg,NC,netherlands
euan-alers-hankey,Euan Alers-Hankey,EA,united-kingdom
charlie-eastwood,Charlie Eastwood,CE,ireland
matthew-griffin,Matthew Griffin,MG,ireland
julien-andlauer,Julien Andlauer,JA,france
matt-campbell,Matt Campbell,MC,australia
motoaki-ishikawa,Motoaki Ishikawa,MI,japan
edward-cheever,Edward Cheever,EC,italy
giorgio-roda,Giorgio Roda,GR,italy
alex-davison,Alex Davison,AD,australia
patrick-lindsey,Patrick Lindsey,PL,united-states-of-america
egidio-perfetti,Egidio Perfetti,EP,norway
egor-orudzhev,Egor Orudzhev,EO,russia
matevos-isaakyan,Matevos Isaakyan,MI,russia
pietro-fittipaldi,Pietro Fittipaldi,PF,brazil
charlie-robertson,Charlie Robertson,CR,united-kingdom
dean-stoneman,Dean Stoneman,DS,united-kingdom
oliver-rowland,Oliver Rowland,OR,united-kingdom
juan-pablo-montoya,Juan Pablo Montoya,JPM,colombia
nicholas-boulle,Nicholas Boulle,NB,united-states-of-america
william-stevens,William Stevens,WS,united-kingdom
harrison-newey,Harrison Newey,HN,united-kingdom
norman-nato,Norman Nato,NN,france
luis-felipe-nasr,Luis Felipe Nasr,LFN,brazil
luca-stolz,Luca Stolz,LS,germany
timothy-pappas,Timothy Pappas,TP,united-states-of-america
fabio-babini,Fabio Babini,FB,italy
michael-simpson,Michael Simpson,MS,united-kingdom
jenson-button,Jenson Button,JB,united-kingdom
paul-di-resta,Paul Di Resta,DIR,united-kingdom
ate-de-jong,Ate De Jong,ADJ,netherlands
tacksung-kim,Tacksung Kim,TK,south-korea
augusto-farfus,Augusto Farfus,FAF,brazil
come-ledogar,Côme Ledogar,CL,france
alexander-davison,Alexander Davison,AD,australia
nyck-de-vries,Nyck De Vries,DEV,netherlands
yoshiharu-mori,Yoshiharu Mori,YM,japan
giorgio-roda-jr,Giorgio Roda Jr,GRJ,italy
rene-binder,René Binder,RB,austria
thomas-preining,Thomas Preining,TP,austria
satoshi-hoshino,Satoshi Hoshino,SH,japan
riccardo-pera,Riccardo Pera,ERA,italy
jordan-king,Jordan King,JK,united-kingdom
bruno-spengler,Bruno Spengler,BS,canada
stoffel-vandoorne,Stoffel Vandoorne,SV,belgium
job-van-uitert,Job Van Uitert,VUI,netherlands
nicolas-jamin,Nicolas Jamin,NJ,france
john-falb,John Falb,JF,united-states-of-america
anders-fjordbach,Anders Fjordbach,AF,denmark
dennis-andersen,Dennis Andersen,DA,denmark
ryan-cullen,Ryan Cullen,RC,ireland
mathieu-jaminet,Mathieu Jaminet,JMT,france
dennis-olsen,Dennis Olsen,DO,norway
jesse-krohn,Jesse Krohn,JK,finland
rodrigo-baptista,Rodrigo Baptista,RB,brazil
wei-lu,Wei Lu,WL,canada
takeshi-kimura,Takeshi Kimura,TK,japan
kei-cozzolino,Kei Cozzolino,KC,japan
louis-prette,Louis Prette,LP,italy
philippe-prette,Philippe Prette,PP,italy
vincent-abril,Vincent Abril,VA,france
manuela-gostner,Manuela Gostner,MG,italy
rahel-frey,Rahel Frey,RF,switzerland
michelle-gatting,Michelle Gatting,MG,denmark
pipo-derani,Pipo Derani,PD,brazil
jules-gounon,Jules Gounon,JG,france
jakub-smiechowski,Jakub Smiechowski,JS,poland
claudio-schiavoni,Claudio Schiavoni,CS,italy
sergio-pianezzola,Sergio Pianezzola,SP,italy
andrea-piccini,Andrea Piccini,AP,italy
john-farano,John Farano,JF,canada
arjun-maini,Arjun Maini,AM,india
miro-konopka,Miro Konopka,MK,slovakia
henning-enqvist,Henning Enqvist,HE,sweden
konstantin-tereschenko,Konstantin Tereschenko,KT,russia
felipe-fraga,Felipe Fraga,FF,brazil
jorg-muller,Jörg Müller,JM,germany
antonin-borga,Antonin Borga,AB,switzerland
kenta-yamashita,Kenta Yamashita,KY,japan
nicklas-nielsen,Nicklas Nielsen,NN,denmark
andrew-watson,Andrew Watson,AW,united-kingdom
david-kolkmann,David Kolkmann,DK,germany
bonamy-grimes,Bonamy Grimes,BG,united-kingdom
charlie-hollings,Charlie Hollings,CH,united-kingdom
guy-smith,Guy Smith,GS,united-kingdom
gian-luca-giraudi,Gian Luca Giraudi,GLG,italy
ricardo-sanchez,Ricardo Sanchez,RS,mexico
alexandre-coigny,Alexandre Coigny,AC,switzerland
luca-ghiotto,Luca Ghiotto,LG,italy
adrien-de-leener,Adrien De Leener,ADL,belgium
larry-ten-voorde,Larry Ten Voorde,LTV,netherlands
angelo-negro,Angelo Negro,AN,italy
william-bamber,William Bamber,WB,new-zealand
christopher-dyson,Christopher Dyson,CD,united-states-of-america
colin-braun,Colin Braun,CB,united-states-of-america
laurents-horr,Laurents Hörr,LH,germany
lucas-legeret,Lucas Légeret,LL,switzerland
nobuya-yamanaka,Nobuya Yamanaka,NY,japan
louis-deletraz,Louis Deletraz,LD,switzerland
mikkel-jensen,Mikkel Jensen,JSN,denmark
tatiana-calderon,Tatiana Calderon,TC,colombia
sophia-florsch,Sophia Flörsch,SF,germany
beitske-visser,Beitske Visser,BV,netherlands
kyle-tilley,Kyle Tilley,KT,united-kingdom
jonathan-kennard,Jonathan Kennard,JK,united-kingdom
garett-grist,Garett Grist,GG,canada
anthony-wells,Anthony Wells,AW,united-kingdom
richard-heistand,Richard Heistand,RH,united-states-of-america
maxwell-root,Maxwell Root,MR,united-states-of-america
francesco-piovanetti,Francesco Piovanetti,FP,united-states-of-america
vutthikorn-inthraphuvasak,Vutthikorn Inthraphuvasak,VI,thailand
horst-jr-felbermayr,Horst Jr Felbermayr,JFE,austria
michele-beretta,Michele Beretta,MB,italy
max-van-splunteren,Max Van Splunteren,MVS,netherlands
steve-brooks,Steve Brooks,SB,france
julien-piguet,Julien Piguet,JP,france
andreas-laskaratos,Andreas Laskaratos,AL,greece
charles-milesi,Charles Milesi,CM,france
morris-chen,Morris Chen,MC,taiwan
marcos-gomes,Marcos Gomes,MG,brazil
dominique-bastien,Dominique Bastien,DB,united-states-of-america
rino-mastronardi,Rino Mastronardi,RM,italy
nicholas-tandy,Nicholas Tandy,NT,united-kingdom
christoph-ulrich,Christoph Ulrich,CU,switzerland
steffen-gorig,Steffen Görig,SG,germany
alexander-west,Alexander West,AW,sweden
adrien-tambay,Adrien Tambay,AT,france
christophe-d-ansembourg,Christophe D'Ansembourg,CD,belgium
dwight-merriman,Dwight Merriman,DM,united-states-of-america
jaxon-evans,Jaxon Evans,JE,new-zealand
alessio-picariello,Alessio Picariello,AP,belgium
dylan-pereira,Dylan Pereira,DP,luxembourg
colin-noble,Colin Noble,CN,united-kingdom
fabio-scherer,Fabio Scherer,FS,switzerland
esteban-garcia,Esteban Garcia,EG,switzerland
rui-andrade,Rui Andrade,ANR,angola
patrick-kelly,Patrick Kelly,PK,united-states-of-america
alessio-rovera,Alessio Rovera,AR,italy
antonio-fuoco,Antonio Fuoco,AF,italy
andrew-haryanto,Andrew Haryanto,AH,indonesia
tomonobu-fujii,Tomonobu Fujii,TF,japan
katherine-legge,Katherine Legge,KL,united-kingdom
robin-frijns,Robin Frijns,RF,netherlands
ferdinand-habsburg,Ferdinand Habsburg,FH,austria
franco-colapinto,Franco Colapinto,FC,argentina
nick-de-vries,Nick De Vries,NDV,netherlands
tom-gamble,Tom Gamble,TG,united-kingdom
thomas-jackson,Thomas Jackson,TJ,united-kingdom
darren-burke,Darren Burke,DB,united-kingdom
wayne-boyd,Wayne Boyd,WB,united-kingdom
scott-andrews,Scott Andrews,SA,australia
felipe-nasr,Felipe Nasr,FN,brazil
matej-konopka,Matej Konopka,MK,slovakia
sarah-bovy,Sarah Bovy,SB,belgium
simon-mann,Simon Mann,SM,united-states-of-america
anders-buchardt,Anders Buchardt,AB,norway
christian-hook,Christian Hook,CH,germany
brendan-iribe,Brendan Iribe,BI,united-states-of-america
ollie-millroy,Ollie Millroy,OM,united-kingdom
ben-barnicoat,Ben Barnicoat,BAN,united-kingdom
guillermo-rojas,Guillermo Rojas,GR,mexico
arnold-robin,Arnold Robin,AR,france
maxime-robin,Maxime Robin,MR,france
callum-ilott,Callum Ilott,CI,united-kingdom
john-corbett,John Corbett,JC,australia
tom-cloet,Tom Cloet,TC,belgium
kevin-magnussen,Kevin Magnussen,KM,denmark
takuma-aoki,Takuma Aoki,TA,japan
nigel-bailly,Nigel Bailly,NB,belgium
john-hartshorne,John Hartshorne,JH,united-kingdom
oliver-hancock,Oliver Hancock,OH,united-kingdom
robert-renauer,Robert Renauer,RR,germany
ralf-bohn,Ralf Bohn,RB,germany
rolf-ineichen,Rolf Ineichen,RI,switzerland
lance-arnold,Lance Arnold,LA,germany
robert-kubica,Robert Kubica,RK,poland
yifei-ye,Yifei Ye,YY,china
robert-foley,Robert Foley,RF,united-states-of-america
thomas-neubauer,Thomas Neubauer,TN,france
rodrigo-sales,Rodrigo Sales,RS,united-states-of-america
jody-fannin,Jody Fannin,JF,united-kingdom
david-perel,David Perel,DP,south-africa
jonathan-aberdein,Jonathan Aberdein,JA,south-africa
manuel-maldonado,Manuel Maldonado,MM,united-kingdom
florian-latorre,Florian Latorre,FL,france
kush-maini,Kush Maini,KM,india
oliver-caldwell,Oliver Caldwell,OC,united-kingdom
axcil-jefferies,Axcil Jefferies,AJ,united-kingdom
joshua-pierson,Joshua Pierson,JP,united-states-of-america
lorenzo-colombo,Lorenzo Colombo,LC,italy
oliver-rasmussen,Oliver Rasmussen,OR,denmark
edward-jones,Edward Jones,EJ,united-kingdom
william-owen,William Owen,WO,united-states-of-america
dane-cameron,Dane Cameron,DC,united-states-of-america
jean-baptiste-lahaye,Jean-Baptiste Lahaye,JL,france
francois-heriau,François Heriau,FH,france
steven-thomas,Steven Thomas,ST,united-states-of-america
lilou-wadoux,Lilou Wadoux,LW,france
sebastien-ogier,Sébastien Ogier,SO,france
tijmen-van-der-helm,Tijmen Van Der Helm,TVD,netherlands
david-pittard,David Pittard,DP,united-kingdom
oliver-millroy,Oliver Millroy,OM,united-kingdom
sebastian-priaulx,Sebastian Priaulx,SP,united-kingdom
charles-fagg,Charles Fagg,CF,united-kingdom
nicholas-cassidy,Nicholas Cassidy,NC,new-zealand
esteban-gutierrez,Esteban Gutierrez,EG,mexico
fred-poordad,Fred Poordad,FP,united-states-of-america
franck-dezoteux,Franck Dezoteux,FD,france
mikkel-pedersen,Mikkel Pedersen,MP,denmark
henrique-chaves,Henrique Chaves,HC,portugal
jan-heylen,Jan Heylen,JH,belgium
doriane-pin,Doriane Pin,DP,france
bent-viscaal,Bent Viscaal,BV,netherlands
niklas-kruetten,Niklas Kruetten,NK,germany
mirko-bortolotti,Mirko Bortolotti,MB,italy
matthew-bell,Matthew Bell,MB,united-kingdom
jean-glorieux,Jean Glorieux,JG,belgium
alexandre-cougnaud,Alexandre Cougnaud,AC,france
jack-aitken,Jack Aitken,JA,united-kingdom
tristan-vautier,Tristan Vautier,TV,france
shane-van-gisbergen,Shane Van Gisbergen,SVG,new-zealand
sebastien-page,Sébastien Page,SP,switzerland
david-droux,David Droux,DD,switzerland
thomas-merrill,Thomas Merrill,TM,united-states-of-america
conrad-grunewald,Conrad Grunewald,CG,united-states-of-america
martin-rump,Martin Rump,MR,estonia
frederik-schandorff,Frederik Schandorff,FS,denmark
christophe-cresp,Christophe Cresp,CC,france
michael-jensen,Michael Jensen,MJ,denmark
steven-palette,Steven Palette,SP,france
mark-kvamme,Mark Kvamme,MK,united-states-of-america
jason-hart,Jason Hart,JH,united-states-of-america
michael-fassbender,Michael Fassbender,MF,ireland
zacharie-robichon,Zacharie Robichon,ZR,canada
reshad-de-gerus,Reshad De Gerus,DGE,france
nicolas-varrone,Nicolas Varrone,NV,argentina
marvin-klein,Marvin Klein,MK,france
philippe-cimadomo,Philippe Cimadomo,PC,france
nick-cassidy,Nick Cassidy,CAY,new-zealand
phillip-hyett,Phillip Hyett,PH,united-states-of-america
david-beckmann,David Beckmann,DB,germany
frederick-lubin,Frederick Lubin,FL,united-kingdom
daniil-kvyat,Daniil Kvyat,DK,russia
albert-costa,Albert Costa,AC,spain
filip-ugran,Filip Ugran,FU,romania
andrea-caldarelli,Andrea Caldarelli,AC,italy
scott-huffaker,Scott Huffaker,SH,united-states-of-america
stefano-costantini,Stefano Costantini,SC,italy
ulysse-de-pauw,Ulysse De Pauw,UDP,belgium
matthias-kaiser,Matthias Kaiser,MK,liechtenstein
ahmad-al-harthy,Ahmad Al Harthy,ALH,oman
michael-dinan,Michael Dinan,MD,united-states-of-america
casper-stevenson,Casper Stevenson,CS,united-kingdom
pj-hyett,Pj Hyett,HYE,united-states-of-america
esteban-guerrieri,Esteban Guerrieri,EG,argentina
jacques-villeneuve,Jacques Villeneuve,JV,canada
olli-caldwell,Olli Caldwell,OC,united-kingdom
ryan-hardwick,Ryan Hardwick,RH,united-states-of-america
juan-manuel-correa,Juan Manuel Correa,JMC,united-states-of-america
diego-alessi,Diego Alessi,DA,italy
miguel-pedro-ramos,Miguel Pedro Ramos,MPR,portugal
guilherme-moura-de-oliveira,Guilherme Moura De Oliveira,GMD,portugal
ian-james,Ian James,IJ,united-states-of-america
daniel-mancinelli,Daniel Mancinelli,DM,italy
alex-riberas,Alex Riberas,AR,spain
nicolas-pino,Nicolas Pino,NP,chile
george-kurtz,George Kurtz,GK,united-states-of-america
malthe-jakobsen,Malthe Jakobsen,MJ,denmark
tom-van-rompuy,Tom Van Rompuy,VRO,belgium
ugo-de-wilde,Ugo De Wilde,UDW,belgium
chandler-hull,Chandler Hull,CH,united-states-of-america
yorikatsu-tsujiko,Yorikatsu Tsujiko,YT,japan
naoki-yokomizo,Naoki Yokomizo,NY,japan
jimmie-johnson,Jimmie Johnson,JJ,united-states-of-america
donald-yount,Donald Yount,DY,united-states-of-america
jonas-ried,Jonas Ried,JR,germany
vladislav-lomko,Vladislav Lomko,VL,grenada
simon-pagenaud,Simon Pagenaud,SP,france
giacomo-petrobelli,Giacomo Petrobelli,GP,italy
valentin-hasse-clot,Valentin Hasse-Clot,HCL,france
gustav-birch,Gustav Birch,GB,denmark
jens-reno-moller,Jens Reno Møller,JRM,denmark
gustav-dahlmann-birch,Gustav Dahlmann Birch,GDB,denmark
joao-paulo-de-oliveira,Joao Paulo De Oliveira,JPD,brazil
efrin-castro,Efrin Castro,EC,dominican-republic
ritomo-miyata,Ritomo Miyata,RM,japan
liam-talbot,Liam Talbot,LT,australia
esteban-masson,Esteban Masson,EM,france
robert-shwartzman,Robert Shwartzman,RS,israel
sheldon-van-der-linde,Sheldon Van Der Linde,VDL,south-africa
mick-schumacher,Mick Schumacher,MS,germany
edoardo-mortara,Edoardo Mortara,EM,italy
raffaele-marciello,Raffaele Marciello,RM,switzerland
marco-wittmann,Marco Wittmann,MW,germany
aliaksandr-malykhin,Aliaksandr Malykhin,AM,saint-kitts-and-nevis
joel-sturm,Joel Sturm,JS,germany
clement-mateu,Clément Mateu,CM,france
erwan-bastard,Erwan Bastard,EB,france
valentino-rossi,Valentino Rossi,VR,italy
darren-leung,Darren Leung,DL,united-kingdom
sebastien-baud,Sébastien Baud,SB,france
daniel-juncadella,Daniel Juncadella,DJ,spain
franck-perera,Franck Perera,FP,france
joshua-caygill,Joshua Caygill,JC,united-kingdom
marino-sato,Marino Sato,MS,japan
james-cottingham,James Cottingham,JC,united-kingdom
nicolas-costa,Nicolas Costa,NC,brazil
gregoire-saucy,Grégoire Saucy,GS,switzerland
yasser-shahin,Yasser Shahin,YS,australia
morris-schuring,Morris Schuring,MS,netherlands
timur-boguslavskiy,Timur Boguslavskiy,TB,russia
kelvin-van-der-linde,Kelvin Van Der Linde,VDL,south-africa
antonio-serravalle,Antonio Serravalle,AS,canada
carl-wattana-bennett,Carl Wattana Bennett,CWB,thailand
clemens-schmid,Clemens Schmid,SCM,austria
alex-palou,Alex Palou,AP,spain
romain-grosjean,Romain Grosjean,RG,france
bijoy-garg,Bijoy Garg,BG,united-states-of-america
nolan-siegel,Nolan Siegel,NS,united-states-of-america
clement-novalak,Clément Novalak,CN,france
alex-quinn,Alex Quinn,AQ,united-kingdom
alexander-mattschull,Alexander Mattschull,AM,germany
roman-senna-de-angelis,Roman Senna De Angelis,RSD,canada
naveen-rao,Naveen Rao,NR,united-states-of-america
frederik-vesti,Frederik Vesti,FV,denmark
kyffin-simpson,Kyffin Simpson,KS,united-states-of-america
lorenzo-fluxa,Lorenzo Fluxa,LF,spain
felipe-drugovich,Felipe Drugovich,FD,brazil
ben-tuck,Ben Tuck,BT,united-kingdom
christopher-mies,Christopher Mies,CM,germany
conrad-laursen,Conrad Laursen,CL,denmark
jack-hawksworth,Jack Hawksworth,JH,united-kingdom
benjamin-hanley,Benjamin Hanley,HLY,united-kingdom
hiroshi-hamaguchi,Hiroshi Hamaguchi,HH,japan
jean-baptiste-simmenauer,Jean-Baptiste Simmenauer,JS,france
maceo-capietto,Maceo Capietto,MC,france
giammarco-levorato,Giammarco Levorato,GL,italy
roman-de-angelis,Roman De Angelis,DAN,canada
jonny-edgar,Jonny Edgar,JE,united-kingdom
finn-gehrsitz,Finn Gehrsitz,FG,germany
mattia-drudi,Mattia Drudi,MD,italy
derek-deboer,Derek Deboer,DD,united-states-of-america
eduardo-barrichello,Eduardo Barrichello,EB,brazil
stefano-gattuso,Stefano Gattuso,SG,italy
celia-martin,Celia Martin,CM,france
bernardo-sousa,Bernardo Sousa,BS,puerto-rico
lin-hodenius,Lin Hodenius,LH,netherlands
petru-umbrarescu,Petru Umbrarescu,PU,romania
pascal-wehrlein,Pascal Wehrlein,PW,germany
yuichi-nakayama,Yuichi Nakayama,YN,japan
martin-berry,Martin Berry,MB,australia
stephen-grove,Stephen Grove,SG,australia
brenton-grove,Brenton Grove,BG,australia
nick-yelloly,Nick Yelloly,NY,united-kingdom
oliver-gray,Oliver Gray,OG,united-kingdom
theo-pourchaire,Théo Pourchaire,TP,france
daniel-schneider,Daniel Schneider,DS,brazil
alexander-quinn,Alexander Quinn,AQ,united-kingdom
antares-au,Antares Au,AU,hong-kong
loek-hartog,Loek Hartog,LH,netherlands
orey-fidani,Orey Fidani,OF,canada
lars-kern,Lars Kern,LK,germany
custodio-toledo,Custodio Toledo,CT,brazil
riccardo-agostini,Riccardo Agostini,RA,italy
jonathan-hui,Jonathan Hui,JH,hong-kong
christopher-froggatt,Christopher Froggatt,CF,united-kingdom
sebastian-alvarez,Sebastian Alvarez,SA,mexico
jamie-chadwick,Jamie Chadwick,JC,united-kingdom
mathys-jaubert,Mathys Jaubert,MJ,france
cem-bolukbasi,Cem Bölükbasi,CB,turkey
andrew-gilbert,Andrew Gilbert,AG,united-kingdom
lorcan-hanafin,Lorcan Hanafin,LH,united-kingdom
fran-rueda,Fran Rueda,FR,spain
anthony-mcintosh,Anthony Mcintosh,MCI,united-states-of-america
pedro-ebrahim,Pedro Ebrahim,PE,brazil
laurin-heinrich,Laurin Heinrich,HEN,germany
victor-martins,Victor Martins,MRS,france
parker-thompson,Parker Thompson,PT,canada
daniel-harper,Daniel Harper,HAP,united-kingdom
blake-mcdonald,Blake Mcdonald,BM,united-states-of-america
ayhancan-guven,Ayhancan Güven,AG,turkey
benjamin-goethe,Benjamin Goethe,BG,germany
logan-sargeant,Logan Sargeant,LS,united-states-of-america
gray-newell,Gray Newell,GN,united-states-of-america
kobe-pauwels,Kobe Pauwels,KP,belgium
jonny-adam,Jonny Adam,JA,united-kingdom
eric-powell,Eric Powell,EP,united-states-of-america
johannes-zelger,Johannes Zelger,JZ,italy
thomas-fleming,Thomas Fleming,TF,united-kingdom
marvin-kirchhofer,Marvin Kirchhöfer,MK,germany
hadrien-david,Hadrien David,HD,france
peter-dempsey,Peter Dempsey,PD,ireland
kobe-pauwells,Kobe Pauwells,KP,belgium
nicholas-yelloly,Nicholas Yelloly,NY,united-kingdom
louis-rousset,Louis Rousset,LR,france
adrien-closmenil,Adrien Closmenil,AC,france
ian-aguilera,Ian Aguilera,IA,mexico
theodor-jensen,Theodor Jensen,TJE,denmark
valerio-rinicella,Valerio Rinicella,VR,italy
rasmus-lindh,Rasmus Lindh,RL,sweden
kakunoshin-ohta,Kakunoshin Ohta,KO,japan
harry-king,Harry King,HK,united-kingdom
enzo-trulli,Enzo Trulli,ET,italy
jake-hughes,Jake Hughes,JH,united-kingdom
tobias-lutke,Tobias Lutke,TL,canada
horst-felix-felbermayr,Horst Felix Felbermayr,FFE,austria
edward-pearson,Edward Pearson,EP,united-kingdom
jack-doohan,Jack Doohan,JD,australia
dustin-blattner,Dustin Blattner,DB,united-states-of-america
lorenzo-patrese,Lorenzo Patrese,LP,italy
dennis-marschall,Dennis Marschall,MSL,germany
marius-fossard,Marius Fossard,MF,france
prince-jefri-ibrahim,Prince Jefri Ibrahim,PJI,malaysia
ben-green,Ben Green,BG,united-kingdom
abdulla-al-khelaifi,Abdulla Al-Khelaifi,ALK,qatar
julian-hanses,Julian Hanses,JH,germany
giuliano-alesi,Giuliano Alesi,GA,france
richard-verschoor,Richard Verschoor,RV,netherlands
