sessionId,raceId,seasonKey,year,round,positionDisplayOrder,positionNumber,points,polePosition,status,driverNumber,driverId,constructorId,laps,time,timeMillis,gapMillis,gapLaps,fastestLap,fastestLapNumber,fastestLapTime,fastestLapTimeMillis,averageSpeed
fe-2015-16-r1-beijing-race,fe-2015-16-r1-beijing,2015-16,2016,1,1,1,30,False,,9,sebastien-buemi,renault-e-dams,26,50:08.835,3008835,,,True,24,1:39.993,99993,123.8
fe-2015-16-r1-beijing-race,fe-2015-16-r1-beijing,2015-16,2016,1,2,2,18,False,,11,lucas-di-grassi,abt-schaeffler-audi-sport,26,+11.006,,11006,,False,21,1:41.721,101721,121.7
fe-2015-16-r1-beijing-race,fe-2015-16-r1-beijing,2015-16,2016,1,6,6,8,False,,88,oliver-turvey,nextev-tcr-formula-e-team,26,+39.466,,39466,,False,19,1:42.427,102427,120.9
fe-2015-16-r1-beijing-race,fe-2015-16-r1-beijing,2015-16,2016,1,7,7,6,False,,2,sam-bird,ds-virgin-racing-formula-e-team,26,+47.531,,47531,,False,25,1:41.201,101201,122.3
fe-2015-16-r1-beijing-race,fe-2015-16-r1-beijing,2015-16,2016,1,10,10,1,False,,27,robin-frijns,andretti-formula-e-team,26,+1:09.260,,69260,,False,22,1:42.242,102242,121.1
fe-2015-16-r1-beijing-race,fe-2015-16-r1-beijing,2015-16,2016,1,11,11,0,False,,66,daniel-abt,abt-schaeffler-audi-sport,26,+1:13.351,,73351,,False,24,1:42.539,102539,120.7
fe-2015-16-r1-beijing-race,fe-2015-16-r1-beijing,2015-16,2016,1,12,12,0,False,,25,jean-eric-vergne,ds-virgin-racing-formula-e-team,26,+1:31.040,,91040,,False,22,1:42.844,102844,120.4
fe-2015-16-r1-beijing-race,fe-2015-16-r1-beijing,2015-16,2016,1,15,15,0,False,,1,nelson-piquet-jr,nextev-tcr-formula-e-team,24,2 Laps,,,2,False,20,1:41.500,101500,122
fe-2015-16-r1-beijing-race,fe-2015-16-r1-beijing,2015-16,2016,1,16,,0,False,NC,55,antonio-felix-da-costa,team-aguri,13,26:52.142,1612142,,,False,9,1:42.672,102672,120.6
fe-2015-16-r1-beijing-qualifying,fe-2015-16-r1-beijing,2015-16,2016,1,1,1,0,True,,9,sebastien-buemi,renault-e-dams,,1:37.488,97488,,,False,,,,
fe-2015-16-r1-beijing-qualifying,fe-2015-16-r1-beijing,2015-16,2016,1,2,2,0,False,,25,jean-eric-vergne,ds-virgin-racing-formula-e-team,,1:38.028,98028,,,False,,,,
fe-2015-16-r1-beijing-qualifying,fe-2015-16-r1-beijing,2015-16,2016,1,5,5,0,False,,11,lucas-di-grassi,abt-schaeffler-audi-sport,,1:38.519,98519,,,False,,,,
fe-2015-16-r1-beijing-qualifying,fe-2015-16-r1-beijing,2015-16,2016,1,9,9,0,False,,2,sam-bird,ds-virgin-racing-formula-e-team,,1:38.884,98884,,,False,,,,
fe-2015-16-r1-beijing-qualifying,fe-2015-16-r1-beijing,2015-16,2016,1,11,11,0,False,,66,daniel-abt,abt-schaeffler-audi-sport,,1:39.220,99220,,,False,,,,
fe-2015-16-r1-beijing-qualifying,fe-2015-16-r1-beijing,2015-16,2016,1,13,13,0,False,,27,robin-frijns,andretti-formula-e-team,,1:39.672,99672,,,False,,,,
fe-2015-16-r1-beijing-qualifying,fe-2015-16-r1-beijing,2015-16,2016,1,15,15,0,False,,88,oliver-turvey,nextev-tcr-formula-e-team,,1:39.734,99734,,,False,,,,
fe-2015-16-r1-beijing-qualifying,fe-2015-16-r1-beijing,2015-16,2016,1,16,16,0,False,,55,antonio-felix-da-costa,team-aguri,,1:40.295,100295,,,False,,,,
fe-2015-16-r1-beijing-qualifying,fe-2015-16-r1-beijing,2015-16,2016,1,18,18,0,False,,1,nelson-piquet-jr,nextev-tcr-formula-e-team,,1:40.638,100638,,,False,,,,
fe-2015-16-r1-beijing-free-practice-2,fe-2015-16-r1-beijing,2015-16,2016,1,1,1,0,False,,11,lucas-di-grassi,abt-schaeffler-audi-sport,,1:37.279,97279,,,False,,,,
fe-2015-16-r1-beijing-free-practice-2,fe-2015-16-r1-beijing,2015-16,2016,1,2,2,0,False,,66,daniel-abt,abt-schaeffler-audi-sport,,1:37.993,97993,,,False,,,,
fe-2015-16-r1-beijing-free-practice-2,fe-2015-16-r1-beijing,2015-16,2016,1,4,4,0,False,,55,antonio-felix-da-costa,team-aguri,,1:39.768,99768,,,False,,,,
fe-2015-16-r1-beijing-free-practice-2,fe-2015-16-r1-beijing,2015-16,2016,1,8,8,0,False,,25,jean-eric-vergne,ds-virgin-racing-formula-e-team,,1:40.376,100376,,,False,,,,
fe-2015-16-r1-beijing-free-practice-2,fe-2015-16-r1-beijing,2015-16,2016,1,9,9,0,False,,9,sebastien-buemi,renault-e-dams,,1:40.669,100669,,,False,,,,
fe-2015-16-r1-beijing-free-practice-2,fe-2015-16-r1-beijing,2015-16,2016,1,10,10,0,False,,27,robin-frijns,andretti-formula-e-team,,1:40.978,100978,,,False,,,,
fe-2015-16-r1-beijing-free-practice-2,fe-2015-16-r1-beijing,2015-16,2016,1,11,11,0,False,,88,oliver-turvey,nextev-tcr-formula-e-team,,1:41.055,101055,,,False,,,,
fe-2015-16-r1-beijing-free-practice-2,fe-2015-16-r1-beijing,2015-16,2016,1,12,12,0,False,,1,nelson-piquet-jr,nextev-tcr-formula-e-team,,1:41.333,101333,,,False,,,,
fe-2015-16-r1-beijing-free-practice-2,fe-2015-16-r1-beijing,2015-16,2016,1,14,14,0,False,,2,sam-bird,ds-virgin-racing-formula-e-team,,1:41.474,101474,,,False,,,,
fe-2015-16-r1-beijing-free-practice-1,fe-2015-16-r1-beijing,2015-16,2016,1,1,1,0,False,,9,sebastien-buemi,renault-e-dams,,1:36.991,96991,,,False,,,,
fe-2015-16-r1-beijing-free-practice-1,fe-2015-16-r1-beijing,2015-16,2016,1,5,5,0,False,,2,sam-bird,ds-virgin-racing-formula-e-team,,1:38.594,98594,,,False,,,,
fe-2015-16-r1-beijing-free-practice-1,fe-2015-16-r1-beijing,2015-16,2016,1,8,8,0,False,,66,daniel-abt,abt-schaeffler-audi-sport,,1:40.946,100946,,,False,,,,
fe-2015-16-r1-beijing-free-practice-1,fe-2015-16-r1-beijing,2015-16,2016,1,9,9,0,False,,88,oliver-turvey,nextev-tcr-formula-e-team,,1:40.992,100992,,,False,,,,
fe-2015-16-r1-beijing-free-practice-1,fe-2015-16-r1-beijing,2015-16,2016,1,10,10,0,False,,55,antonio-felix-da-costa,team-aguri,,1:41.061,101061,,,False,,,,
fe-2015-16-r1-beijing-free-practice-1,fe-2015-16-r1-beijing,2015-16,2016,1,12,12,0,False,,27,robin-frijns,andretti-formula-e-team,,1:41.453,101453,,,False,,,,
fe-2015-16-r1-beijing-free-practice-1,fe-2015-16-r1-beijing,2015-16,2016,1,14,14,0,False,,25,jean-eric-vergne,ds-virgin-racing-formula-e-team,,1:42.000,102000,,,False,,,,
fe-2015-16-r1-beijing-free-practice-1,fe-2015-16-r1-beijing,2015-16,2016,1,15,15,0,False,,11,lucas-di-grassi,abt-schaeffler-audi-sport,,1:42.199,102199,,,False,,,,
fe-2015-16-r1-beijing-free-practice-1,fe-2015-16-r1-beijing,2015-16,2016,1,18,18,0,False,,1,nelson-piquet-jr,nextev-tcr-formula-e-team,,1:56.662,116662,,,False,,,,
fe-2015-16-r2-putrajaya-race,fe-2015-16-r2-putrajaya,2015-16,2016,2,1,1,25,False,,11,lucas-di-grassi,abt-schaeffler-audi-sport,33,50:17.449,3017449,,,False,21,1:23.877,83877,109.9
fe-2015-16-r2-putrajaya-race,fe-2015-16-r2-putrajaya,2015-16,2016,2,2,2,18,False,,2,sam-bird,ds-virgin-racing-formula-e-team,33,+13.884,,13884,,False,14,1:24.273,84273,109.4
fe-2015-16-r2-putrajaya-race,fe-2015-16-r2-putrajaya,2015-16,2016,2,3,3,15,False,,27,robin-frijns,andretti-formula-e-team,33,+29.776,,29776,,False,25,1:24.183,84183,109.5
fe-2015-16-r2-putrajaya-race,fe-2015-16-r2-putrajaya,2015-16,2016,2,6,6,8,False,,55,antonio-felix-da-costa,team-aguri,33,+36.925,,36925,,False,10,1:24.045,84045,109.7
fe-2015-16-r2-putrajaya-race,fe-2015-16-r2-putrajaya,2015-16,2016,2,7,7,6,False,,66,daniel-abt,abt-schaeffler-audi-sport,33,+37.283,,37283,,False,14,1:24.178,84178,109.5
fe-2015-16-r2-putrajaya-race,fe-2015-16-r2-putrajaya,2015-16,2016,2,8,8,4,False,,1,nelson-piquet-jr,nextev-tcr-formula-e-team,33,+40.623,,40623,,False,29,1:23.889,83889,109.9
fe-2015-16-r2-putrajaya-race,fe-2015-16-r2-putrajaya,2015-16,2016,2,12,12,5,False,,9,sebastien-buemi,renault-e-dams,33,+1:07.728,,67728,,True,22,1:22.748,82748,111.4
fe-2015-16-r2-putrajaya-race,fe-2015-16-r2-putrajaya,2015-16,2016,2,17,,0,False,DNF,25,jean-eric-vergne,ds-virgin-racing-formula-e-team,0,dnf,,,,False,0,,,
fe-2015-16-r2-putrajaya-race,fe-2015-16-r2-putrajaya,2015-16,2016,2,18,,0,False,NC,88,oliver-turvey,nextev-tcr-formula-e-team,4,6:04.603,364603,,,False,3,1:25.862,85862,107.3
fe-2015-16-r2-putrajaya-qualifying,fe-2015-16-r2-putrajaya,2015-16,2016,2,1,1,0,True,,9,sebastien-buemi,renault-e-dams,,1:20.196,80196,,,False,,,,
fe-2015-16-r2-putrajaya-qualifying,fe-2015-16-r2-putrajaya,2015-16,2016,2,4,4,0,False,,55,antonio-felix-da-costa,team-aguri,,1:20.975,80975,,,False,,,,
fe-2015-16-r2-putrajaya-qualifying,fe-2015-16-r2-putrajaya,2015-16,2016,2,6,6,0,False,,11,lucas-di-grassi,abt-schaeffler-audi-sport,,1:20.449,80449,,,False,,,,
fe-2015-16-r2-putrajaya-qualifying,fe-2015-16-r2-putrajaya,2015-16,2016,2,8,8,0,False,,27,robin-frijns,andretti-formula-e-team,,1:20.546,80546,,,False,,,,
fe-2015-16-r2-putrajaya-qualifying,fe-2015-16-r2-putrajaya,2015-16,2016,2,10,10,0,False,,66,daniel-abt,abt-schaeffler-audi-sport,,1:20.679,80679,,,False,,,,
fe-2015-16-r2-putrajaya-qualifying,fe-2015-16-r2-putrajaya,2015-16,2016,2,13,13,0,False,,25,jean-eric-vergne,ds-virgin-racing-formula-e-team,,1:20.820,80820,,,False,,,,
fe-2015-16-r2-putrajaya-qualifying,fe-2015-16-r2-putrajaya,2015-16,2016,2,14,14,0,False,,2,sam-bird,ds-virgin-racing-formula-e-team,,1:20.905,80905,,,False,,,,
fe-2015-16-r2-putrajaya-qualifying,fe-2015-16-r2-putrajaya,2015-16,2016,2,16,16,0,False,,1,nelson-piquet-jr,nextev-tcr-formula-e-team,,1:21.559,81559,,,False,,,,
fe-2015-16-r2-putrajaya-qualifying,fe-2015-16-r2-putrajaya,2015-16,2016,2,17,17,0,False,,88,oliver-turvey,nextev-tcr-formula-e-team,,1:21.611,81611,,,False,,,,
fe-2015-16-r2-putrajaya-free-practice,fe-2015-16-r2-putrajaya,2015-16,2016,2,2,2,0,False,,9,sebastien-buemi,renault-e-dams,,1:20.272,80272,,,False,,,,
fe-2015-16-r2-putrajaya-free-practice,fe-2015-16-r2-putrajaya,2015-16,2016,2,3,3,0,False,,66,daniel-abt,abt-schaeffler-audi-sport,,1:20.468,80468,,,False,,,,
fe-2015-16-r2-putrajaya-free-practice,fe-2015-16-r2-putrajaya,2015-16,2016,2,4,4,0,False,,2,sam-bird,ds-virgin-racing-formula-e-team,,1:20.541,80541,,,False,,,,
fe-2015-16-r2-putrajaya-free-practice,fe-2015-16-r2-putrajaya,2015-16,2016,2,5,5,0,False,,11,lucas-di-grassi,abt-schaeffler-audi-sport,,1:20.613,80613,,,False,,,,
fe-2015-16-r2-putrajaya-free-practice,fe-2015-16-r2-putrajaya,2015-16,2016,2,7,7,0,False,,55,antonio-felix-da-costa,team-aguri,,1:20.760,80760,,,False,,,,
fe-2015-16-r2-putrajaya-free-practice,fe-2015-16-r2-putrajaya,2015-16,2016,2,8,8,0,False,,25,jean-eric-vergne,ds-virgin-racing-formula-e-team,,1:20.825,80825,,,False,,,,
fe-2015-16-r2-putrajaya-free-practice,fe-2015-16-r2-putrajaya,2015-16,2016,2,11,11,0,False,,88,oliver-turvey,nextev-tcr-formula-e-team,,1:21.478,81478,,,False,,,,
fe-2015-16-r2-putrajaya-free-practice,fe-2015-16-r2-putrajaya,2015-16,2016,2,15,15,0,False,,27,robin-frijns,andretti-formula-e-team,,1:22.398,82398,,,False,,,,
fe-2015-16-r2-putrajaya-free-practice,fe-2015-16-r2-putrajaya,2015-16,2016,2,16,16,0,False,,1,nelson-piquet-jr,nextev-tcr-formula-e-team,,1:22.592,82592,,,False,,,,
fe-2015-16-r3-punta-del-este-race,fe-2015-16-r3-punta-del-este,2015-16,2016,3,1,1,27,False,,9,sebastien-buemi,renault-e-dams,33,45:59.697,2759697,,,True,23,1:17.413,77413,129.5
fe-2015-16-r3-punta-del-este-race,fe-2015-16-r3-punta-del-este,2015-16,2016,3,2,2,18,False,,11,lucas-di-grassi,abt-schaeffler-audi-sport,33,+3.534,,3534,,False,22,1:17.795,77795,128.9
fe-2015-16-r3-punta-del-este-race,fe-2015-16-r3-punta-del-este,2015-16,2016,3,6,6,8,False,,55,antonio-felix-da-costa,team-aguri,33,+22.410,,22410,,False,22,1:18.499,78499,127.7
fe-2015-16-r3-punta-del-este-race,fe-2015-16-r3-punta-del-este,2015-16,2016,3,7,7,6,False,,25,jean-eric-vergne,ds-virgin-racing-formula-e-team,33,+57.726,,57726,,False,22,1:18.373,78373,127.9
fe-2015-16-r3-punta-del-este-race,fe-2015-16-r3-punta-del-este,2015-16,2016,3,8,8,4,False,,66,daniel-abt,abt-schaeffler-audi-sport,33,+1:00.744,,60744,,False,29,1:18.809,78809,127.2
fe-2015-16-r3-punta-del-este-race,fe-2015-16-r3-punta-del-este,2015-16,2016,3,10,10,1,False,,27,robin-frijns,andretti-formula-e-team,33,+1:03.840,,63840,,False,27,1:18.710,78710,127.4
fe-2015-16-r3-punta-del-este-race,fe-2015-16-r3-punta-del-este,2015-16,2016,3,12,12,0,False,,88,oliver-turvey,nextev-tcr-formula-e-team,32,1 Lap,,,1,False,19,1:19.675,79675,125.8
fe-2015-16-r3-punta-del-este-race,fe-2015-16-r3-punta-del-este,2015-16,2016,3,13,13,0,False,,23,oliver-rowland,mahindra-racing-formula-e-team,32,1 Lap,,,1,False,22,1:19.760,79760,125.7
fe-2015-16-r3-punta-del-este-race,fe-2015-16-r3-punta-del-este,2015-16,2016,3,15,15,0,False,,1,nelson-piquet-jr,nextev-tcr-formula-e-team,31,2 Laps,,,2,False,22,1:18.344,78344,128
fe-2015-16-r3-punta-del-este-race,fe-2015-16-r3-punta-del-este,2015-16,2016,3,18,,0,False,NC,2,sam-bird,ds-virgin-racing-formula-e-team,17,22:54.298,1374298,,,False,11,1:19.623,79623,125.9
fe-2015-16-r3-punta-del-este-qualifying,fe-2015-16-r3-punta-del-este,2015-16,2016,3,3,3,0,False,,2,sam-bird,ds-virgin-racing-formula-e-team,,1:16.109,76109,,,False,,,,
fe-2015-16-r3-punta-del-este-qualifying,fe-2015-16-r3-punta-del-este,2015-16,2016,3,4,4,0,False,,11,lucas-di-grassi,abt-schaeffler-audi-sport,,1:16.635,76635,,,False,,,,
fe-2015-16-r3-punta-del-este-qualifying,fe-2015-16-r3-punta-del-este,2015-16,2016,3,2,2,0,False,,9,sebastien-buemi,renault-e-dams,3,57.827,57827,,,False,2,57.827,57827,120
fe-2015-16-r3-punta-del-este-qualifying,fe-2015-16-r3-punta-del-este,2015-16,2016,3,3,3,0,False,,66,daniel-abt,abt-schaeffler-audi-sport,2,57.852,57852,,,False,2,57.852,57852,119.9
fe-2015-16-r3-punta-del-este-qualifying,fe-2015-16-r3-punta-del-este,2015-16,2016,3,8,8,0,False,,55,antonio-felix-da-costa,team-aguri,,1:16.014,76014,,,False,,,,
fe-2015-16-r3-punta-del-este-qualifying,fe-2015-16-r3-punta-del-este,2015-16,2016,3,10,10,0,False,,88,oliver-turvey,nextev-tcr-formula-e-team,,1:16.154,76154,,,False,,,,
fe-2015-16-r3-punta-del-este-qualifying,fe-2015-16-r3-punta-del-este,2015-16,2016,3,11,11,0,False,,27,robin-frijns,andretti-formula-e-team,,1:16.255,76255,,,False,,,,
fe-2015-16-r3-punta-del-este-qualifying,fe-2015-16-r3-punta-del-este,2015-16,2016,3,12,12,0,False,,1,nelson-piquet-jr,nextev-tcr-formula-e-team,,1:16.300,76300,,,False,,,,
fe-2015-16-r3-punta-del-este-qualifying,fe-2015-16-r3-punta-del-este,2015-16,2016,3,16,16,0,False,,23,oliver-rowland,mahindra-racing-formula-e-team,,1:19.414,79414,,,False,,,,
fe-2015-16-r3-punta-del-este-qualifying,fe-2015-16-r3-punta-del-este,2015-16,2016,3,1,1,0,True,,25,jean-eric-vergne,ds-virgin-racing-formula-e-team,2,57.811,57811,,,False,2,57.811,57811,120
fe-2015-16-r3-punta-del-este-free-practice-2,fe-2015-16-r3-punta-del-este,2015-16,2016,3,2,2,0,False,,11,lucas-di-grassi,abt-schaeffler-audi-sport,,1:15.539,75539,,,False,,,,
fe-2015-16-r3-punta-del-este-free-practice-2,fe-2015-16-r3-punta-del-este,2015-16,2016,3,3,3,0,False,,9,sebastien-buemi,renault-e-dams,,1:15.694,75694,,,False,,,,
fe-2015-16-r3-punta-del-este-free-practice-2,fe-2015-16-r3-punta-del-este,2015-16,2016,3,5,5,0,False,,27,robin-frijns,andretti-formula-e-team,,1:15.860,75860,,,False,,,,
fe-2015-16-r3-punta-del-este-free-practice-2,fe-2015-16-r3-punta-del-este,2015-16,2016,3,6,6,0,False,,55,antonio-felix-da-costa,team-aguri,,1:16.246,76246,,,False,,,,
fe-2015-16-r3-punta-del-este-free-practice-2,fe-2015-16-r3-punta-del-este,2015-16,2016,3,9,9,0,False,,2,sam-bird,ds-virgin-racing-formula-e-team,,1:16.646,76646,,,False,,,,
fe-2015-16-r3-punta-del-este-free-practice-2,fe-2015-16-r3-punta-del-este,2015-16,2016,3,10,10,0,False,,88,oliver-turvey,nextev-tcr-formula-e-team,,1:16.853,76853,,,False,,,,
fe-2015-16-r3-punta-del-este-free-practice-2,fe-2015-16-r3-punta-del-este,2015-16,2016,3,12,12,0,False,,66,daniel-abt,abt-schaeffler-audi-sport,,1:17.618,77618,,,False,,,,
fe-2015-16-r3-punta-del-este-free-practice-2,fe-2015-16-r3-punta-del-este,2015-16,2016,3,14,14,0,False,,25,jean-eric-vergne,ds-virgin-racing-formula-e-team,,1:17.788,77788,,,False,,,,
fe-2015-16-r3-punta-del-este-free-practice-2,fe-2015-16-r3-punta-del-este,2015-16,2016,3,16,16,0,False,,1,nelson-piquet-jr,nextev-tcr-formula-e-team,,1:17.794,77794,,,False,,,,
fe-2015-16-r3-punta-del-este-free-practice-2,fe-2015-16-r3-punta-del-este,2015-16,2016,3,18,18,0,False,,23,oliver-rowland,mahindra-racing-formula-e-team,,1:18.508,78508,,,False,,,,
fe-2015-16-r3-punta-del-este-free-practice-1,fe-2015-16-r3-punta-del-este,2015-16,2016,3,1,1,0,False,,9,sebastien-buemi,renault-e-dams,,1:15.179,75179,,,False,,,,
fe-2015-16-r3-punta-del-este-free-practice-1,fe-2015-16-r3-punta-del-este,2015-16,2016,3,2,2,0,False,,2,sam-bird,ds-virgin-racing-formula-e-team,,1:16.327,76327,,,False,,,,
fe-2015-16-r3-punta-del-este-free-practice-1,fe-2015-16-r3-punta-del-este,2015-16,2016,3,3,3,0,False,,11,lucas-di-grassi,abt-schaeffler-audi-sport,,1:17.155,77155,,,False,,,,
fe-2015-16-r3-punta-del-este-free-practice-1,fe-2015-16-r3-punta-del-este,2015-16,2016,3,4,4,0,False,,25,jean-eric-vergne,ds-virgin-racing-formula-e-team,,1:17.930,77930,,,False,,,,
fe-2015-16-r3-punta-del-este-free-practice-1,fe-2015-16-r3-punta-del-este,2015-16,2016,3,5,5,0,False,,27,robin-frijns,andretti-formula-e-team,,1:18.052,78052,,,False,,,,
fe-2015-16-r3-punta-del-este-free-practice-1,fe-2015-16-r3-punta-del-este,2015-16,2016,3,10,10,0,False,,1,nelson-piquet-jr,nextev-tcr-formula-e-team,,1:18.292,78292,,,False,,,,
fe-2015-16-r3-punta-del-este-free-practice-1,fe-2015-16-r3-punta-del-este,2015-16,2016,3,11,11,0,False,,55,antonio-felix-da-costa,team-aguri,,1:18.415,78415,,,False,,,,
fe-2015-16-r3-punta-del-este-free-practice-1,fe-2015-16-r3-punta-del-este,2015-16,2016,3,12,12,0,False,,66,daniel-abt,abt-schaeffler-audi-sport,,1:18.421,78421,,,False,,,,
fe-2015-16-r3-punta-del-este-free-practice-1,fe-2015-16-r3-punta-del-este,2015-16,2016,3,13,13,0,False,,23,oliver-rowland,mahindra-racing-formula-e-team,,1:18.428,78428,,,False,,,,
fe-2015-16-r3-punta-del-este-free-practice-1,fe-2015-16-r3-punta-del-este,2015-16,2016,3,15,15,0,False,,88,oliver-turvey,nextev-tcr-formula-e-team,,1:19.120,79120,,,False,,,,
fe-2015-16-r4-buenos-aires-race,fe-2015-16-r4-buenos-aires,2015-16,2016,4,1,1,28,False,,2,sam-bird,ds-virgin-racing-formula-e-team,35,45:28.385,2728385,,,False,33,1:11.368,71368,125.1
fe-2015-16-r4-buenos-aires-race,fe-2015-16-r4-buenos-aires,2015-16,2016,4,2,2,18,False,,9,sebastien-buemi,renault-e-dams,35,+0.716,,716,,False,25,1:11.288,71288,125.2
fe-2015-16-r4-buenos-aires-race,fe-2015-16-r4-buenos-aires,2015-16,2016,4,3,3,15,False,,11,lucas-di-grassi,abt-schaeffler-audi-sport,35,+7.525,,7525,,False,32,1:11.264,71264,125.3
fe-2015-16-r4-buenos-aires-race,fe-2015-16-r4-buenos-aires,2015-16,2016,4,8,8,4,False,,27,robin-frijns,andretti-formula-e-team,35,+18.685,,18685,,False,28,1:11.563,71563,124.8
fe-2015-16-r4-buenos-aires-race,fe-2015-16-r4-buenos-aires,2015-16,2016,4,9,9,2,False,,88,oliver-turvey,nextev-tcr-formula-e-team,35,+22.007,,22007,,False,32,1:11.746,71746,124.4
fe-2015-16-r4-buenos-aires-race,fe-2015-16-r4-buenos-aires,2015-16,2016,4,11,11,0,False,,25,jean-eric-vergne,ds-virgin-racing-formula-e-team,35,+24.482,,24482,,False,32,1:11.779,71779,124.4
fe-2015-16-r4-buenos-aires-race,fe-2015-16-r4-buenos-aires,2015-16,2016,4,12,12,0,False,,1,nelson-piquet-jr,nextev-tcr-formula-e-team,35,+24.641,,24641,,False,31,1:11.650,71650,124.6
fe-2015-16-r4-buenos-aires-race,fe-2015-16-r4-buenos-aires,2015-16,2016,4,13,13,0,False,,66,daniel-abt,abt-schaeffler-audi-sport,35,+27.998,,27998,,False,30,1:11.722,71722,124.5
fe-2015-16-r4-buenos-aires-race,fe-2015-16-r4-buenos-aires,2015-16,2016,4,17,,0,False,NC,55,antonio-felix-da-costa,team-aguri,17,20:34.184,1234184,,,False,12,1:12.671,72671,122.9
fe-2015-16-r4-buenos-aires-qualifying,fe-2015-16-r4-buenos-aires,2015-16,2016,4,1,1,0,True,,2,sam-bird,ds-virgin-racing-formula-e-team,3,1:01.616,61616,,,False,2,1:01.616,61616,112.2
fe-2015-16-r4-buenos-aires-qualifying,fe-2015-16-r4-buenos-aires,2015-16,2016,4,3,3,0,False,,55,antonio-felix-da-costa,team-aguri,,1:09.761,69761,,,False,,,,
fe-2015-16-r4-buenos-aires-qualifying,fe-2015-16-r4-buenos-aires,2015-16,2016,4,6,6,0,False,,27,robin-frijns,andretti-formula-e-team,,1:09.616,69616,,,False,,,,
fe-2015-16-r4-buenos-aires-qualifying,fe-2015-16-r4-buenos-aires,2015-16,2016,4,2,2,0,False,,11,lucas-di-grassi,abt-schaeffler-audi-sport,3,1:01.932,61932,,,False,2,1:01.932,61932,111.6
fe-2015-16-r4-buenos-aires-qualifying,fe-2015-16-r4-buenos-aires,2015-16,2016,4,8,8,0,False,,66,daniel-abt,abt-schaeffler-audi-sport,,1:09.814,69814,,,False,,,,
fe-2015-16-r4-buenos-aires-qualifying,fe-2015-16-r4-buenos-aires,2015-16,2016,4,9,9,0,False,,1,nelson-piquet-jr,nextev-tcr-formula-e-team,,1:09.931,69931,,,False,,,,
fe-2015-16-r4-buenos-aires-qualifying,fe-2015-16-r4-buenos-aires,2015-16,2016,4,11,11,0,False,,88,oliver-turvey,nextev-tcr-formula-e-team,,1:10.126,70126,,,False,,,,
fe-2015-16-r4-buenos-aires-qualifying,fe-2015-16-r4-buenos-aires,2015-16,2016,4,3,3,0,False,,25,jean-eric-vergne,ds-virgin-racing-formula-e-team,3,1:01.993,61993,,,False,2,1:01.993,61993,111.5
fe-2015-16-r4-buenos-aires-qualifying,fe-2015-16-r4-buenos-aires,2015-16,2016,4,18,18,0,False,,9,sebastien-buemi,renault-e-dams,,1:19.421,79421,,,False,,,,
fe-2015-16-r4-buenos-aires-free-practice-2,fe-2015-16-r4-buenos-aires,2015-16,2016,4,1,1,0,False,,9,sebastien-buemi,renault-e-dams,,1:08.771,68771,,,False,,,,
fe-2015-16-r4-buenos-aires-free-practice-2,fe-2015-16-r4-buenos-aires,2015-16,2016,4,2,2,0,False,,11,lucas-di-grassi,abt-schaeffler-audi-sport,,1:09.310,69310,,,False,,,,
fe-2015-16-r4-buenos-aires-free-practice-2,fe-2015-16-r4-buenos-aires,2015-16,2016,4,4,4,0,False,,2,sam-bird,ds-virgin-racing-formula-e-team,,1:09.485,69485,,,False,,,,
fe-2015-16-r4-buenos-aires-free-practice-2,fe-2015-16-r4-buenos-aires,2015-16,2016,4,5,5,0,False,,55,antonio-felix-da-costa,team-aguri,,1:09.490,69490,,,False,,,,
fe-2015-16-r4-buenos-aires-free-practice-2,fe-2015-16-r4-buenos-aires,2015-16,2016,4,8,8,0,False,,1,nelson-piquet-jr,nextev-tcr-formula-e-team,,1:10.089,70089,,,False,,,,
fe-2015-16-r4-buenos-aires-free-practice-2,fe-2015-16-r4-buenos-aires,2015-16,2016,4,11,11,0,False,,27,robin-frijns,andretti-formula-e-team,,1:10.303,70303,,,False,,,,
fe-2015-16-r4-buenos-aires-free-practice-2,fe-2015-16-r4-buenos-aires,2015-16,2016,4,14,14,0,False,,88,oliver-turvey,nextev-tcr-formula-e-team,,1:10.556,70556,,,False,,,,
fe-2015-16-r4-buenos-aires-free-practice-2,fe-2015-16-r4-buenos-aires,2015-16,2016,4,15,15,0,False,,66,daniel-abt,abt-schaeffler-audi-sport,,1:10.594,70594,,,False,,,,
fe-2015-16-r4-buenos-aires-free-practice-2,fe-2015-16-r4-buenos-aires,2015-16,2016,4,18,18,0,False,,25,jean-eric-vergne,ds-virgin-racing-formula-e-team,,—,,,,False,,,,
fe-2015-16-r4-buenos-aires-free-practice-1,fe-2015-16-r4-buenos-aires,2015-16,2016,4,1,1,0,False,,2,sam-bird,ds-virgin-racing-formula-e-team,,1:09.913,69913,,,False,,,,
fe-2015-16-r4-buenos-aires-free-practice-1,fe-2015-16-r4-buenos-aires,2015-16,2016,4,2,2,0,False,,66,daniel-abt,abt-schaeffler-audi-sport,,1:10.302,70302,,,False,,,,
fe-2015-16-r4-buenos-aires-free-practice-1,fe-2015-16-r4-buenos-aires,2015-16,2016,4,3,3,0,False,,1,nelson-piquet-jr,nextev-tcr-formula-e-team,,1:10.717,70717,,,False,,,,
fe-2015-16-r4-buenos-aires-free-practice-1,fe-2015-16-r4-buenos-aires,2015-16,2016,4,4,4,0,False,,88,oliver-turvey,nextev-tcr-formula-e-team,,1:10.752,70752,,,False,,,,
fe-2015-16-r4-buenos-aires-free-practice-1,fe-2015-16-r4-buenos-aires,2015-16,2016,4,5,5,0,False,,9,sebastien-buemi,renault-e-dams,,1:10.880,70880,,,False,,,,
fe-2015-16-r4-buenos-aires-free-practice-1,fe-2015-16-r4-buenos-aires,2015-16,2016,4,6,6,0,False,,11,lucas-di-grassi,abt-schaeffler-audi-sport,,1:11.152,71152,,,False,,,,
fe-2015-16-r4-buenos-aires-free-practice-1,fe-2015-16-r4-buenos-aires,2015-16,2016,4,9,9,0,False,,27,robin-frijns,andretti-formula-e-team,,1:11.429,71429,,,False,,,,
fe-2015-16-r4-buenos-aires-free-practice-1,fe-2015-16-r4-buenos-aires,2015-16,2016,4,10,10,0,False,,55,antonio-felix-da-costa,team-aguri,,1:11.690,71690,,,False,,,,
fe-2015-16-r4-buenos-aires-free-practice-1,fe-2015-16-r4-buenos-aires,2015-16,2016,4,18,18,0,False,,25,jean-eric-vergne,ds-virgin-racing-formula-e-team,,—,,,,False,,,,
fe-2015-16-r5-mexico-city-race,fe-2015-16-r5-mexico-city,2015-16,2016,5,2,2,18,False,,9,sebastien-buemi,renault-e-dams,43,+0.106,,106,,False,29,1:05.076,65076,115.7
fe-2015-16-r5-mexico-city-race,fe-2015-16-r5-mexico-city,2015-16,2016,5,5,5,10,False,,27,robin-frijns,andretti-formula-e-team,43,+28.477,,28477,,False,29,1:05.247,65247,115.4
fe-2015-16-r5-mexico-city-race,fe-2015-16-r5-mexico-city,2015-16,2016,5,6,6,8,False,,2,sam-bird,ds-virgin-racing-formula-e-team,43,+28.928,,28928,,False,28,1:05.167,65167,115.6
fe-2015-16-r5-mexico-city-race,fe-2015-16-r5-mexico-city,2015-16,2016,5,7,7,6,False,,66,daniel-abt,abt-schaeffler-audi-sport,43,+30.051,,30051,,False,34,1:05.315,65315,115.3
fe-2015-16-r5-mexico-city-race,fe-2015-16-r5-mexico-city,2015-16,2016,5,11,11,0,False,,88,oliver-turvey,nextev-tcr-formula-e-team,43,+38.598,,38598,,False,27,1:05.183,65183,115.5
fe-2015-16-r5-mexico-city-race,fe-2015-16-r5-mexico-city,2015-16,2016,5,13,13,0,False,,1,nelson-piquet-jr,nextev-tcr-formula-e-team,43,+42.351,,42351,,False,27,1:05.097,65097,115.7
fe-2015-16-r5-mexico-city-race,fe-2015-16-r5-mexico-city,2015-16,2016,5,16,16,0,False,,25,jean-eric-vergne,ds-virgin-racing-formula-e-team,42,1 Lap,,,1,False,24,1:04.881,64881,116.1
fe-2015-16-r5-mexico-city-race,fe-2015-16-r5-mexico-city,2015-16,2016,5,17,,0,False,NC,55,antonio-felix-da-costa,team-aguri,32,37:49.401,2269401,,,False,25,1:05.059,65059,115.8
fe-2015-16-r5-mexico-city-race,fe-2015-16-r5-mexico-city,2015-16,2016,5,18,,0,False,NC,11,lucas-di-grassi,abt-schaeffler-audi-sport,43,48:22.993,2902993,,,False,28,1:04.887,64887,116.1
fe-2015-16-r5-mexico-city-qualifying,fe-2015-16-r5-mexico-city,2015-16,2016,5,3,3,0,False,,11,lucas-di-grassi,abt-schaeffler-audi-sport,3,57.270,57270,,,False,2,57.270,57270,134
fe-2015-16-r5-mexico-city-qualifying,fe-2015-16-r5-mexico-city,2015-16,2016,5,4,4,0,False,,66,daniel-abt,abt-schaeffler-audi-sport,,1:04.335,64335,,,False,,,,
fe-2015-16-r5-mexico-city-qualifying,fe-2015-16-r5-mexico-city,2015-16,2016,5,5,5,0,False,,9,sebastien-buemi,renault-e-dams,,1:05.183,65183,,,False,,,,
fe-2015-16-r5-mexico-city-qualifying,fe-2015-16-r5-mexico-city,2015-16,2016,5,6,6,0,False,,25,jean-eric-vergne,ds-virgin-racing-formula-e-team,,1:04.268,64268,,,False,,,,
fe-2015-16-r5-mexico-city-qualifying,fe-2015-16-r5-mexico-city,2015-16,2016,5,1,1,0,True,,55,antonio-felix-da-costa,team-aguri,2,57.198,57198,,,False,2,57.198,57198,134.1
fe-2015-16-r5-mexico-city-qualifying,fe-2015-16-r5-mexico-city,2015-16,2016,5,2,2,0,False,,2,sam-bird,ds-virgin-racing-formula-e-team,2,57.261,57261,,,False,2,57.261,57261,134
fe-2015-16-r5-mexico-city-qualifying,fe-2015-16-r5-mexico-city,2015-16,2016,5,13,13,0,False,,27,robin-frijns,andretti-formula-e-team,,1:04.959,64959,,,False,,,,
fe-2015-16-r5-mexico-city-qualifying,fe-2015-16-r5-mexico-city,2015-16,2016,5,16,16,0,False,,88,oliver-turvey,nextev-tcr-formula-e-team,,1:06.166,66166,,,False,,,,
fe-2015-16-r5-mexico-city-free-practice-2,fe-2015-16-r5-mexico-city,2015-16,2016,5,1,1,0,False,,9,sebastien-buemi,renault-e-dams,,1:03.341,63341,,,False,,,,
fe-2015-16-r5-mexico-city-free-practice-2,fe-2015-16-r5-mexico-city,2015-16,2016,5,2,2,0,False,,66,daniel-abt,abt-schaeffler-audi-sport,,1:03.599,63599,,,False,,,,
fe-2015-16-r5-mexico-city-free-practice-2,fe-2015-16-r5-mexico-city,2015-16,2016,5,3,3,0,False,,11,lucas-di-grassi,abt-schaeffler-audi-sport,,1:03.748,63748,,,False,,,,
fe-2015-16-r5-mexico-city-free-practice-2,fe-2015-16-r5-mexico-city,2015-16,2016,5,6,6,0,False,,88,oliver-turvey,nextev-tcr-formula-e-team,,1:03.964,63964,,,False,,,,
fe-2015-16-r5-mexico-city-free-practice-2,fe-2015-16-r5-mexico-city,2015-16,2016,5,9,9,0,False,,25,jean-eric-vergne,ds-virgin-racing-formula-e-team,,1:04.605,64605,,,False,,,,
fe-2015-16-r5-mexico-city-free-practice-2,fe-2015-16-r5-mexico-city,2015-16,2016,5,10,10,0,False,,1,nelson-piquet-jr,nextev-tcr-formula-e-team,,1:04.620,64620,,,False,,,,
fe-2015-16-r5-mexico-city-free-practice-2,fe-2015-16-r5-mexico-city,2015-16,2016,5,13,13,0,False,,27,robin-frijns,andretti-formula-e-team,,1:04.706,64706,,,False,,,,
fe-2015-16-r5-mexico-city-free-practice-2,fe-2015-16-r5-mexico-city,2015-16,2016,5,15,15,0,False,,2,sam-bird,ds-virgin-racing-formula-e-team,,1:04.900,64900,,,False,,,,
fe-2015-16-r5-mexico-city-free-practice-2,fe-2015-16-r5-mexico-city,2015-16,2016,5,17,17,0,False,,55,antonio-felix-da-costa,team-aguri,,1:05.446,65446,,,False,,,,
fe-2015-16-r5-mexico-city-free-practice-1,fe-2015-16-r5-mexico-city,2015-16,2016,5,1,1,0,False,,9,sebastien-buemi,renault-e-dams,,1:03.995,63995,,,False,,,,
fe-2015-16-r5-mexico-city-free-practice-1,fe-2015-16-r5-mexico-city,2015-16,2016,5,3,3,0,False,,88,oliver-turvey,nextev-tcr-formula-e-team,,1:05.067,65067,,,False,,,,
fe-2015-16-r5-mexico-city-free-practice-1,fe-2015-16-r5-mexico-city,2015-16,2016,5,5,5,0,False,,66,daniel-abt,abt-schaeffler-audi-sport,,1:05.188,65188,,,False,,,,
fe-2015-16-r5-mexico-city-free-practice-1,fe-2015-16-r5-mexico-city,2015-16,2016,5,9,9,0,False,,11,lucas-di-grassi,abt-schaeffler-audi-sport,,1:05.287,65287,,,False,,,,
fe-2015-16-r5-mexico-city-free-practice-1,fe-2015-16-r5-mexico-city,2015-16,2016,5,11,11,0,False,,1,nelson-piquet-jr,nextev-tcr-formula-e-team,,1:05.406,65406,,,False,,,,
fe-2015-16-r5-mexico-city-free-practice-1,fe-2015-16-r5-mexico-city,2015-16,2016,5,12,12,0,False,,55,antonio-felix-da-costa,team-aguri,,1:05.465,65465,,,False,,,,
fe-2015-16-r5-mexico-city-free-practice-1,fe-2015-16-r5-mexico-city,2015-16,2016,5,13,13,0,False,,25,jean-eric-vergne,ds-virgin-racing-formula-e-team,,1:05.681,65681,,,False,,,,
fe-2015-16-r5-mexico-city-free-practice-1,fe-2015-16-r5-mexico-city,2015-16,2016,5,16,16,0,False,,2,sam-bird,ds-virgin-racing-formula-e-team,,1:05.994,65994,,,False,,,,
fe-2015-16-r5-mexico-city-free-practice-1,fe-2015-16-r5-mexico-city,2015-16,2016,5,17,17,0,False,,27,robin-frijns,andretti-formula-e-team,,1:06.051,66051,,,False,,,,
fe-2015-16-r6-long-beach-race,fe-2015-16-r6-long-beach,2015-16,2016,6,1,1,25,False,,11,lucas-di-grassi,abt-schaeffler-audi-sport,41,45:11.582,2711582,,,False,40,58.765,58765,130.5
fe-2015-16-r6-long-beach-race,fe-2015-16-r6-long-beach,2015-16,2016,6,3,3,15,False,,66,daniel-abt,abt-schaeffler-audi-sport,41,+1.685,,1685,,False,40,58.935,58935,130.2
fe-2015-16-r6-long-beach-race,fe-2015-16-r6-long-beach,2015-16,2016,6,6,6,11,False,,2,sam-bird,ds-virgin-racing-formula-e-team,41,+5.229,,5229,,False,41,59.004,59004,130
fe-2015-16-r6-long-beach-race,fe-2015-16-r6-long-beach,2015-16,2016,6,12,12,0,False,,88,oliver-turvey,nextev-tcr-formula-e-team,41,+17.417,,17417,,False,25,58.920,58920,130.2
fe-2015-16-r6-long-beach-race,fe-2015-16-r6-long-beach,2015-16,2016,6,13,13,0,False,,25,jean-eric-vergne,ds-virgin-racing-formula-e-team,40,1 Lap,,,1,False,29,59.428,59428,129.1
fe-2015-16-r6-long-beach-race,fe-2015-16-r6-long-beach,2015-16,2016,6,15,15,0,False,,27,robin-frijns,andretti-formula-e-team,40,1 Lap,,,1,False,8,59.370,59370,129.2
fe-2015-16-r6-long-beach-race,fe-2015-16-r6-long-beach,2015-16,2016,6,16,16,2,False,,9,sebastien-buemi,renault-e-dams,38,3 Laps,,,3,True,28,57.938,57938,132.4
fe-2015-16-r6-long-beach-race,fe-2015-16-r6-long-beach,2015-16,2016,6,17,,0,False,NC,55,antonio-felix-da-costa,team-aguri,33,34:24.533,2064533,,,False,24,58.977,58977,130.1
fe-2015-16-r6-long-beach-race,fe-2015-16-r6-long-beach,2015-16,2016,6,18,,0,False,NC,1,nelson-piquet-jr,nextev-tcr-formula-e-team,32,33:56.174,2036174,,,False,27,58.584,58584,131
fe-2015-16-r6-long-beach-qualifying,fe-2015-16-r6-long-beach,2015-16,2016,6,1,1,0,False,,2,sam-bird,ds-virgin-racing-formula-e-team,,57.261,57261,,,False,,,,
fe-2015-16-r6-long-beach-qualifying,fe-2015-16-r6-long-beach,2015-16,2016,6,3,3,0,False,,11,lucas-di-grassi,abt-schaeffler-audi-sport,3,1:04.023,64023,,,False,2,1:04.023,64023,117.6
fe-2015-16-r6-long-beach-qualifying,fe-2015-16-r6-long-beach,2015-16,2016,6,5,5,0,False,,27,robin-frijns,andretti-formula-e-team,,57.145,57145,,,False,,,,
fe-2015-16-r6-long-beach-qualifying,fe-2015-16-r6-long-beach,2015-16,2016,6,4,4,0,False,,66,daniel-abt,abt-schaeffler-audi-sport,3,1:04.335,64335,,,False,2,1:04.335,64335,117.1
fe-2015-16-r6-long-beach-qualifying,fe-2015-16-r6-long-beach,2015-16,2016,6,5,5,0,False,,9,sebastien-buemi,renault-e-dams,3,1:05.183,65183,,,False,2,1:05.183,65183,115.5
fe-2015-16-r6-long-beach-qualifying,fe-2015-16-r6-long-beach,2015-16,2016,6,11,11,0,False,,25,jean-eric-vergne,ds-virgin-racing-formula-e-team,,57.496,57496,,,False,,,,
fe-2015-16-r6-long-beach-qualifying,fe-2015-16-r6-long-beach,2015-16,2016,6,13,13,0,False,,88,oliver-turvey,nextev-tcr-formula-e-team,,57.952,57952,,,False,,,,
fe-2015-16-r6-long-beach-qualifying,fe-2015-16-r6-long-beach,2015-16,2016,6,14,14,0,False,,1,nelson-piquet-jr,nextev-tcr-formula-e-team,,58.015,58015,,,False,,,,
fe-2015-16-r6-long-beach-qualifying,fe-2015-16-r6-long-beach,2015-16,2016,6,18,,0,False,NC,55,antonio-felix-da-costa,team-aguri,,—,,,,False,,,,
fe-2015-16-r6-long-beach-free-practice-2,fe-2015-16-r6-long-beach,2015-16,2016,6,1,1,0,False,,66,daniel-abt,abt-schaeffler-audi-sport,,56.778,56778,,,False,,,,
fe-2015-16-r6-long-beach-free-practice-2,fe-2015-16-r6-long-beach,2015-16,2016,6,2,2,0,False,,9,sebastien-buemi,renault-e-dams,,56.952,56952,,,False,,,,
fe-2015-16-r6-long-beach-free-practice-2,fe-2015-16-r6-long-beach,2015-16,2016,6,3,3,0,False,,11,lucas-di-grassi,abt-schaeffler-audi-sport,,57.044,57044,,,False,,,,
fe-2015-16-r6-long-beach-free-practice-2,fe-2015-16-r6-long-beach,2015-16,2016,6,4,4,0,False,,55,antonio-felix-da-costa,team-aguri,,57.155,57155,,,False,,,,
fe-2015-16-r6-long-beach-free-practice-2,fe-2015-16-r6-long-beach,2015-16,2016,6,5,5,0,False,,27,robin-frijns,andretti-formula-e-team,,57.161,57161,,,False,,,,
fe-2015-16-r6-long-beach-free-practice-2,fe-2015-16-r6-long-beach,2015-16,2016,6,6,6,0,False,,2,sam-bird,ds-virgin-racing-formula-e-team,,57.212,57212,,,False,,,,
fe-2015-16-r6-long-beach-free-practice-2,fe-2015-16-r6-long-beach,2015-16,2016,6,13,13,0,False,,1,nelson-piquet-jr,nextev-tcr-formula-e-team,,57.802,57802,,,False,,,,
fe-2015-16-r6-long-beach-free-practice-2,fe-2015-16-r6-long-beach,2015-16,2016,6,16,16,0,False,,25,jean-eric-vergne,ds-virgin-racing-formula-e-team,,58.099,58099,,,False,,,,
fe-2015-16-r6-long-beach-free-practice-2,fe-2015-16-r6-long-beach,2015-16,2016,6,17,17,0,False,,88,oliver-turvey,nextev-tcr-formula-e-team,,58.297,58297,,,False,,,,
fe-2015-16-r6-long-beach-free-practice-1,fe-2015-16-r6-long-beach,2015-16,2016,6,1,1,0,False,,9,sebastien-buemi,renault-e-dams,,57.383,57383,,,False,,,,
fe-2015-16-r6-long-beach-free-practice-1,fe-2015-16-r6-long-beach,2015-16,2016,6,2,2,0,False,,2,sam-bird,ds-virgin-racing-formula-e-team,,57.815,57815,,,False,,,,
fe-2015-16-r6-long-beach-free-practice-1,fe-2015-16-r6-long-beach,2015-16,2016,6,4,4,0,False,,27,robin-frijns,andretti-formula-e-team,,58.039,58039,,,False,,,,
fe-2015-16-r6-long-beach-free-practice-1,fe-2015-16-r6-long-beach,2015-16,2016,6,7,7,0,False,,55,antonio-felix-da-costa,team-aguri,,58.775,58775,,,False,,,,
fe-2015-16-r6-long-beach-free-practice-1,fe-2015-16-r6-long-beach,2015-16,2016,6,8,8,0,False,,11,lucas-di-grassi,abt-schaeffler-audi-sport,,58.78,58780,,,False,,,,
fe-2015-16-r6-long-beach-free-practice-1,fe-2015-16-r6-long-beach,2015-16,2016,6,10,10,0,False,,66,daniel-abt,abt-schaeffler-audi-sport,,58.79,58790,,,False,,,,
fe-2015-16-r6-long-beach-free-practice-1,fe-2015-16-r6-long-beach,2015-16,2016,6,11,11,0,False,,25,jean-eric-vergne,ds-virgin-racing-formula-e-team,,58.852,58852,,,False,,,,
fe-2015-16-r6-long-beach-free-practice-1,fe-2015-16-r6-long-beach,2015-16,2016,6,14,14,0,False,,88,oliver-turvey,nextev-tcr-formula-e-team,,59.12,59120,,,False,,,,
fe-2015-16-r6-long-beach-free-practice-1,fe-2015-16-r6-long-beach,2015-16,2016,6,16,16,0,False,,1,nelson-piquet-jr,nextev-tcr-formula-e-team,,59.441,59441,,,False,,,,
fe-2015-16-r7-paris-race,fe-2015-16-r7-paris,2015-16,2016,7,1,1,25,False,,11,lucas-di-grassi,abt-schaeffler-audi-sport,45,52:40.324,3160324,,,False,28,1:02.911,62911,109.9
fe-2015-16-r7-paris-race,fe-2015-16-r7-paris,2015-16,2016,7,2,2,18,False,,25,jean-eric-vergne,ds-virgin-racing-formula-e-team,45,+0.853,,853,,False,30,1:02.939,62939,109.8
fe-2015-16-r7-paris-race,fe-2015-16-r7-paris,2015-16,2016,7,3,3,15,False,,9,sebastien-buemi,renault-e-dams,45,+1.616,,1616,,False,32,1:02.453,62453,110.7
fe-2015-16-r7-paris-race,fe-2015-16-r7-paris,2015-16,2016,7,6,6,11,False,,2,sam-bird,ds-virgin-racing-formula-e-team,45,+3.856,,3856,,False,27,1:03.040,63040,109.6
fe-2015-16-r7-paris-race,fe-2015-16-r7-paris,2015-16,2016,7,7,7,6,False,,27,robin-frijns,andretti-formula-e-team,45,+5.141,,5141,,False,28,1:03.026,63026,109.7
fe-2015-16-r7-paris-race,fe-2015-16-r7-paris,2015-16,2016,7,8,8,4,False,,55,antonio-felix-da-costa,team-aguri,45,+7.000,,7000,,False,17,1:02.967,62967,109.8
fe-2015-16-r7-paris-race,fe-2015-16-r7-paris,2015-16,2016,7,10,10,1,False,,66,daniel-abt,abt-schaeffler-audi-sport,45,+9.479,,9479,,False,33,1:02.851,62851,110
fe-2015-16-r7-paris-race,fe-2015-16-r7-paris,2015-16,2016,7,13,13,0,False,,88,oliver-turvey,nextev-tcr-formula-e-team,45,+13.721,,13721,,False,29,1:03.908,63908,108.2
fe-2015-16-r7-paris-race,fe-2015-16-r7-paris,2015-16,2016,7,17,,0,False,NC,1,nelson-piquet-jr,nextev-tcr-formula-e-team,39,46:07.568,2767568,,,False,38,1:02.731,62731,110.2
fe-2015-16-r7-paris-qualifying,fe-2015-16-r7-paris,2015-16,2016,7,1,1,0,True,,2,sam-bird,ds-virgin-racing-formula-e-team,3,1:09.420,69420,,,False,2,1:09.420,69420,128.6
fe-2015-16-r7-paris-qualifying,fe-2015-16-r7-paris,2015-16,2016,7,2,2,0,False,,11,lucas-di-grassi,abt-schaeffler-audi-sport,,1:01.932,61932,,,False,,,,
fe-2015-16-r7-paris-qualifying,fe-2015-16-r7-paris,2015-16,2016,7,3,3,0,False,,25,jean-eric-vergne,ds-virgin-racing-formula-e-team,,1:01.993,61993,,,False,,,,
fe-2015-16-r7-paris-qualifying,fe-2015-16-r7-paris,2015-16,2016,7,6,6,0,False,,27,robin-frijns,andretti-formula-e-team,,1:02.405,62405,,,False,,,,
fe-2015-16-r7-paris-qualifying,fe-2015-16-r7-paris,2015-16,2016,7,7,7,0,False,,88,oliver-turvey,nextev-tcr-formula-e-team,,1:02.492,62492,,,False,,,,
fe-2015-16-r7-paris-qualifying,fe-2015-16-r7-paris,2015-16,2016,7,8,8,0,False,,9,sebastien-buemi,renault-e-dams,,1:02.661,62661,,,False,,,,
fe-2015-16-r7-paris-qualifying,fe-2015-16-r7-paris,2015-16,2016,7,9,9,0,False,,1,nelson-piquet-jr,nextev-tcr-formula-e-team,,1:02.685,62685,,,False,,,,
fe-2015-16-r7-paris-qualifying,fe-2015-16-r7-paris,2015-16,2016,7,3,3,0,False,,55,antonio-felix-da-costa,team-aguri,3,1:09.761,69761,,,False,2,1:09.761,69761,128
fe-2015-16-r7-paris-qualifying,fe-2015-16-r7-paris,2015-16,2016,7,14,14,0,False,,66,daniel-abt,abt-schaeffler-audi-sport,,1:03.081,63081,,,False,,,,
fe-2015-16-r7-paris-free-practice-2,fe-2015-16-r7-paris,2015-16,2016,7,2,2,0,False,,25,jean-eric-vergne,ds-virgin-racing-formula-e-team,,1:01.396,61396,,,False,,,,
fe-2015-16-r7-paris-free-practice-2,fe-2015-16-r7-paris,2015-16,2016,7,3,3,0,False,,2,sam-bird,ds-virgin-racing-formula-e-team,,1:01.587,61587,,,False,,,,
fe-2015-16-r7-paris-free-practice-2,fe-2015-16-r7-paris,2015-16,2016,7,4,4,0,False,,11,lucas-di-grassi,abt-schaeffler-audi-sport,,1:01.621,61621,,,False,,,,
fe-2015-16-r7-paris-free-practice-2,fe-2015-16-r7-paris,2015-16,2016,7,7,7,0,False,,55,antonio-felix-da-costa,team-aguri,,1:01.924,61924,,,False,,,,
fe-2015-16-r7-paris-free-practice-2,fe-2015-16-r7-paris,2015-16,2016,7,9,9,0,False,,27,robin-frijns,andretti-formula-e-team,,1:02.038,62038,,,False,,,,
fe-2015-16-r7-paris-free-practice-2,fe-2015-16-r7-paris,2015-16,2016,7,10,10,0,False,,66,daniel-abt,abt-schaeffler-audi-sport,,1:02.143,62143,,,False,,,,
fe-2015-16-r7-paris-free-practice-2,fe-2015-16-r7-paris,2015-16,2016,7,13,13,0,False,,9,sebastien-buemi,renault-e-dams,,1:02.258,62258,,,False,,,,
fe-2015-16-r7-paris-free-practice-2,fe-2015-16-r7-paris,2015-16,2016,7,14,14,0,False,,1,nelson-piquet-jr,nextev-tcr-formula-e-team,,1:02.275,62275,,,False,,,,
fe-2015-16-r7-paris-free-practice-2,fe-2015-16-r7-paris,2015-16,2016,7,17,17,0,False,,88,oliver-turvey,nextev-tcr-formula-e-team,,1:03.267,63267,,,False,,,,
fe-2015-16-r7-paris-free-practice-1,fe-2015-16-r7-paris,2015-16,2016,7,1,1,0,False,,9,sebastien-buemi,renault-e-dams,,1:02.841,62841,,,False,,,,
fe-2015-16-r7-paris-free-practice-1,fe-2015-16-r7-paris,2015-16,2016,7,2,2,0,False,,11,lucas-di-grassi,abt-schaeffler-audi-sport,,1:02.981,62981,,,False,,,,
fe-2015-16-r7-paris-free-practice-1,fe-2015-16-r7-paris,2015-16,2016,7,4,4,0,False,,2,sam-bird,ds-virgin-racing-formula-e-team,,1:03.099,63099,,,False,,,,
fe-2015-16-r7-paris-free-practice-1,fe-2015-16-r7-paris,2015-16,2016,7,7,7,0,False,,66,daniel-abt,abt-schaeffler-audi-sport,,1:03.474,63474,,,False,,,,
fe-2015-16-r7-paris-free-practice-1,fe-2015-16-r7-paris,2015-16,2016,7,10,10,0,False,,1,nelson-piquet-jr,nextev-tcr-formula-e-team,,1:03.618,63618,,,False,,,,
fe-2015-16-r7-paris-free-practice-1,fe-2015-16-r7-paris,2015-16,2016,7,11,11,0,False,,25,jean-eric-vergne,ds-virgin-racing-formula-e-team,,1:03.640,63640,,,False,,,,
fe-2015-16-r7-paris-free-practice-1,fe-2015-16-r7-paris,2015-16,2016,7,12,12,0,False,,27,robin-frijns,andretti-formula-e-team,,1:03.682,63682,,,False,,,,
fe-2015-16-r7-paris-free-practice-1,fe-2015-16-r7-paris,2015-16,2016,7,13,13,0,False,,55,antonio-felix-da-costa,team-aguri,,1:03.734,63734,,,False,,,,
fe-2015-16-r7-paris-free-practice-1,fe-2015-16-r7-paris,2015-16,2016,7,16,16,0,False,,88,oliver-turvey,nextev-tcr-formula-e-team,,1:03.903,63903,,,False,,,,
fe-2015-16-r8-berlin-race,fe-2015-16-r8-berlin,2015-16,2016,8,1,1,25,False,,9,sebastien-buemi,renault-e-dams,48,53:46.086,3226086,,,False,39,59.209,59209,117.2
fe-2015-16-r8-berlin-race,fe-2015-16-r8-berlin,2015-16,2016,8,2,2,18,False,,66,daniel-abt,abt-schaeffler-audi-sport,48,+1.767,,1767,,False,37,59.950,59950,115.7
fe-2015-16-r8-berlin-race,fe-2015-16-r8-berlin,2015-16,2016,8,3,3,15,False,,11,lucas-di-grassi,abt-schaeffler-audi-sport,48,+2.381,,2381,,False,30,59.793,59793,116
fe-2015-16-r8-berlin-race,fe-2015-16-r8-berlin,2015-16,2016,8,5,5,13,False,,25,jean-eric-vergne,ds-virgin-racing-formula-e-team,48,+4.927,,4927,,False,48,1:00.045,60045,115.5
fe-2015-16-r8-berlin-race,fe-2015-16-r8-berlin,2015-16,2016,8,6,6,8,False,,27,robin-frijns,andretti-formula-e-team,48,+6.501,,6501,,False,48,1:00.208,60208,115.2
fe-2015-16-r8-berlin-race,fe-2015-16-r8-berlin,2015-16,2016,8,11,11,0,False,,2,sam-bird,ds-virgin-racing-formula-e-team,47,1 Lap,,,1,False,40,1:00.229,60229,115.2
fe-2015-16-r8-berlin-race,fe-2015-16-r8-berlin,2015-16,2016,8,12,12,0,False,,88,oliver-turvey,nextev-tcr-formula-e-team,47,1 Lap,,,1,False,20,59.898,59898,115.8
fe-2015-16-r8-berlin-race,fe-2015-16-r8-berlin,2015-16,2016,8,13,13,0,False,,1,nelson-piquet-jr,nextev-tcr-formula-e-team,47,1 Lap,,,1,False,19,1:00.567,60567,114.5
fe-2015-16-r8-berlin-race,fe-2015-16-r8-berlin,2015-16,2016,8,17,,0,False,NC,55,rene-rast,team-aguri,42,53:59.745,3239745,,,False,27,59.357,59357,116.9
fe-2015-16-r8-berlin-qualifying,fe-2015-16-r8-berlin,2015-16,2016,8,1,1,0,False,,25,jean-eric-vergne,ds-virgin-racing-formula-e-team,,57.811,57811,,,False,,,,
fe-2015-16-r8-berlin-qualifying,fe-2015-16-r8-berlin,2015-16,2016,8,5,5,0,False,,9,sebastien-buemi,renault-e-dams,3,1:19.811,79811,,,False,2,1:19.811,79811,125.6
fe-2015-16-r8-berlin-qualifying,fe-2015-16-r8-berlin,2015-16,2016,8,3,3,0,False,,66,daniel-abt,abt-schaeffler-audi-sport,,57.852,57852,,,False,,,,
fe-2015-16-r8-berlin-qualifying,fe-2015-16-r8-berlin,2015-16,2016,8,3,3,0,False,,2,sam-bird,ds-virgin-racing-formula-e-team,3,1:16.109,76109,,,False,2,1:16.109,76109,131.7
fe-2015-16-r8-berlin-qualifying,fe-2015-16-r8-berlin,2015-16,2016,8,5,5,0,False,,1,nelson-piquet-jr,nextev-tcr-formula-e-team,,58.026,58026,,,False,,,,
fe-2015-16-r8-berlin-qualifying,fe-2015-16-r8-berlin,2015-16,2016,8,7,7,0,False,,88,oliver-turvey,nextev-tcr-formula-e-team,,58.118,58118,,,False,,,,
fe-2015-16-r8-berlin-qualifying,fe-2015-16-r8-berlin,2015-16,2016,8,4,4,0,False,,11,lucas-di-grassi,abt-schaeffler-audi-sport,3,1:16.635,76635,,,False,2,1:16.635,76635,130.8
fe-2015-16-r8-berlin-qualifying,fe-2015-16-r8-berlin,2015-16,2016,8,12,12,0,False,,27,robin-frijns,andretti-formula-e-team,,58.742,58742,,,False,,,,
fe-2015-16-r8-berlin-qualifying,fe-2015-16-r8-berlin,2015-16,2016,8,13,13,0,False,,55,rene-rast,team-aguri,,58.756,58756,,,False,,,,
fe-2015-16-r8-berlin-free-practice-2,fe-2015-16-r8-berlin,2015-16,2016,8,1,1,0,False,,1,nelson-piquet-jr,nextev-tcr-formula-e-team,,57.909,57909,,,False,,,,
fe-2015-16-r8-berlin-free-practice-2,fe-2015-16-r8-berlin,2015-16,2016,8,2,2,0,False,,2,sam-bird,ds-virgin-racing-formula-e-team,,57.922,57922,,,False,,,,
fe-2015-16-r8-berlin-free-practice-2,fe-2015-16-r8-berlin,2015-16,2016,8,3,3,0,False,,25,jean-eric-vergne,ds-virgin-racing-formula-e-team,,58.066,58066,,,False,,,,
fe-2015-16-r8-berlin-free-practice-2,fe-2015-16-r8-berlin,2015-16,2016,8,4,4,0,False,,27,robin-frijns,andretti-formula-e-team,,58.145,58145,,,False,,,,
fe-2015-16-r8-berlin-free-practice-2,fe-2015-16-r8-berlin,2015-16,2016,8,5,5,0,False,,88,oliver-turvey,nextev-tcr-formula-e-team,,58.207,58207,,,False,,,,
fe-2015-16-r8-berlin-free-practice-2,fe-2015-16-r8-berlin,2015-16,2016,8,8,8,0,False,,66,daniel-abt,abt-schaeffler-audi-sport,,58.363,58363,,,False,,,,
fe-2015-16-r8-berlin-free-practice-2,fe-2015-16-r8-berlin,2015-16,2016,8,12,12,0,False,,11,lucas-di-grassi,abt-schaeffler-audi-sport,,59.076,59076,,,False,,,,
fe-2015-16-r8-berlin-free-practice-2,fe-2015-16-r8-berlin,2015-16,2016,8,15,15,0,False,,9,sebastien-buemi,renault-e-dams,,59.891,59891,,,False,,,,
fe-2015-16-r8-berlin-free-practice-2,fe-2015-16-r8-berlin,2015-16,2016,8,17,17,0,False,,55,rene-rast,team-aguri,,1:00.381,60381,,,False,,,,
fe-2015-16-r8-berlin-free-practice-1,fe-2015-16-r8-berlin,2015-16,2016,8,1,1,0,False,,9,sebastien-buemi,renault-e-dams,,57.648,57648,,,False,,,,
fe-2015-16-r8-berlin-free-practice-1,fe-2015-16-r8-berlin,2015-16,2016,8,2,2,0,False,,88,oliver-turvey,nextev-tcr-formula-e-team,,58.690,58690,,,False,,,,
fe-2015-16-r8-berlin-free-practice-1,fe-2015-16-r8-berlin,2015-16,2016,8,3,3,0,False,,11,lucas-di-grassi,abt-schaeffler-audi-sport,,58.916,58916,,,False,,,,
fe-2015-16-r8-berlin-free-practice-1,fe-2015-16-r8-berlin,2015-16,2016,8,5,5,0,False,,2,sam-bird,ds-virgin-racing-formula-e-team,,59.236,59236,,,False,,,,
fe-2015-16-r8-berlin-free-practice-1,fe-2015-16-r8-berlin,2015-16,2016,8,10,10,0,False,,66,daniel-abt,abt-schaeffler-audi-sport,,59.583,59583,,,False,,,,
fe-2015-16-r8-berlin-free-practice-1,fe-2015-16-r8-berlin,2015-16,2016,8,12,12,0,False,,1,nelson-piquet-jr,nextev-tcr-formula-e-team,,59.724,59724,,,False,,,,
fe-2015-16-r8-berlin-free-practice-1,fe-2015-16-r8-berlin,2015-16,2016,8,13,13,0,False,,25,jean-eric-vergne,ds-virgin-racing-formula-e-team,,59.789,59789,,,False,,,,
fe-2015-16-r8-berlin-free-practice-1,fe-2015-16-r8-berlin,2015-16,2016,8,15,15,0,False,,55,rene-rast,team-aguri,,1:00.139,60139,,,False,,,,
fe-2015-16-r8-berlin-free-practice-1,fe-2015-16-r8-berlin,2015-16,2016,8,16,16,0,False,,27,robin-frijns,andretti-formula-e-team,,1:00.548,60548,,,False,,,,
fe-2015-16-r9-london-race,fe-2015-16-r9-london,2015-16,2016,9,3,3,15,False,,25,jean-eric-vergne,ds-virgin-racing-formula-e-team,33,+8.195,,8195,,False,27,1:28.361,88361,119.2
fe-2015-16-r9-london-race,fe-2015-16-r9-london,2015-16,2016,9,4,4,12,False,,11,lucas-di-grassi,abt-schaeffler-audi-sport,33,+8.914,,8914,,False,27,1:27.669,87669,120.1
fe-2015-16-r9-london-race,fe-2015-16-r9-london,2015-16,2016,9,5,5,10,False,,9,sebastien-buemi,renault-e-dams,33,+10.052,,10052,,False,27,1:27.798,87798,119.9
fe-2015-16-r9-london-race,fe-2015-16-r9-london,2015-16,2016,9,6,6,8,False,,55,antonio-felix-da-costa,team-aguri,33,+10.908,,10908,,False,27,1:28.136,88136,119.5
fe-2015-16-r9-london-race,fe-2015-16-r9-london,2015-16,2016,9,7,7,6,False,,2,sam-bird,ds-virgin-racing-formula-e-team,33,+10.986,,10986,,False,28,1:27.656,87656,120.1
fe-2015-16-r9-london-race,fe-2015-16-r9-london,2015-16,2016,9,12,12,2,False,,1,nelson-piquet-jr,nextev-tcr-formula-e-team,33,+52.028,,52028,,True,29,1:25.783,85783,122.8
fe-2015-16-r9-london-race,fe-2015-16-r9-london,2015-16,2016,9,15,15,0,False,,88,oliver-turvey,nextev-tcr-formula-e-team,30,3 Laps,,,3,False,25,1:28.576,88576,118.9
fe-2015-16-r9-london-race,fe-2015-16-r9-london,2015-16,2016,9,17,,0,False,NC,27,robin-frijns,andretti-formula-e-team,19,29:54.995,1794995,,,False,5,1:29.304,89304,117.9
fe-2015-16-r9-london-race,fe-2015-16-r9-london,2015-16,2016,9,18,,0,False,NC,66,daniel-abt,abt-schaeffler-audi-sport,19,29:55.277,1795277,,,False,13,1:29.098,89098,118.2
fe-2015-16-r9-london-qualifying,fe-2015-16-r9-london,2015-16,2016,9,3,3,0,False,,88,oliver-turvey,nextev-tcr-formula-e-team,,1:28.284,88284,,,False,,,,
fe-2015-16-r9-london-qualifying,fe-2015-16-r9-london,2015-16,2016,9,4,4,0,False,,27,robin-frijns,andretti-formula-e-team,,1:29.500,89500,,,False,,,,
fe-2015-16-r9-london-qualifying,fe-2015-16-r9-london,2015-16,2016,9,5,5,0,False,,25,jean-eric-vergne,ds-virgin-racing-formula-e-team,,1:26.799,86799,,,False,,,,
fe-2015-16-r9-london-qualifying,fe-2015-16-r9-london,2015-16,2016,9,6,6,0,False,,66,daniel-abt,abt-schaeffler-audi-sport,,1:29.814,89814,,,False,,,,
fe-2015-16-r9-london-qualifying,fe-2015-16-r9-london,2015-16,2016,9,7,7,0,False,,2,sam-bird,ds-virgin-racing-formula-e-team,,1:30.453,90453,,,False,,,,
fe-2015-16-r9-london-qualifying,fe-2015-16-r9-london,2015-16,2016,9,10,10,0,False,,11,lucas-di-grassi,abt-schaeffler-audi-sport,,1:35.711,95711,,,False,,,,
fe-2015-16-r9-london-qualifying,fe-2015-16-r9-london,2015-16,2016,9,1,1,0,True,,9,sebastien-buemi,renault-e-dams,3,1:20.196,80196,,,False,3,1:20.196,80196,114.9
fe-2015-16-r9-london-qualifying,fe-2015-16-r9-london,2015-16,2016,9,4,4,0,False,,55,antonio-felix-da-costa,team-aguri,2,1:20.975,80975,,,False,2,1:20.975,80975,113.8
fe-2015-16-r9-london-qualifying,fe-2015-16-r9-london,2015-16,2016,9,17,,0,False,NC,1,nelson-piquet-jr,nextev-tcr-formula-e-team,,—,,,,False,,,,
fe-2015-16-r9-london-free-practice-2,fe-2015-16-r9-london,2015-16,2016,9,1,1,0,False,,9,sebastien-buemi,renault-e-dams,,1:23.171,83171,,,False,,,,
fe-2015-16-r9-london-free-practice-2,fe-2015-16-r9-london,2015-16,2016,9,2,2,0,False,,66,daniel-abt,abt-schaeffler-audi-sport,,1:23.302,83302,,,False,,,,
fe-2015-16-r9-london-free-practice-2,fe-2015-16-r9-london,2015-16,2016,9,5,5,0,False,,11,lucas-di-grassi,abt-schaeffler-audi-sport,,1:23.412,83412,,,False,,,,
fe-2015-16-r9-london-free-practice-2,fe-2015-16-r9-london,2015-16,2016,9,6,6,0,False,,25,jean-eric-vergne,ds-virgin-racing-formula-e-team,,1:23.460,83460,,,False,,,,
fe-2015-16-r9-london-free-practice-2,fe-2015-16-r9-london,2015-16,2016,9,7,7,0,False,,1,nelson-piquet-jr,nextev-tcr-formula-e-team,,1:23.879,83879,,,False,,,,
fe-2015-16-r9-london-free-practice-2,fe-2015-16-r9-london,2015-16,2016,9,9,9,0,False,,88,oliver-turvey,nextev-tcr-formula-e-team,,1:24.179,84179,,,False,,,,
fe-2015-16-r9-london-free-practice-2,fe-2015-16-r9-london,2015-16,2016,9,11,11,0,False,,2,sam-bird,ds-virgin-racing-formula-e-team,,1:24.666,84666,,,False,,,,
fe-2015-16-r9-london-free-practice-2,fe-2015-16-r9-london,2015-16,2016,9,12,12,0,False,,27,robin-frijns,andretti-formula-e-team,,1:24.754,84754,,,False,,,,
fe-2015-16-r9-london-free-practice-2,fe-2015-16-r9-london,2015-16,2016,9,15,15,0,False,,55,antonio-felix-da-costa,team-aguri,,1:24.996,84996,,,False,,,,
fe-2015-16-r9-london-free-practice-1,fe-2015-16-r9-london,2015-16,2016,9,3,3,0,False,,9,sebastien-buemi,renault-e-dams,,1:25.718,85718,,,False,,,,
fe-2015-16-r9-london-free-practice-1,fe-2015-16-r9-london,2015-16,2016,9,4,4,0,False,,66,daniel-abt,abt-schaeffler-audi-sport,,1:25.742,85742,,,False,,,,
fe-2015-16-r9-london-free-practice-1,fe-2015-16-r9-london,2015-16,2016,9,5,5,0,False,,11,lucas-di-grassi,abt-schaeffler-audi-sport,,1:26.008,86008,,,False,,,,
fe-2015-16-r9-london-free-practice-1,fe-2015-16-r9-london,2015-16,2016,9,6,6,0,False,,1,nelson-piquet-jr,nextev-tcr-formula-e-team,,1:26.200,86200,,,False,,,,
fe-2015-16-r9-london-free-practice-1,fe-2015-16-r9-london,2015-16,2016,9,7,7,0,False,,88,oliver-turvey,nextev-tcr-formula-e-team,,1:26.224,86224,,,False,,,,
fe-2015-16-r9-london-free-practice-1,fe-2015-16-r9-london,2015-16,2016,9,8,8,0,False,,2,sam-bird,ds-virgin-racing-formula-e-team,,1:26.370,86370,,,False,,,,
fe-2015-16-r9-london-free-practice-1,fe-2015-16-r9-london,2015-16,2016,9,11,11,0,False,,55,antonio-felix-da-costa,team-aguri,,1:26.647,86647,,,False,,,,
fe-2015-16-r9-london-free-practice-1,fe-2015-16-r9-london,2015-16,2016,9,13,13,0,False,,27,robin-frijns,andretti-formula-e-team,,1:26.872,86872,,,False,,,,
fe-2015-16-r9-london-free-practice-1,fe-2015-16-r9-london,2015-16,2016,9,14,14,0,False,,25,jean-eric-vergne,ds-virgin-racing-formula-e-team,,1:26.997,86997,,,False,,,,
fe-2015-16-r10-london-race,fe-2015-16-r10-london,2015-16,2016,10,2,2,18,False,,66,daniel-abt,abt-schaeffler-audi-sport,33,+7.633,,7633,,False,26,1:27.224,87224,120.7
fe-2015-16-r10-london-race,fe-2015-16-r10-london,2015-16,2016,10,8,8,4,False,,25,jean-eric-vergne,ds-virgin-racing-formula-e-team,33,+1:08.002,,68002,,False,25,1:27.214,87214,120.7
fe-2015-16-r10-london-race,fe-2015-16-r10-london,2015-16,2016,10,9,9,2,False,,1,nelson-piquet-jr,nextev-tcr-formula-e-team,33,+1:14.270,,74270,,False,32,1:27.415,87415,120.5
fe-2015-16-r10-london-race,fe-2015-16-r10-london,2015-16,2016,10,10,10,1,False,,88,oliver-turvey,nextev-tcr-formula-e-team,33,+1:22.216,,82216,,False,26,1:27.989,87989,119.7
fe-2015-16-r10-london-race,fe-2015-16-r10-london,2015-16,2016,10,11,11,0,False,,55,antonio-felix-da-costa,team-aguri,33,+1:58.324,,118324,,False,30,1:27.626,87626,120.2
fe-2015-16-r10-london-race,fe-2015-16-r10-london,2015-16,2016,10,14,,0,False,NC,27,robin-frijns,andretti-formula-e-team,11,20:39.744,1239744,,,False,11,1:28.917,88917,118.4
fe-2015-16-r10-london-race,fe-2015-16-r10-london,2015-16,2016,10,15,,0,False,NC,2,sam-bird,ds-virgin-racing-formula-e-team,6,11:12.526,672526,,,False,5,1:28.374,88374,119.2
fe-2015-16-r10-london-race,fe-2015-16-r10-london,2015-16,2016,10,16,,0,False,NC,11,lucas-di-grassi,abt-schaeffler-audi-sport,18,52:32.736,3152736,,,False,18,1:24.633,84633,124.4
fe-2015-16-r10-london-race,fe-2015-16-r10-london,2015-16,2016,10,17,,5,False,NC,9,sebastien-buemi,renault-e-dams,16,54:14.582,3254582,,,True,16,1:24.150,84150,125.1
fe-2015-16-r10-london-qualifying,fe-2015-16-r10-london,2015-16,2016,10,1,1,0,True,,9,sebastien-buemi,renault-e-dams,3,1:37.297,97297,,,False,3,1:37.297,97297,127.2
fe-2015-16-r10-london-qualifying,fe-2015-16-r10-london,2015-16,2016,10,4,4,0,False,,11,lucas-di-grassi,abt-schaeffler-audi-sport,2,1:39.539,99539,,,False,2,1:39.539,99539,124.4
fe-2015-16-r10-london-qualifying,fe-2015-16-r10-london,2015-16,2016,10,4,4,0,False,,88,oliver-turvey,nextev-tcr-formula-e-team,,1:23.685,83685,,,False,,,,
fe-2015-16-r10-london-qualifying,fe-2015-16-r10-london,2015-16,2016,10,6,6,0,False,,66,daniel-abt,abt-schaeffler-audi-sport,,1:23.494,83494,,,False,,,,
fe-2015-16-r10-london-qualifying,fe-2015-16-r10-london,2015-16,2016,10,5,5,0,False,,25,jean-eric-vergne,ds-virgin-racing-formula-e-team,3,2:21.284,141284,,,False,3,2:21.284,141284,87.6
fe-2015-16-r10-london-qualifying,fe-2015-16-r10-london,2015-16,2016,10,8,8,0,False,,2,sam-bird,ds-virgin-racing-formula-e-team,,1:23.930,83930,,,False,,,,
fe-2015-16-r10-london-qualifying,fe-2015-16-r10-london,2015-16,2016,10,9,9,0,False,,1,nelson-piquet-jr,nextev-tcr-formula-e-team,,1:23.937,83937,,,False,,,,
fe-2015-16-r10-london-qualifying,fe-2015-16-r10-london,2015-16,2016,10,14,14,0,False,,55,antonio-felix-da-costa,team-aguri,,1:24.273,84273,,,False,,,,
fe-2015-16-r10-london-qualifying,fe-2015-16-r10-london,2015-16,2016,10,16,16,0,False,,27,robin-frijns,andretti-formula-e-team,,1:24.655,84655,,,False,,,,
fe-2015-16-r10-london-free-practice-1,fe-2015-16-r10-london,2015-16,2016,10,1,1,0,False,,9,sebastien-buemi,renault-e-dams,,1:22.393,82393,,,False,,,,
fe-2015-16-r10-london-free-practice-1,fe-2015-16-r10-london,2015-16,2016,10,3,3,0,False,,25,jean-eric-vergne,ds-virgin-racing-formula-e-team,,1:23.331,83331,,,False,,,,
fe-2015-16-r10-london-free-practice-1,fe-2015-16-r10-london,2015-16,2016,10,5,5,0,False,,11,lucas-di-grassi,abt-schaeffler-audi-sport,,1:25.039,85039,,,False,,,,
fe-2015-16-r10-london-free-practice-1,fe-2015-16-r10-london,2015-16,2016,10,6,6,0,False,,66,daniel-abt,abt-schaeffler-audi-sport,,1:25.056,85056,,,False,,,,
fe-2015-16-r10-london-free-practice-1,fe-2015-16-r10-london,2015-16,2016,10,7,7,0,False,,2,sam-bird,ds-virgin-racing-formula-e-team,,1:25.359,85359,,,False,,,,
fe-2015-16-r10-london-free-practice-1,fe-2015-16-r10-london,2015-16,2016,10,11,11,0,False,,1,nelson-piquet-jr,nextev-tcr-formula-e-team,,1:25.582,85582,,,False,,,,
fe-2015-16-r10-london-free-practice-1,fe-2015-16-r10-london,2015-16,2016,10,13,13,0,False,,27,robin-frijns,andretti-formula-e-team,,1:25.912,85912,,,False,,,,
fe-2015-16-r10-london-free-practice-1,fe-2015-16-r10-london,2015-16,2016,10,15,15,0,False,,88,oliver-turvey,nextev-tcr-formula-e-team,,1:25.971,85971,,,False,,,,
fe-2015-16-r10-london-free-practice-1,fe-2015-16-r10-london,2015-16,2016,10,16,16,0,False,,55,antonio-felix-da-costa,team-aguri,,1:26.397,86397,,,False,,,,
fe-2015-16-r1-beijing-starting-grid,fe-2015-16-r1-beijing,2015-16,2016,1,1,1,,False,,9,sebastien-buemi,renault-e-dams,,,,,,False,,,,
fe-2015-16-r1-beijing-starting-grid,fe-2015-16-r1-beijing,2015-16,2016,1,4,4,,False,,11,lucas-di-grassi,abt-schaeffler-audi-sport,,,,,,False,,,,
fe-2015-16-r1-beijing-starting-grid,fe-2015-16-r1-beijing,2015-16,2016,1,15,15,,False,,88,oliver-turvey,nextev-tcr-formula-e-team,,,,,,False,,,,
fe-2015-16-r1-beijing-starting-grid,fe-2015-16-r1-beijing,2015-16,2016,1,9,9,,False,,2,sam-bird,ds-virgin-racing-formula-e-team,,,,,,False,,,,
fe-2015-16-r1-beijing-starting-grid,fe-2015-16-r1-beijing,2015-16,2016,1,13,13,,False,,27,robin-frijns,andretti-formula-e-team,,,,,,False,,,,
fe-2015-16-r1-beijing-starting-grid,fe-2015-16-r1-beijing,2015-16,2016,1,11,11,,False,,66,daniel-abt,abt-schaeffler-audi-sport,,,,,,False,,,,
fe-2015-16-r1-beijing-starting-grid,fe-2015-16-r1-beijing,2015-16,2016,1,5,5,,False,,25,jean-eric-vergne,ds-virgin-racing-formula-e-team,,,,,,False,,,,
fe-2015-16-r1-beijing-starting-grid,fe-2015-16-r1-beijing,2015-16,2016,1,18,18,,False,,1,nelson-piquet-jr,nextev-tcr-formula-e-team,,,,,,False,,,,
fe-2015-16-r1-beijing-starting-grid,fe-2015-16-r1-beijing,2015-16,2016,1,16,16,,False,,55,antonio-felix-da-costa,team-aguri,,,,,,False,,,,
fe-2015-16-r2-putrajaya-starting-grid,fe-2015-16-r2-putrajaya,2015-16,2016,2,6,6,,False,,11,lucas-di-grassi,abt-schaeffler-audi-sport,,,,,,False,,,,
fe-2015-16-r2-putrajaya-starting-grid,fe-2015-16-r2-putrajaya,2015-16,2016,2,14,14,,False,,2,sam-bird,ds-virgin-racing-formula-e-team,,,,,,False,,,,
fe-2015-16-r2-putrajaya-starting-grid,fe-2015-16-r2-putrajaya,2015-16,2016,2,8,8,,False,,27,robin-frijns,andretti-formula-e-team,,,,,,False,,,,
fe-2015-16-r2-putrajaya-starting-grid,fe-2015-16-r2-putrajaya,2015-16,2016,2,4,4,,False,,55,antonio-felix-da-costa,team-aguri,,,,,,False,,,,
fe-2015-16-r2-putrajaya-starting-grid,fe-2015-16-r2-putrajaya,2015-16,2016,2,10,10,,False,,66,daniel-abt,abt-schaeffler-audi-sport,,,,,,False,,,,
fe-2015-16-r2-putrajaya-starting-grid,fe-2015-16-r2-putrajaya,2015-16,2016,2,16,16,,False,,1,nelson-piquet-jr,nextev-tcr-formula-e-team,,,,,,False,,,,
fe-2015-16-r2-putrajaya-starting-grid,fe-2015-16-r2-putrajaya,2015-16,2016,2,1,1,,False,,9,sebastien-buemi,renault-e-dams,,,,,,False,,,,
fe-2015-16-r2-putrajaya-starting-grid,fe-2015-16-r2-putrajaya,2015-16,2016,2,13,13,,False,,25,jean-eric-vergne,ds-virgin-racing-formula-e-team,,,,,,False,,,,
fe-2015-16-r2-putrajaya-starting-grid,fe-2015-16-r2-putrajaya,2015-16,2016,2,17,17,,False,,88,oliver-turvey,nextev-tcr-formula-e-team,,,,,,False,,,,
fe-2015-16-r3-punta-del-este-starting-grid,fe-2015-16-r3-punta-del-este,2015-16,2016,3,5,5,,False,,9,sebastien-buemi,renault-e-dams,,,,,,False,,,,
fe-2015-16-r3-punta-del-este-starting-grid,fe-2015-16-r3-punta-del-este,2015-16,2016,3,4,4,,False,,11,lucas-di-grassi,abt-schaeffler-audi-sport,,,,,,False,,,,
fe-2015-16-r3-punta-del-este-starting-grid,fe-2015-16-r3-punta-del-este,2015-16,2016,3,8,8,,False,,55,antonio-felix-da-costa,team-aguri,,,,,,False,,,,
fe-2015-16-r3-punta-del-este-starting-grid,fe-2015-16-r3-punta-del-este,2015-16,2016,3,17,17,,False,,25,jean-eric-vergne,ds-virgin-racing-formula-e-team,,,,,,False,,,,
fe-2015-16-r3-punta-del-este-starting-grid,fe-2015-16-r3-punta-del-este,2015-16,2016,3,7,7,,False,,66,daniel-abt,abt-schaeffler-audi-sport,,,,,,False,,,,
fe-2015-16-r3-punta-del-este-starting-grid,fe-2015-16-r3-punta-del-este,2015-16,2016,3,11,11,,False,,27,robin-frijns,andretti-formula-e-team,,,,,,False,,,,
fe-2015-16-r3-punta-del-este-starting-grid,fe-2015-16-r3-punta-del-este,2015-16,2016,3,10,10,,False,,88,oliver-turvey,nextev-tcr-formula-e-team,,,,,,False,,,,
fe-2015-16-r3-punta-del-este-starting-grid,fe-2015-16-r3-punta-del-este,2015-16,2016,3,16,16,,False,,23,oliver-rowland,mahindra-racing-formula-e-team,,,,,,False,,,,
fe-2015-16-r3-punta-del-este-starting-grid,fe-2015-16-r3-punta-del-este,2015-16,2016,3,12,12,,False,,1,nelson-piquet-jr,nextev-tcr-formula-e-team,,,,,,False,,,,
fe-2015-16-r3-punta-del-este-starting-grid,fe-2015-16-r3-punta-del-este,2015-16,2016,3,3,3,,False,,2,sam-bird,ds-virgin-racing-formula-e-team,,,,,,False,,,,
fe-2015-16-r4-buenos-aires-starting-grid,fe-2015-16-r4-buenos-aires,2015-16,2016,4,1,1,,False,,2,sam-bird,ds-virgin-racing-formula-e-team,,,,,,False,,,,
fe-2015-16-r4-buenos-aires-starting-grid,fe-2015-16-r4-buenos-aires,2015-16,2016,4,18,18,,False,,9,sebastien-buemi,renault-e-dams,,,,,,False,,,,
fe-2015-16-r4-buenos-aires-starting-grid,fe-2015-16-r4-buenos-aires,2015-16,2016,4,7,7,,False,,11,lucas-di-grassi,abt-schaeffler-audi-sport,,,,,,False,,,,
fe-2015-16-r4-buenos-aires-starting-grid,fe-2015-16-r4-buenos-aires,2015-16,2016,4,6,6,,False,,27,robin-frijns,andretti-formula-e-team,,,,,,False,,,,
fe-2015-16-r4-buenos-aires-starting-grid,fe-2015-16-r4-buenos-aires,2015-16,2016,4,11,11,,False,,88,oliver-turvey,nextev-tcr-formula-e-team,,,,,,False,,,,
fe-2015-16-r4-buenos-aires-starting-grid,fe-2015-16-r4-buenos-aires,2015-16,2016,4,15,15,,False,,25,jean-eric-vergne,ds-virgin-racing-formula-e-team,,,,,,False,,,,
fe-2015-16-r4-buenos-aires-starting-grid,fe-2015-16-r4-buenos-aires,2015-16,2016,4,9,9,,False,,1,nelson-piquet-jr,nextev-tcr-formula-e-team,,,,,,False,,,,
fe-2015-16-r4-buenos-aires-starting-grid,fe-2015-16-r4-buenos-aires,2015-16,2016,4,8,8,,False,,66,daniel-abt,abt-schaeffler-audi-sport,,,,,,False,,,,
fe-2015-16-r4-buenos-aires-starting-grid,fe-2015-16-r4-buenos-aires,2015-16,2016,4,3,3,,False,,55,antonio-felix-da-costa,team-aguri,,,,,,False,,,,
fe-2015-16-r5-mexico-city-starting-grid,fe-2015-16-r5-mexico-city,2015-16,2016,5,5,5,,False,,9,sebastien-buemi,renault-e-dams,,,,,,False,,,,
fe-2015-16-r5-mexico-city-starting-grid,fe-2015-16-r5-mexico-city,2015-16,2016,5,12,12,,False,,27,robin-frijns,andretti-formula-e-team,,,,,,False,,,,
fe-2015-16-r5-mexico-city-starting-grid,fe-2015-16-r5-mexico-city,2015-16,2016,5,10,10,,False,,2,sam-bird,ds-virgin-racing-formula-e-team,,,,,,False,,,,
fe-2015-16-r5-mexico-city-starting-grid,fe-2015-16-r5-mexico-city,2015-16,2016,5,4,4,,False,,66,daniel-abt,abt-schaeffler-audi-sport,,,,,,False,,,,
fe-2015-16-r5-mexico-city-starting-grid,fe-2015-16-r5-mexico-city,2015-16,2016,5,15,15,,False,,88,oliver-turvey,nextev-tcr-formula-e-team,,,,,,False,,,,
fe-2015-16-r5-mexico-city-starting-grid,fe-2015-16-r5-mexico-city,2015-16,2016,5,18,18,,False,,1,nelson-piquet-jr,nextev-tcr-formula-e-team,,,,,,False,,,,
fe-2015-16-r5-mexico-city-starting-grid,fe-2015-16-r5-mexico-city,2015-16,2016,5,6,6,,False,,25,jean-eric-vergne,ds-virgin-racing-formula-e-team,,,,,,False,,,,
fe-2015-16-r5-mexico-city-starting-grid,fe-2015-16-r5-mexico-city,2015-16,2016,5,17,17,,False,,55,antonio-felix-da-costa,team-aguri,,,,,,False,,,,
fe-2015-16-r5-mexico-city-starting-grid,fe-2015-16-r5-mexico-city,2015-16,2016,5,3,3,,False,,11,lucas-di-grassi,abt-schaeffler-audi-sport,,,,,,False,,,,
fe-2015-16-r6-long-beach-starting-grid,fe-2015-16-r6-long-beach,2015-16,2016,6,2,2,,False,,11,lucas-di-grassi,abt-schaeffler-audi-sport,,,,,,False,,,,
fe-2015-16-r6-long-beach-starting-grid,fe-2015-16-r6-long-beach,2015-16,2016,6,6,6,,False,,66,daniel-abt,abt-schaeffler-audi-sport,,,,,,False,,,,
fe-2015-16-r6-long-beach-starting-grid,fe-2015-16-r6-long-beach,2015-16,2016,6,1,1,,False,,2,sam-bird,ds-virgin-racing-formula-e-team,,,,,,False,,,,
fe-2015-16-r6-long-beach-starting-grid,fe-2015-16-r6-long-beach,2015-16,2016,6,13,13,,False,,88,oliver-turvey,nextev-tcr-formula-e-team,,,,,,False,,,,
fe-2015-16-r6-long-beach-starting-grid,fe-2015-16-r6-long-beach,2015-16,2016,6,11,11,,False,,25,jean-eric-vergne,ds-virgin-racing-formula-e-team,,,,,,False,,,,
fe-2015-16-r6-long-beach-starting-grid,fe-2015-16-r6-long-beach,2015-16,2016,6,5,5,,False,,27,robin-frijns,andretti-formula-e-team,,,,,,False,,,,
fe-2015-16-r6-long-beach-starting-grid,fe-2015-16-r6-long-beach,2015-16,2016,6,7,7,,False,,9,sebastien-buemi,renault-e-dams,,,,,,False,,,,
fe-2015-16-r6-long-beach-starting-grid,fe-2015-16-r6-long-beach,2015-16,2016,6,18,18,,False,,55,antonio-felix-da-costa,team-aguri,,,,,,False,,,,
fe-2015-16-r6-long-beach-starting-grid,fe-2015-16-r6-long-beach,2015-16,2016,6,17,17,,False,,1,nelson-piquet-jr,nextev-tcr-formula-e-team,,,,,,False,,,,
fe-2015-16-r7-paris-starting-grid,fe-2015-16-r7-paris,2015-16,2016,7,2,2,,False,,11,lucas-di-grassi,abt-schaeffler-audi-sport,,,,,,False,,,,
fe-2015-16-r7-paris-starting-grid,fe-2015-16-r7-paris,2015-16,2016,7,3,3,,False,,25,jean-eric-vergne,ds-virgin-racing-formula-e-team,,,,,,False,,,,
fe-2015-16-r7-paris-starting-grid,fe-2015-16-r7-paris,2015-16,2016,7,8,8,,False,,9,sebastien-buemi,renault-e-dams,,,,,,False,,,,
fe-2015-16-r7-paris-starting-grid,fe-2015-16-r7-paris,2015-16,2016,7,1,1,,False,,2,sam-bird,ds-virgin-racing-formula-e-team,,,,,,False,,,,
fe-2015-16-r7-paris-starting-grid,fe-2015-16-r7-paris,2015-16,2016,7,6,6,,False,,27,robin-frijns,andretti-formula-e-team,,,,,,False,,,,
fe-2015-16-r7-paris-starting-grid,fe-2015-16-r7-paris,2015-16,2016,7,10,10,,False,,55,antonio-felix-da-costa,team-aguri,,,,,,False,,,,
fe-2015-16-r7-paris-starting-grid,fe-2015-16-r7-paris,2015-16,2016,7,14,14,,False,,66,daniel-abt,abt-schaeffler-audi-sport,,,,,,False,,,,
fe-2015-16-r7-paris-starting-grid,fe-2015-16-r7-paris,2015-16,2016,7,7,7,,False,,88,oliver-turvey,nextev-tcr-formula-e-team,,,,,,False,,,,
fe-2015-16-r7-paris-starting-grid,fe-2015-16-r7-paris,2015-16,2016,7,9,9,,False,,1,nelson-piquet-jr,nextev-tcr-formula-e-team,,,,,,False,,,,
fe-2015-16-r8-berlin-starting-grid,fe-2015-16-r8-berlin,2015-16,2016,8,2,2,,False,,9,sebastien-buemi,renault-e-dams,,,,,,False,,,,
fe-2015-16-r8-berlin-starting-grid,fe-2015-16-r8-berlin,2015-16,2016,8,3,3,,False,,66,daniel-abt,abt-schaeffler-audi-sport,,,,,,False,,,,
fe-2015-16-r8-berlin-starting-grid,fe-2015-16-r8-berlin,2015-16,2016,8,8,8,,False,,11,lucas-di-grassi,abt-schaeffler-audi-sport,,,,,,False,,,,
fe-2015-16-r8-berlin-starting-grid,fe-2015-16-r8-berlin,2015-16,2016,8,1,1,,False,,25,jean-eric-vergne,ds-virgin-racing-formula-e-team,,,,,,False,,,,
fe-2015-16-r8-berlin-starting-grid,fe-2015-16-r8-berlin,2015-16,2016,8,12,12,,False,,27,robin-frijns,andretti-formula-e-team,,,,,,False,,,,
fe-2015-16-r8-berlin-starting-grid,fe-2015-16-r8-berlin,2015-16,2016,8,4,4,,False,,2,sam-bird,ds-virgin-racing-formula-e-team,,,,,,False,,,,
fe-2015-16-r8-berlin-starting-grid,fe-2015-16-r8-berlin,2015-16,2016,8,7,7,,False,,88,oliver-turvey,nextev-tcr-formula-e-team,,,,,,False,,,,
fe-2015-16-r8-berlin-starting-grid,fe-2015-16-r8-berlin,2015-16,2016,8,5,5,,False,,1,nelson-piquet-jr,nextev-tcr-formula-e-team,,,,,,False,,,,
fe-2015-16-r8-berlin-starting-grid,fe-2015-16-r8-berlin,2015-16,2016,8,13,13,,False,,55,rene-rast,team-aguri,,,,,,False,,,,
fe-2015-16-r9-london-starting-grid,fe-2015-16-r9-london,2015-16,2016,9,5,5,,False,,25,jean-eric-vergne,ds-virgin-racing-formula-e-team,,,,,,False,,,,
fe-2015-16-r9-london-starting-grid,fe-2015-16-r9-london,2015-16,2016,9,10,10,,False,,11,lucas-di-grassi,abt-schaeffler-audi-sport,,,,,,False,,,,
fe-2015-16-r9-london-starting-grid,fe-2015-16-r9-london,2015-16,2016,9,12,12,,False,,9,sebastien-buemi,renault-e-dams,,,,,,False,,,,
fe-2015-16-r9-london-starting-grid,fe-2015-16-r9-london,2015-16,2016,9,14,14,,False,,55,antonio-felix-da-costa,team-aguri,,,,,,False,,,,
fe-2015-16-r9-london-starting-grid,fe-2015-16-r9-london,2015-16,2016,9,7,7,,False,,2,sam-bird,ds-virgin-racing-formula-e-team,,,,,,False,,,,
fe-2015-16-r9-london-starting-grid,fe-2015-16-r9-london,2015-16,2016,9,18,18,,False,,1,nelson-piquet-jr,nextev-tcr-formula-e-team,,,,,,False,,,,
fe-2015-16-r9-london-starting-grid,fe-2015-16-r9-london,2015-16,2016,9,3,3,,False,,88,oliver-turvey,nextev-tcr-formula-e-team,,,,,,False,,,,
fe-2015-16-r9-london-starting-grid,fe-2015-16-r9-london,2015-16,2016,9,4,4,,False,,27,robin-frijns,andretti-formula-e-team,,,,,,False,,,,
fe-2015-16-r9-london-starting-grid,fe-2015-16-r9-london,2015-16,2016,9,6,6,,False,,66,daniel-abt,abt-schaeffler-audi-sport,,,,,,False,,,,
fe-2015-16-r10-london-starting-grid,fe-2015-16-r10-london,2015-16,2016,10,6,6,,False,,66,daniel-abt,abt-schaeffler-audi-sport,,,,,,False,,,,
fe-2015-16-r10-london-starting-grid,fe-2015-16-r10-london,2015-16,2016,10,7,7,,False,,25,jean-eric-vergne,ds-virgin-racing-formula-e-team,,,,,,False,,,,
fe-2015-16-r10-london-starting-grid,fe-2015-16-r10-london,2015-16,2016,10,9,9,,False,,1,nelson-piquet-jr,nextev-tcr-formula-e-team,,,,,,False,,,,
fe-2015-16-r10-london-starting-grid,fe-2015-16-r10-london,2015-16,2016,10,4,4,,False,,88,oliver-turvey,nextev-tcr-formula-e-team,,,,,,False,,,,
fe-2015-16-r10-london-starting-grid,fe-2015-16-r10-london,2015-16,2016,10,13,13,,False,,55,antonio-felix-da-costa,team-aguri,,,,,,False,,,,
fe-2015-16-r10-london-starting-grid,fe-2015-16-r10-london,2015-16,2016,10,15,15,,False,,27,robin-frijns,andretti-formula-e-team,,,,,,False,,,,
fe-2015-16-r10-london-starting-grid,fe-2015-16-r10-london,2015-16,2016,10,8,8,,False,,2,sam-bird,ds-virgin-racing-formula-e-team,,,,,,False,,,,
fe-2015-16-r10-london-starting-grid,fe-2015-16-r10-london,2015-16,2016,10,3,3,,False,,11,lucas-di-grassi,abt-schaeffler-audi-sport,,,,,,False,,,,
fe-2015-16-r10-london-starting-grid,fe-2015-16-r10-london,2015-16,2016,10,1,1,,False,,9,sebastien-buemi,renault-e-dams,,,,,,False,,,,
fe-2015-16-r1-beijing-race,fe-2015-16-r1-beijing,2015-16,2016,1,3,3,15,False,,23,nick-heidfeld,mahindra-racing-formula-e-team,26,+15.681,,15681,,False,10,1:41.859,101859,121.5
fe-2015-16-r1-beijing-race,fe-2015-16-r1-beijing,2015-16,2016,1,4,4,12,False,,6,loic-duval,dragon-racing,26,+16.009,,16009,,False,19,1:40.860,100860,122.7
fe-2015-16-r1-beijing-race,fe-2015-16-r1-beijing,2015-16,2016,1,5,5,10,False,,7,jerome-d-ambrosio,dragon-racing,26,+16.514,,16514,,False,20,1:40.860,100860,122.7
fe-2015-16-r1-beijing-race,fe-2015-16-r1-beijing,2015-16,2016,1,8,8,4,False,,77,nathanael-berthon,team-aguri,26,+58.620,,58620,,False,25,1:42.327,102327,121
fe-2015-16-r1-beijing-race,fe-2015-16-r1-beijing,2015-16,2016,1,9,9,2,False,,4,stephane-sarrazin,venturi-formula-e-team,26,+1:07.814,,67814,,False,25,1:42.858,102858,120.4
fe-2015-16-r1-beijing-race,fe-2015-16-r1-beijing,2015-16,2016,1,13,13,0,False,,21,bruno-senna,mahindra-racing-formula-e-team,26,+1:50.833,,110833,,False,20,1:42.217,102217,121.1
fe-2015-16-r1-beijing-race,fe-2015-16-r1-beijing,2015-16,2016,1,14,14,0,False,,12,jacques-villeneuve,venturi-formula-e-team,25,1 Lap,,,1,False,24,1:42.521,102521,120.8
fe-2015-16-r1-beijing-race,fe-2015-16-r1-beijing,2015-16,2016,1,16,,0,False,NC,8,nicolas-prost,renault-e-dams,22,43:28.289,,,,False,7,1:41.082,101082,122.5
fe-2015-16-r1-beijing-race,fe-2015-16-r1-beijing,2015-16,2016,1,18,,0,False,NC,28,simona-de-silvestro,andretti-formula-e-race-team,2,3:45.313,,,,False,2,1:46.289,106289,116.5
fe-2015-16-r2-putrajaya-race,fe-2015-16-r2-putrajaya,2015-16,2016,2,4,4,12,False,,4,stephane-sarrazin,venturi-formula-e-team,33,+32.628,,32628,,False,4,1:23.784,83784,110
fe-2015-16-r2-putrajaya-race,fe-2015-16-r2-putrajaya,2015-16,2016,2,5,5,10,False,,21,bruno-senna,mahindra-racing-formula-e-team,33,+34.404,,34404,,False,29,1:24.311,84311,109.3
fe-2015-16-r2-putrajaya-race,fe-2015-16-r2-putrajaya,2015-16,2016,2,9,9,2,False,,23,nick-heidfeld,mahindra-racing-formula-e-team,33,+52.904,,52904,,False,27,1:23.366,83366,110.5
fe-2015-16-r2-putrajaya-race,fe-2015-16-r2-putrajaya,2015-16,2016,2,10,10,1,False,,8,nicolas-prost,renault-e-dams,33,+53.695,,53695,,False,17,1:23.240,83240,110.7
fe-2015-16-r2-putrajaya-race,fe-2015-16-r2-putrajaya,2015-16,2016,2,11,11,0,False,,12,jacques-villeneuve,venturi-formula-e-team,33,+58.698,,58698,,False,3,1:24.753,84753,108.7
fe-2015-16-r2-putrajaya-race,fe-2015-16-r2-putrajaya,2015-16,2016,2,13,13,0,False,,28,simona-de-silvestro,andretti-formula-e-race-team,33,+1:24.464,,84464,,False,2,1:25.872,85872,107.3
fe-2015-16-r2-putrajaya-race,fe-2015-16-r2-putrajaya,2015-16,2016,2,14,14,0,False,,7,jerome-d-ambrosio,dragon-racing,32,1 Lap,,,1,False,22,1:24.060,84060,109.6
fe-2015-16-r2-putrajaya-race,fe-2015-16-r2-putrajaya,2015-16,2016,2,15,15,0,False,,77,nathanael-berthon,team-aguri,32,1 Lap,,,1,False,3,1:24.981,84981,108.4
fe-2015-16-r2-putrajaya-race,fe-2015-16-r2-putrajaya,2015-16,2016,2,16,16,0,False,,6,loic-duval,dragon-racing,29,4 Laps,,,4,False,13,1:23.827,83827,109.9
fe-2015-16-r3-punta-del-este-race,fe-2015-16-r3-punta-del-este,2015-16,2016,3,3,3,15,False,,7,jerome-d-ambrosio,dragon-racing,33,+6.725,,6725,,False,22,1:17.789,77789,128.9
fe-2015-16-r3-punta-del-este-race,fe-2015-16-r3-punta-del-este,2015-16,2016,3,4,4,12,False,,6,loic-duval,dragon-racing,33,+6.807,,6807,,False,26,1:17.804,77804,128.9
fe-2015-16-r3-punta-del-este-race,fe-2015-16-r3-punta-del-este,2015-16,2016,3,5,5,10,False,,8,nicolas-prost,renault-e-dams,33,+21.057,,21057,,False,23,1:18.599,78599,127.6
fe-2015-16-r3-punta-del-este-race,fe-2015-16-r3-punta-del-este,2015-16,2016,3,9,9,2,False,,4,stephane-sarrazin,venturi-formula-e-team,33,+1:03.559,,63559,,False,6,1:19.636,79636,125.9
fe-2015-16-r3-punta-del-este-race,fe-2015-16-r3-punta-del-este,2015-16,2016,3,11,11,0,False,,28,simona-de-silvestro,andretti-formula-e-race-team,32,1 Lap,,,1,False,22,1:20.453,80453,124.6
fe-2015-16-r3-punta-del-este-race,fe-2015-16-r3-punta-del-este,2015-16,2016,3,14,14,0,False,,77,nathanael-berthon,team-aguri,32,1 Lap,,,1,False,25,1:19.036,79036,126.9
fe-2015-16-r3-punta-del-este-race,fe-2015-16-r3-punta-del-este,2015-16,2016,3,16,,0,False,NC,21,bruno-senna,mahindra-racing-formula-e-team,26,40:37.867,,,,False,10,1:19.932,79932,125.4
fe-2015-16-r4-buenos-aires-race,fe-2015-16-r4-buenos-aires,2015-16,2016,4,4,4,12,False,,4,stephane-sarrazin,venturi-formula-e-team,35,+9.415,,9415,,False,31,1:11.610,71610,124.7
fe-2015-16-r4-buenos-aires-race,fe-2015-16-r4-buenos-aires,2015-16,2016,4,5,5,10,False,,8,nicolas-prost,renault-e-dams,35,+11.316,,11316,,False,33,1:11.495,71495,124.9
fe-2015-16-r4-buenos-aires-race,fe-2015-16-r4-buenos-aires,2015-16,2016,4,6,6,8,False,,6,loic-duval,dragon-racing,35,+15.660,,15660,,False,32,1:11.532,71532,124.8
fe-2015-16-r4-buenos-aires-race,fe-2015-16-r4-buenos-aires,2015-16,2016,4,7,7,6,False,,23,nick-heidfeld,mahindra-racing-formula-e-team,35,+16.444,,16444,,False,32,1:11.560,71560,124.8
fe-2015-16-r4-buenos-aires-race,fe-2015-16-r4-buenos-aires,2015-16,2016,4,10,10,1,False,,21,bruno-senna,mahindra-racing-formula-e-team,35,+22.456,,22456,,False,29,1:11.715,71715,124.5
fe-2015-16-r4-buenos-aires-race,fe-2015-16-r4-buenos-aires,2015-16,2016,4,14,14,0,False,,28,simona-de-silvestro,andretti-formula-e-race-team,35,+36.171,,36171,,False,27,1:12.875,72875,122.5
fe-2015-16-r4-buenos-aires-race,fe-2015-16-r4-buenos-aires,2015-16,2016,4,15,15,0,False,,12,mike-conway,venturi-formula-e-team,35,+39.581,,39581,,False,30,1:12.216,72216,123.6
fe-2015-16-r4-buenos-aires-race,fe-2015-16-r4-buenos-aires,2015-16,2016,4,16,16,2,False,,7,jerome-d-ambrosio,dragon-racing,34,1 Lap,,,1,True,29,1:10.285,70285,127
fe-2015-16-r4-buenos-aires-race,fe-2015-16-r4-buenos-aires,2015-16,2016,4,18,,0,False,NC,77,salvador-duran,team-aguri,14,17:29.096,,,,False,12,1:12.852,72852,122.5
fe-2015-16-r5-mexico-city-race,fe-2015-16-r5-mexico-city,2015-16,2016,5,1,1,25,False,,7,jerome-d-ambrosio,dragon-racing,43,48:28.409,2908409,,,False,26,1:05.400,65400,115.2
fe-2015-16-r5-mexico-city-race,fe-2015-16-r5-mexico-city,2015-16,2016,5,3,3,17,False,,8,nicolas-prost,renault-e-dams,43,+25.537,,25537,,True,29,1:04.569,64569,116.6
fe-2015-16-r5-mexico-city-race,fe-2015-16-r5-mexico-city,2015-16,2016,5,4,4,12,False,,6,loic-duval,dragon-racing,43,+26.358,,26358,,False,26,1:04.840,64840,116.2
fe-2015-16-r5-mexico-city-race,fe-2015-16-r5-mexico-city,2015-16,2016,5,8,8,4,False,,23,nick-heidfeld,mahindra-racing-formula-e-team,43,+36.373,,36373,,False,33,1:06.177,66177,113.8
fe-2015-16-r5-mexico-city-race,fe-2015-16-r5-mexico-city,2015-16,2016,5,9,9,2,False,,4,stephane-sarrazin,venturi-formula-e-team,43,+37.291,,37291,,False,30,1:05.879,65879,114.3
fe-2015-16-r5-mexico-city-race,fe-2015-16-r5-mexico-city,2015-16,2016,5,10,10,1,False,,21,bruno-senna,mahindra-racing-formula-e-team,43,+37.603,,37603,,False,24,1:06.019,66019,114.1
fe-2015-16-r5-mexico-city-race,fe-2015-16-r5-mexico-city,2015-16,2016,5,12,12,0,False,,12,mike-conway,venturi-formula-e-team,43,+38.790,,38790,,False,24,1:04.965,64965,115.9
fe-2015-16-r5-mexico-city-race,fe-2015-16-r5-mexico-city,2015-16,2016,5,14,14,0,False,,28,simona-de-silvestro,andretti-formula-e-race-team,43,+43.971,,43971,,False,27,1:05.979,65979,114.1
fe-2015-16-r5-mexico-city-race,fe-2015-16-r5-mexico-city,2015-16,2016,5,15,15,0,False,,77,salvador-duran,team-aguri,43,+1:03.082,,63082,,False,28,1:05.996,65996,114.1
fe-2015-16-r6-long-beach-race,fe-2015-16-r6-long-beach,2015-16,2016,6,2,2,18,False,,4,stephane-sarrazin,venturi-formula-e-team,41,+0.787,,787,,False,40,58.849,58849,130.4
fe-2015-16-r6-long-beach-race,fe-2015-16-r6-long-beach,2015-16,2016,6,4,4,12,False,,23,nick-heidfeld,mahindra-racing-formula-e-team,41,+2.343,,2343,,False,31,58.670,58670,130.8
fe-2015-16-r6-long-beach-race,fe-2015-16-r6-long-beach,2015-16,2016,6,5,5,10,False,,21,bruno-senna,mahindra-racing-formula-e-team,41,+4.968,,4968,,False,40,59.174,59174,129.6
fe-2015-16-r6-long-beach-race,fe-2015-16-r6-long-beach,2015-16,2016,6,7,7,6,False,,7,jerome-d-ambrosio,dragon-racing,41,+6.735,,6735,,False,40,59.261,59261,129.5
fe-2015-16-r6-long-beach-race,fe-2015-16-r6-long-beach,2015-16,2016,6,8,8,4,False,,6,loic-duval,dragon-racing,41,+8.057,,8057,,False,40,59.196,59196,129.6
fe-2015-16-r6-long-beach-race,fe-2015-16-r6-long-beach,2015-16,2016,6,9,9,2,False,,28,simona-de-silvestro,andretti-formula-e-race-team,41,+10.505,,10505,,False,40,59.681,59681,128.5
fe-2015-16-r6-long-beach-race,fe-2015-16-r6-long-beach,2015-16,2016,6,10,10,1,False,,12,mike-conway,venturi-formula-e-team,41,+10.900,,10900,,False,24,59.013,59013,130
fe-2015-16-r6-long-beach-race,fe-2015-16-r6-long-beach,2015-16,2016,6,11,11,0,False,,8,nicolas-prost,renault-e-dams,41,+11.205,,11205,,False,33,59.298,59298,129.4
fe-2015-16-r6-long-beach-race,fe-2015-16-r6-long-beach,2015-16,2016,6,14,14,0,False,,77,salvador-duran,team-aguri,40,1 Lap,,,1,False,39,59.230,59230,129.5
fe-2015-16-r7-paris-race,fe-2015-16-r7-paris,2015-16,2016,7,4,4,12,False,,8,nicolas-prost,renault-e-dams,45,+2.142,,2142,,False,28,1:02.905,62905,109.9
fe-2015-16-r7-paris-race,fe-2015-16-r7-paris,2015-16,2016,7,5,5,10,False,,4,stephane-sarrazin,venturi-formula-e-team,45,+3.044,,3044,,False,30,1:02.804,62804,110.1
fe-2015-16-r7-paris-race,fe-2015-16-r7-paris,2015-16,2016,7,9,9,2,False,,21,bruno-senna,mahindra-racing-formula-e-team,45,+8.433,,8433,,False,33,1:03.018,63018,109.7
fe-2015-16-r7-paris-race,fe-2015-16-r7-paris,2015-16,2016,7,11,11,0,False,,7,jerome-d-ambrosio,dragon-racing,45,+10.738,,10738,,False,38,1:03.608,63608,108.7
fe-2015-16-r7-paris-race,fe-2015-16-r7-paris,2015-16,2016,7,12,12,2,False,,23,nick-heidfeld,mahindra-racing-formula-e-team,45,+12.453,,12453,,True,39,1:02.323,62323,110.9
fe-2015-16-r7-paris-race,fe-2015-16-r7-paris,2015-16,2016,7,14,14,0,False,,12,mike-conway,venturi-formula-e-team,45,+14.833,,14833,,False,38,1:03.289,63289,109.2
fe-2015-16-r7-paris-race,fe-2015-16-r7-paris,2015-16,2016,7,15,15,0,False,,28,simona-de-silvestro,andretti-formula-e-race-team,45,+16.049,,16049,,False,31,1:03.583,63583,108.7
fe-2015-16-r7-paris-race,fe-2015-16-r7-paris,2015-16,2016,7,17,,0,False,NC,77,ma-qinghua,team-aguri,38,44:11.508,,,,False,17,1:04.471,64471,107.2
fe-2015-16-r7-paris-race,fe-2015-16-r7-paris,2015-16,2016,7,18,,0,False,NC,6,loic-duval,dragon-racing,4,4:26.777,,,,False,4,1:05.175,65175,106.1
fe-2015-16-r8-berlin-race,fe-2015-16-r8-berlin,2015-16,2016,8,4,4,12,False,,8,nicolas-prost,renault-e-dams,48,+3.328,,3328,,False,32,1:00.007,60007,115.6
fe-2015-16-r8-berlin-race,fe-2015-16-r8-berlin,2015-16,2016,8,7,7,6,False,,23,nick-heidfeld,mahindra-racing-formula-e-team,48,+7.700,,7700,,False,34,1:00.607,60607,114.5
fe-2015-16-r8-berlin-race,fe-2015-16-r8-berlin,2015-16,2016,8,8,8,4,False,,12,mike-conway,venturi-formula-e-team,48,+8.305,,8305,,False,38,59.901,59901,115.8
fe-2015-16-r8-berlin-race,fe-2015-16-r8-berlin,2015-16,2016,8,9,9,2,False,,28,simona-de-silvestro,andretti-formula-e-race-team,48,+12.473,,12473,,False,35,1:00.582,60582,114.5
fe-2015-16-r8-berlin-race,fe-2015-16-r8-berlin,2015-16,2016,8,10,10,1,False,,4,stephane-sarrazin,venturi-formula-e-team,48,+13.241,,13241,,False,35,1:00.496,60496,114.7
fe-2015-16-r8-berlin-race,fe-2015-16-r8-berlin,2015-16,2016,8,14,14,0,False,,77,ma-qinghua,team-aguri,47,1 Lap,,,1,False,13,1:01.957,61957,112
fe-2015-16-r8-berlin-race,fe-2015-16-r8-berlin,2015-16,2016,8,15,15,2,False,,21,bruno-senna,mahindra-racing-formula-e-team,46,2 Laps,,,2,True,39,59.067,59067,117.4
fe-2015-16-r8-berlin-race,fe-2015-16-r8-berlin,2015-16,2016,8,16,16,0,False,,7,jerome-d-ambrosio,dragon-racing,45,3 Laps,,,3,False,38,59.070,59070,117.4
fe-2015-16-r8-berlin-race,fe-2015-16-r8-berlin,2015-16,2016,8,18,,0,False,NC,6,loic-duval,dragon-racing,39,43:26.398,,,,False,33,1:00.108,60108,115.4
fe-2015-16-r9-london-race,fe-2015-16-r9-london,2015-16,2016,9,1,1,25,False,,8,nicolas-prost,renault-e-dams,33,53:56.653,3236653,,,False,28,1:27.571,87571,120.2
fe-2015-16-r9-london-race,fe-2015-16-r9-london,2015-16,2016,9,2,2,18,False,,21,bruno-senna,mahindra-racing-formula-e-team,33,+5.244,,5244,,False,15,1:27.868,87868,119.8
fe-2015-16-r9-london-race,fe-2015-16-r9-london,2015-16,2016,9,8,8,4,False,,7,jerome-d-ambrosio,dragon-racing,33,+12.106,,12106,,False,25,1:28.247,88247,119.3
fe-2015-16-r9-london-race,fe-2015-16-r9-london,2015-16,2016,9,9,9,2,False,,12,mike-conway,venturi-formula-e-team,33,+12.456,,12456,,False,30,1:27.592,87592,120.2
fe-2015-16-r9-london-race,fe-2015-16-r9-london,2015-16,2016,9,10,10,1,False,,4,stephane-sarrazin,venturi-formula-e-team,33,+15.918,,15918,,False,28,1:27.052,87052,121
fe-2015-16-r9-london-race,fe-2015-16-r9-london,2015-16,2016,9,11,11,0,False,,77,ma-qinghua,team-aguri,33,+38.400,,38400,,False,28,1:29.774,89774,117.3
fe-2015-16-r9-london-race,fe-2015-16-r9-london,2015-16,2016,9,13,13,0,False,,23,nick-heidfeld,mahindra-racing-formula-e-team,33,+1:01.264,,61264,,False,27,1:28.169,88169,119.4
fe-2015-16-r9-london-race,fe-2015-16-r9-london,2015-16,2016,9,14,14,0,False,,28,simona-de-silvestro,andretti-formula-e-race-team,33,+1:03.079,,63079,,False,28,1:27.949,87949,119.7
fe-2015-16-r9-london-race,fe-2015-16-r9-london,2015-16,2016,9,16,,0,False,NC,6,loic-duval,dragon-racing,23,39:17.734,,,,False,6,1:29.439,89439,117.7
fe-2015-16-r10-london-race,fe-2015-16-r10-london,2015-16,2016,10,1,1,25,False,,8,nicolas-prost,renault-e-dams,33,56:32.648,3392648,,,False,27,1:27.096,87096,120.9
fe-2015-16-r10-london-race,fe-2015-16-r10-london,2015-16,2016,10,3,3,15,False,,7,jerome-d-ambrosio,dragon-racing,33,+22.524,,22524,,False,22,1:27.488,87488,120.4
fe-2015-16-r10-london-race,fe-2015-16-r10-london,2015-16,2016,10,4,4,12,False,,6,loic-duval,dragon-racing,33,+23.290,,23290,,False,22,1:27.301,87301,120.6
fe-2015-16-r10-london-race,fe-2015-16-r10-london,2015-16,2016,10,5,5,10,False,,4,stephane-sarrazin,venturi-formula-e-team,33,+24.984,,24984,,False,28,1:27.038,87038,121
fe-2015-16-r10-london-race,fe-2015-16-r10-london,2015-16,2016,10,6,6,8,False,,21,bruno-senna,mahindra-racing-formula-e-team,33,+27.174,,27174,,False,28,1:26.892,86892,121.2
fe-2015-16-r10-london-race,fe-2015-16-r10-london,2015-16,2016,10,7,7,6,False,,23,nick-heidfeld,mahindra-racing-formula-e-team,33,+1:07.544,,67544,,False,29,1:27.691,87691,120.1
fe-2015-16-r10-london-race,fe-2015-16-r10-london,2015-16,2016,10,12,12,0,False,,77,ma-qinghua,team-aguri,32,1 Lap,,,1,False,16,1:28.432,88432,119.1
fe-2015-16-r10-london-race,fe-2015-16-r10-london,2015-16,2016,10,13,13,0,False,,12,mike-conway,venturi-formula-e-team,32,1 Lap,,,1,False,30,1:26.983,86983,121.1
fe-2015-16-r10-london-race,fe-2015-16-r10-london,2015-16,2016,10,17,,0,False,NC,28,simona-de-silvestro,andretti-formula-e-race-team,9,17:44.286,,,,False,5,1:30.475,90475,116.4
fe-2015-16-r10-london-qualifying,fe-2015-16-r10-london,2015-16,2016,10,2,2,,False,,8,nicolas-prost,renault-e-dams,3,1:37.581,97581,284,,False,3,1:37.581,97581,126.9
fe-2015-16-r10-london-qualifying,fe-2015-16-r10-london,2015-16,2016,10,3,3,,False,,23,nick-heidfeld,mahindra-racing-formula-e-team,3,1:38.339,98339,1042,,False,3,1:38.339,98339,125.9
fe-2015-16-r9-london-qualifying,fe-2015-16-r9-london,2015-16,2016,9,2,2,,False,,4,stephane-sarrazin,venturi-formula-e-team,3,1:20.639,80639,443,,False,3,1:20.639,80639,114.3
fe-2015-16-r9-london-qualifying,fe-2015-16-r9-london,2015-16,2016,9,3,3,,False,,6,loic-duval,dragon-racing,3,1:20.886,80886,690,,False,3,1:20.886,80886,113.9
fe-2015-16-r9-london-qualifying,fe-2015-16-r9-london,2015-16,2016,9,5,5,,False,,8,nicolas-prost,renault-e-dams,2,1:21.786,81786,1590,,False,2,1:21.786,81786,112.7
fe-2015-16-r3-punta-del-este-qualifying,fe-2015-16-r3-punta-del-este,2015-16,2016,3,4,,,False,NC,21,bruno-senna,mahindra-racing-formula-e-team,2,,,,,False,0,,,
fe-2015-16-r4-buenos-aires-qualifying,fe-2015-16-r4-buenos-aires,2015-16,2016,4,4,4,,False,,4,stephane-sarrazin,venturi-formula-e-team,3,1:02.550,62550,934,,False,2,1:02.550,62550,110.5
fe-2015-16-r4-buenos-aires-qualifying,fe-2015-16-r4-buenos-aires,2015-16,2016,4,5,5,,False,,8,nicolas-prost,renault-e-dams,3,1:02.709,62709,1093,,False,2,1:02.709,62709,110.2
fe-2015-16-r5-mexico-city-qualifying,fe-2015-16-r5-mexico-city,2015-16,2016,5,4,4,,False,,4,stephane-sarrazin,venturi-formula-e-team,2,57.412,57412,214,,False,2,57.412,57412,133.6
fe-2015-16-r5-mexico-city-qualifying,fe-2015-16-r5-mexico-city,2015-16,2016,5,5,5,,False,,23,nick-heidfeld,mahindra-racing-formula-e-team,3,57.825,57825,627,,False,2,57.825,57825,132.7
fe-2015-16-r6-long-beach-qualifying,fe-2015-16-r6-long-beach,2015-16,2016,6,1,1,,True,,7,jerome-d-ambrosio,dragon-racing,3,1:03.705,63705,,,False,2,1:03.705,63705,118.2
fe-2015-16-r6-long-beach-qualifying,fe-2015-16-r6-long-beach,2015-16,2016,6,2,2,,False,,8,nicolas-prost,renault-e-dams,3,1:04.013,64013,308,,False,2,1:04.013,64013,117.7
fe-2015-16-r7-paris-qualifying,fe-2015-16-r7-paris,2015-16,2016,7,2,2,,False,,8,nicolas-prost,renault-e-dams,3,1:09.751,69751,331,,False,2,1:09.751,69751,128
fe-2015-16-r7-paris-qualifying,fe-2015-16-r7-paris,2015-16,2016,7,4,4,,False,,4,stephane-sarrazin,venturi-formula-e-team,3,1:10.298,70298,878,,False,2,1:10.298,70298,127
fe-2015-16-r7-paris-qualifying,fe-2015-16-r7-paris,2015-16,2016,7,5,5,,False,,12,mike-conway,venturi-formula-e-team,3,1:12.391,72391,2971,,False,2,1:12.391,72391,123.3
fe-2015-16-r8-berlin-qualifying,fe-2015-16-r8-berlin,2015-16,2016,8,1,1,,True,,7,jerome-d-ambrosio,dragon-racing,3,1:15.498,75498,,,False,2,1:15.498,75498,132.8
fe-2015-16-r8-berlin-qualifying,fe-2015-16-r8-berlin,2015-16,2016,8,2,2,,False,,6,loic-duval,dragon-racing,3,1:15.875,75875,377,,False,2,1:15.875,75875,132.1
