seasonKey,year,positionNumber,constructorId,points,championshipWon
2015-16,2016,1,renault-e-dams,270,True
2015-16,2016,2,abt-schaeffler-audi-sport,221,False
2015-16,2016,3,ds-virgin-racing-formula-e-team,144,False
2015-16,2016,4,dragon-racing-formula-e-team,143,False
2015-16,2016,5,mahindra-racing-formula-e-team,105,False
2015-16,2016,6,venturi-formula-e-team,77,False
2015-16,2016,7,andretti-formula-e-team,49,False
2015-16,2016,8,team-aguri,32,False
2015-16,2016,9,nextev-tcr-formula-e-team,19,False
